{
    "H": 1.39,
    "2H (D)": 13400.0,
    "He": 24.0,
    "Li": 83.5,
    "Be": 857.0,
    "B": 3.68,
    "C": 0.12,
    "N": 0.14,
    "O": 0.15,
    "F": 2.0,
    "Ne": 240.0,
    "Na": 3.0,
    "Mg": 2.32,
    "Al": 1.79,
    "Si": 1.7,
    "P": 2.69,
    "S": 0.09,
    "Cl": 0.08,
    "Ar": 0.93,
    "K": 12.85,
    "Ca": 2.2800000000000002,
    "Sc": 3460.0,
    "Ti": 11.399999999999999,
    "V": 371.0,
    "Cr": 9.4,
    "Mn": 1.82,
    "Fe": 0.42,
    "Co": 32.8,
    "Ni": 13.9,
    "Cu": 6.0,
    "Zn": 2.55,
    "Ga": 148.0,
    "Ge": 962.0,
    "As": 1.1545,
    "Se": 21.4,
    "Br": 4.39,
    "Kr": 290.0,
    "Rb": 15500.0,
    "Sr": 6.605,
    "Y": 31.0,
    "Zr": 36.400000000000006,
    "Nb": 73.5,
    "Mo": 40.1,
    "Tc": 100000.0,
    "99mTc": 1900000000000.0,
    "Ru": 10500.0,
    "Rh": 147000.0,
    "Pd": 49500.0,
    "Ag": 521.0,
    "Cd": 2.73,
    "In": 167.0,
    "Sn": 18.7,
    "Sb": 5.79,
    "Te": 63.5,
    "I": 35.0,
    "Xe": 1800.0,
    "Cs": 61800.0,
    "Ba": 0.2605,
    "La": 4.85,
    "Ce": 4.640000000000001,
    "Pr": 103.0,
    "Nd": 57.5,
    "147Pm": 460000.0,
    "Sm": 13.9,
    "Eu": 31.4,
    "Gd": 28.6,
    "Tb": 658.0,
    "Dy": 307.0,
    "Ho": 57.1,
    "Er": 26.4,
    "Tm": 3000.0,
    "Yb": 17.1,
    "Lu": 643.0,
    "Hf": 900.0,
    "Ta": 305.0,
    "W": 35.3,
    "Re": 3580.0,
    "Os": 12000.0,
    "Ir": 55850.0,
    "Pt": 27800.0,
    "Au": 44800.0,
    "Hg": 30.2,
    "Tl": 4200.0,
    "Pb": 2.0,
    "Bi": 6.36,
    "209Po": 49200000000000.0,
    "225Ac": 29000000000000.0,
    "Th": 287.0,
    "U": 101.0,
    "Np": 660000.0,
    "239Pu": 6490000.0,
    "241Am": 728000.0,
    "243Am": 750000.0,
    "244Cm": 185000000.0,
    "248Cm": 160000000000.0,
    "249Bk": 185000000000.0,
    "249Cf": 185000000000.0,
    "252Cf": 60000000000.0
}