Discovery Mode,Tail Size (GT),Extrap. Precision,Tail Recall,Tail MAE,Breakdown,Method,Rel Threshold,Budget Ratio,Fold
high,270,0.5926,0.2963,0.1082,"High=270, Low=528",Control,0.5,0.5,0
high,450,0.6222,0.3111,0.1002,"High=450, Low=880",DIR,0.5,0.5,0
high,450,0.6578,0.3289,0.0885,"High=450, Low=880",BSAM,0.5,0.5,0
high,450,0.6489,0.3244,0.0931,"High=450, Low=880",DILA,0.5,0.5,0
high,270,0.5517,0.4148,0.1082,"High=270, Low=528",Control,0.5,0.75,0
high,450,0.5473,0.4111,0.1002,"High=450, Low=880",DIR,0.5,0.75,0
high,450,0.574,0.4311,0.0885,"High=450, Low=880",BSAM,0.5,0.75,0
high,450,0.5769,0.4333,0.0931,"High=450, Low=880",DILA,0.5,0.75,0
high,270,0.5074,0.5074,0.1082,"High=270, Low=528",Control,0.5,1.0,0
high,450,0.5333,0.5333,0.1002,"High=450, Low=880",DIR,0.5,1.0,0
high,450,0.5267,0.5267,0.0885,"High=450, Low=880",BSAM,0.5,1.0,0
high,450,0.5311,0.5311,0.0931,"High=450, Low=880",DILA,0.5,1.0,0
high,270,0.4675,0.5852,0.1082,"High=270, Low=528",Control,0.5,1.25,0
high,450,0.4849,0.6067,0.1002,"High=450, Low=880",DIR,0.5,1.25,0
high,450,0.4902,0.6133,0.0885,"High=450, Low=880",BSAM,0.5,1.25,0
high,450,0.4938,0.6178,0.0931,"High=450, Low=880",DILA,0.5,1.25,0
high,270,0.437,0.6556,0.1082,"High=270, Low=528",Control,0.5,1.5,0
high,450,0.4578,0.6867,0.1002,"High=450, Low=880",DIR,0.5,1.5,0
high,450,0.4548,0.6822,0.0885,"High=450, Low=880",BSAM,0.5,1.5,0
high,450,0.443,0.6644,0.0931,"High=450, Low=880",DILA,0.5,1.5,0
high,270,0.408,0.7148,0.1082,"High=270, Low=528",Control,0.5,1.75,0
high,450,0.4137,0.7244,0.1002,"High=450, Low=880",DIR,0.5,1.75,0
high,450,0.4226,0.74,0.0885,"High=450, Low=880",BSAM,0.5,1.75,0
high,450,0.4061,0.7111,0.0931,"High=450, Low=880",DILA,0.5,1.75,0
high,270,0.3778,0.7556,0.1082,"High=270, Low=528",Control,0.5,2.0,0
high,450,0.3911,0.7822,0.1002,"High=450, Low=880",DIR,0.5,2.0,0
high,450,0.3956,0.7911,0.0885,"High=450, Low=880",BSAM,0.5,2.0,0
high,450,0.3822,0.7644,0.0931,"High=450, Low=880",DILA,0.5,2.0,0
high,270,0.3618,0.8148,0.1082,"High=270, Low=528",Control,0.5,2.25,0
high,450,0.3613,0.8133,0.1002,"High=450, Low=880",DIR,0.5,2.25,0
high,450,0.3702,0.8333,0.0885,"High=450, Low=880",BSAM,0.5,2.25,0
high,450,0.3603,0.8111,0.0931,"High=450, Low=880",DILA,0.5,2.25,0
high,270,0.3467,0.8667,0.1082,"High=270, Low=528",Control,0.5,2.5,0
high,450,0.3369,0.8422,0.1002,"High=450, Low=880",DIR,0.5,2.5,0
high,450,0.344,0.86,0.0885,"High=450, Low=880",BSAM,0.5,2.5,0
high,450,0.3351,0.8378,0.0931,"High=450, Low=880",DILA,0.5,2.5,0
high,270,0.3203,0.8815,0.1082,"High=270, Low=528",Control,0.5,2.75,0
high,450,0.3174,0.8733,0.1002,"High=450, Low=880",DIR,0.5,2.75,0
high,450,0.3247,0.8933,0.0885,"High=450, Low=880",BSAM,0.5,2.75,0
high,450,0.3199,0.88,0.0931,"High=450, Low=880",DILA,0.5,2.75,0
high,270,0.2988,0.8963,0.1082,"High=270, Low=528",Control,0.5,3.0,0
high,450,0.2993,0.8978,0.1002,"High=450, Low=880",DIR,0.5,3.0,0
high,450,0.3052,0.9156,0.0885,"High=450, Low=880",BSAM,0.5,3.0,0
high,450,0.3,0.9,0.0931,"High=450, Low=880",DILA,0.5,3.0,0
high,228,0.5789,0.2895,0.1114,"High=228, Low=459",Control,0.55,0.5,0
high,380,0.6421,0.3211,0.1019,"High=380, Low=765",DIR,0.55,0.5,0
high,380,0.6684,0.3342,0.0929,"High=380, Low=765",BSAM,0.55,0.5,0
high,380,0.6632,0.3316,0.092,"High=380, Low=765",DILA,0.55,0.5,0
high,228,0.5731,0.4298,0.1114,"High=228, Low=459",Control,0.55,0.75,0
high,380,0.5614,0.4211,0.1019,"High=380, Low=765",DIR,0.55,0.75,0
high,380,0.593,0.4447,0.0929,"High=380, Low=765",BSAM,0.55,0.75,0
high,380,0.6035,0.4526,0.092,"High=380, Low=765",DILA,0.55,0.75,0
high,228,0.5132,0.5132,0.1114,"High=228, Low=459",Control,0.55,1.0,0
high,380,0.5237,0.5237,0.1019,"High=380, Low=765",DIR,0.55,1.0,0
high,380,0.5342,0.5342,0.0929,"High=380, Low=765",BSAM,0.55,1.0,0
high,380,0.5342,0.5342,0.092,"High=380, Low=765",DILA,0.55,1.0,0
high,228,0.4667,0.5833,0.1114,"High=228, Low=459",Control,0.55,1.25,0
high,380,0.4905,0.6132,0.1019,"High=380, Low=765",DIR,0.55,1.25,0
high,380,0.4968,0.6211,0.0929,"High=380, Low=765",BSAM,0.55,1.25,0
high,380,0.4947,0.6184,0.092,"High=380, Low=765",DILA,0.55,1.25,0
high,228,0.4298,0.6447,0.1114,"High=228, Low=459",Control,0.55,1.5,0
high,380,0.4404,0.6605,0.1019,"High=380, Low=765",DIR,0.55,1.5,0
high,380,0.4439,0.6658,0.0929,"High=380, Low=765",BSAM,0.55,1.5,0
high,380,0.4632,0.6947,0.092,"High=380, Low=765",DILA,0.55,1.5,0
high,228,0.4035,0.7061,0.1114,"High=228, Low=459",Control,0.55,1.75,0
high,380,0.4165,0.7289,0.1019,"High=380, Low=765",DIR,0.55,1.75,0
high,380,0.4105,0.7184,0.0929,"High=380, Low=765",BSAM,0.55,1.75,0
high,380,0.412,0.7211,0.092,"High=380, Low=765",DILA,0.55,1.75,0
high,228,0.375,0.75,0.1114,"High=228, Low=459",Control,0.55,2.0,0
high,380,0.3763,0.7526,0.1019,"High=380, Low=765",DIR,0.55,2.0,0
high,380,0.3737,0.7474,0.0929,"High=380, Low=765",BSAM,0.55,2.0,0
high,380,0.3776,0.7553,0.092,"High=380, Low=765",DILA,0.55,2.0,0
high,228,0.3489,0.7851,0.1114,"High=228, Low=459",Control,0.55,2.25,0
high,380,0.3485,0.7842,0.1019,"High=380, Low=765",DIR,0.55,2.25,0
high,380,0.3556,0.8,0.0929,"High=380, Low=765",BSAM,0.55,2.25,0
high,380,0.352,0.7921,0.092,"High=380, Low=765",DILA,0.55,2.25,0
high,228,0.3246,0.8114,0.1114,"High=228, Low=459",Control,0.55,2.5,0
high,380,0.3326,0.8316,0.1019,"High=380, Low=765",DIR,0.55,2.5,0
high,380,0.3326,0.8316,0.0929,"High=380, Low=765",BSAM,0.55,2.5,0
high,380,0.3305,0.8263,0.092,"High=380, Low=765",DILA,0.55,2.5,0
high,228,0.3062,0.8421,0.1114,"High=228, Low=459",Control,0.55,2.75,0
high,380,0.3081,0.8474,0.1019,"High=380, Low=765",DIR,0.55,2.75,0
high,380,0.311,0.8553,0.0929,"High=380, Low=765",BSAM,0.55,2.75,0
high,380,0.311,0.8553,0.092,"High=380, Low=765",DILA,0.55,2.75,0
high,228,0.2909,0.8728,0.1114,"High=228, Low=459",Control,0.55,3.0,0
high,380,0.293,0.8789,0.1019,"High=380, Low=765",DIR,0.55,3.0,0
high,380,0.2921,0.8763,0.0929,"High=380, Low=765",BSAM,0.55,3.0,0
high,380,0.2921,0.8763,0.092,"High=380, Low=765",DILA,0.55,3.0,0
high,189,0.5263,0.2646,0.113,"High=189, Low=399",Control,0.6,0.5,0
high,315,0.6392,0.3206,0.1006,"High=315, Low=665",DIR,0.6,0.5,0
high,315,0.6266,0.3143,0.0919,"High=315, Low=665",BSAM,0.6,0.5,0
high,315,0.5886,0.2952,0.0916,"High=315, Low=665",DILA,0.6,0.5,0
high,189,0.5211,0.3915,0.113,"High=189, Low=399",Control,0.6,0.75,0
high,315,0.5274,0.3968,0.1006,"High=315, Low=665",DIR,0.6,0.75,0
high,315,0.5612,0.4222,0.0919,"High=315, Low=665",BSAM,0.6,0.75,0
high,315,0.5738,0.4317,0.0916,"High=315, Low=665",DILA,0.6,0.75,0
high,189,0.4868,0.4868,0.113,"High=189, Low=399",Control,0.6,1.0,0
high,315,0.4698,0.4698,0.1006,"High=315, Low=665",DIR,0.6,1.0,0
high,315,0.4952,0.4952,0.0919,"High=315, Low=665",BSAM,0.6,1.0,0
high,315,0.5048,0.5048,0.0916,"High=315, Low=665",DILA,0.6,1.0,0
high,189,0.4304,0.5397,0.113,"High=189, Low=399",Control,0.6,1.25,0
high,315,0.4492,0.5619,0.1006,"High=315, Low=665",DIR,0.6,1.25,0
high,315,0.4645,0.581,0.0919,"High=315, Low=665",BSAM,0.6,1.25,0
high,315,0.4721,0.5905,0.0916,"High=315, Low=665",DILA,0.6,1.25,0
high,189,0.3979,0.5979,0.113,"High=189, Low=399",Control,0.6,1.5,0
high,315,0.4271,0.6413,0.1006,"High=315, Low=665",DIR,0.6,1.5,0
high,315,0.4313,0.6476,0.0919,"High=315, Low=665",BSAM,0.6,1.5,0
high,315,0.4271,0.6413,0.0916,"High=315, Low=665",DILA,0.6,1.5,0
high,189,0.3746,0.6561,0.113,"High=189, Low=399",Control,0.6,1.75,0
high,315,0.3841,0.673,0.1006,"High=315, Low=665",DIR,0.6,1.75,0
high,315,0.3913,0.6857,0.0919,"High=315, Low=665",BSAM,0.6,1.75,0
high,315,0.4022,0.7048,0.0916,"High=315, Low=665",DILA,0.6,1.75,0
high,189,0.3519,0.7037,0.113,"High=189, Low=399",Control,0.6,2.0,0
high,315,0.3651,0.7302,0.1006,"High=315, Low=665",DIR,0.6,2.0,0
high,315,0.3667,0.7333,0.0919,"High=315, Low=665",BSAM,0.6,2.0,0
high,315,0.3667,0.7333,0.0916,"High=315, Low=665",DILA,0.6,2.0,0
high,189,0.3404,0.7672,0.113,"High=189, Low=399",Control,0.6,2.25,0
high,315,0.3413,0.7683,0.1006,"High=315, Low=665",DIR,0.6,2.25,0
high,315,0.3385,0.7619,0.0919,"High=315, Low=665",BSAM,0.6,2.25,0
high,315,0.3343,0.7524,0.0916,"High=315, Low=665",DILA,0.6,2.25,0
high,189,0.315,0.7884,0.113,"High=189, Low=399",Control,0.6,2.5,0
high,315,0.3122,0.781,0.1006,"High=315, Low=665",DIR,0.6,2.5,0
high,315,0.3198,0.8,0.0919,"High=315, Low=665",BSAM,0.6,2.5,0
high,315,0.3147,0.7873,0.0916,"High=315, Low=665",DILA,0.6,2.5,0
high,189,0.2942,0.8095,0.113,"High=189, Low=399",Control,0.6,2.75,0
high,315,0.2964,0.8159,0.1006,"High=315, Low=665",DIR,0.6,2.75,0
high,315,0.2987,0.8222,0.0919,"High=315, Low=665",BSAM,0.6,2.75,0
high,315,0.2953,0.8127,0.0916,"High=315, Low=665",DILA,0.6,2.75,0
high,189,0.2769,0.8307,0.113,"High=189, Low=399",Control,0.6,3.0,0
high,315,0.2857,0.8571,0.1006,"High=315, Low=665",DIR,0.6,3.0,0
high,315,0.2847,0.854,0.0919,"High=315, Low=665",BSAM,0.6,3.0,0
high,315,0.2815,0.8444,0.0916,"High=315, Low=665",DILA,0.6,3.0,0
high,147,0.5405,0.2721,0.1051,"High=147, Low=354",Control,0.65,0.5,0
high,245,0.6341,0.3184,0.0985,"High=245, Low=590",DIR,0.65,0.5,0
high,245,0.6423,0.3224,0.0908,"High=245, Low=590",BSAM,0.65,0.5,0
high,245,0.5935,0.298,0.0869,"High=245, Low=590",DILA,0.65,0.5,0
high,147,0.4865,0.3673,0.1051,"High=147, Low=354",Control,0.65,0.75,0
high,245,0.5489,0.4122,0.0985,"High=245, Low=590",DIR,0.65,0.75,0
high,245,0.5815,0.4367,0.0908,"High=245, Low=590",BSAM,0.65,0.75,0
high,245,0.5489,0.4122,0.0869,"High=245, Low=590",DILA,0.65,0.75,0
high,147,0.4966,0.4966,0.1051,"High=147, Low=354",Control,0.65,1.0,0
high,245,0.4776,0.4776,0.0985,"High=245, Low=590",DIR,0.65,1.0,0
high,245,0.5184,0.5184,0.0908,"High=245, Low=590",BSAM,0.65,1.0,0
high,245,0.5306,0.5306,0.0869,"High=245, Low=590",DILA,0.65,1.0,0
high,147,0.4565,0.5714,0.1051,"High=147, Low=354",Control,0.65,1.25,0
high,245,0.4267,0.5347,0.0985,"High=245, Low=590",DIR,0.65,1.25,0
high,245,0.4658,0.5837,0.0908,"High=245, Low=590",BSAM,0.65,1.25,0
high,245,0.4723,0.5918,0.0869,"High=245, Low=590",DILA,0.65,1.25,0
high,147,0.4027,0.6054,0.1051,"High=147, Low=354",Control,0.65,1.5,0
high,245,0.394,0.5918,0.0985,"High=245, Low=590",DIR,0.65,1.5,0
high,245,0.4212,0.6327,0.0908,"High=245, Low=590",BSAM,0.65,1.5,0
high,245,0.4293,0.6449,0.0869,"High=245, Low=590",DILA,0.65,1.5,0
high,147,0.3566,0.6259,0.1051,"High=147, Low=354",Control,0.65,1.75,0
high,245,0.3846,0.6735,0.0985,"High=245, Low=590",DIR,0.65,1.75,0
high,245,0.3846,0.6735,0.0908,"High=245, Low=590",BSAM,0.65,1.75,0
high,245,0.3986,0.698,0.0869,"High=245, Low=590",DILA,0.65,1.75,0
high,147,0.3469,0.6939,0.1051,"High=147, Low=354",Control,0.65,2.0,0
high,245,0.3592,0.7184,0.0985,"High=245, Low=590",DIR,0.65,2.0,0
high,245,0.3592,0.7184,0.0908,"High=245, Low=590",BSAM,0.65,2.0,0
high,245,0.3673,0.7347,0.0869,"High=245, Low=590",DILA,0.65,2.0,0
high,147,0.3142,0.7075,0.1051,"High=147, Low=354",Control,0.65,2.25,0
high,245,0.3279,0.7388,0.0985,"High=245, Low=590",DIR,0.65,2.25,0
high,245,0.3279,0.7388,0.0908,"High=245, Low=590",BSAM,0.65,2.25,0
high,245,0.3478,0.7837,0.0869,"High=245, Low=590",DILA,0.65,2.25,0
high,147,0.2989,0.7483,0.1051,"High=147, Low=354",Control,0.65,2.5,0
high,245,0.31,0.7755,0.0985,"High=245, Low=590",DIR,0.65,2.5,0
high,245,0.3083,0.7714,0.0908,"High=245, Low=590",BSAM,0.65,2.5,0
high,245,0.3181,0.7959,0.0869,"High=245, Low=590",DILA,0.65,2.5,0
high,147,0.279,0.7687,0.1051,"High=147, Low=354",Control,0.65,2.75,0
high,245,0.2938,0.8082,0.0985,"High=245, Low=590",DIR,0.65,2.75,0
high,245,0.2908,0.8,0.0908,"High=245, Low=590",BSAM,0.65,2.75,0
high,245,0.2923,0.8041,0.0869,"High=245, Low=590",DILA,0.65,2.75,0
high,147,0.2653,0.7959,0.1051,"High=147, Low=354",Control,0.65,3.0,0
high,245,0.2735,0.8204,0.0985,"High=245, Low=590",DIR,0.65,3.0,0
high,245,0.268,0.8041,0.0908,"High=245, Low=590",BSAM,0.65,3.0,0
high,245,0.2776,0.8327,0.0869,"High=245, Low=590",DILA,0.65,3.0,0
high,126,0.6032,0.3016,0.1052,"High=126, Low=321",Control,0.7,0.5,0
high,210,0.6476,0.3238,0.0968,"High=210, Low=535",DIR,0.7,0.5,0
high,210,0.6762,0.3381,0.0882,"High=210, Low=535",BSAM,0.7,0.5,0
high,210,0.6286,0.3143,0.0826,"High=210, Low=535",DILA,0.7,0.5,0
high,126,0.5158,0.3889,0.1052,"High=126, Low=321",Control,0.7,0.75,0
high,210,0.5886,0.4429,0.0968,"High=210, Low=535",DIR,0.7,0.75,0
high,210,0.5886,0.4429,0.0882,"High=210, Low=535",BSAM,0.7,0.75,0
high,210,0.5506,0.4143,0.0826,"High=210, Low=535",DILA,0.7,0.75,0
high,126,0.4762,0.4762,0.1052,"High=126, Low=321",Control,0.7,1.0,0
high,210,0.5095,0.5095,0.0968,"High=210, Low=535",DIR,0.7,1.0,0
high,210,0.5476,0.5476,0.0882,"High=210, Low=535",BSAM,0.7,1.0,0
high,210,0.5238,0.5238,0.0826,"High=210, Low=535",DILA,0.7,1.0,0
high,126,0.462,0.5794,0.1052,"High=126, Low=321",Control,0.7,1.25,0
high,210,0.4487,0.5619,0.0968,"High=210, Low=535",DIR,0.7,1.25,0
high,210,0.4943,0.619,0.0882,"High=210, Low=535",BSAM,0.7,1.25,0
high,210,0.5019,0.6286,0.0826,"High=210, Low=535",DILA,0.7,1.25,0
high,126,0.4339,0.6508,0.1052,"High=126, Low=321",Control,0.7,1.5,0
high,210,0.4063,0.6095,0.0968,"High=210, Low=535",DIR,0.7,1.5,0
high,210,0.4444,0.6667,0.0882,"High=210, Low=535",BSAM,0.7,1.5,0
high,210,0.4476,0.6714,0.0826,"High=210, Low=535",DILA,0.7,1.5,0
high,126,0.3846,0.6746,0.1052,"High=126, Low=321",Control,0.7,1.75,0
high,210,0.3777,0.6619,0.0968,"High=210, Low=535",DIR,0.7,1.75,0
high,210,0.4049,0.7095,0.0882,"High=210, Low=535",BSAM,0.7,1.75,0
high,210,0.4076,0.7143,0.0826,"High=210, Low=535",DILA,0.7,1.75,0
high,126,0.3452,0.6905,0.1052,"High=126, Low=321",Control,0.7,2.0,0
high,210,0.3643,0.7286,0.0968,"High=210, Low=535",DIR,0.7,2.0,0
high,210,0.369,0.7381,0.0882,"High=210, Low=535",BSAM,0.7,2.0,0
high,210,0.381,0.7619,0.0826,"High=210, Low=535",DILA,0.7,2.0,0
high,126,0.3239,0.7302,0.1052,"High=126, Low=321",Control,0.7,2.25,0
high,210,0.3446,0.7762,0.0968,"High=210, Low=535",DIR,0.7,2.25,0
high,210,0.3362,0.7571,0.0882,"High=210, Low=535",BSAM,0.7,2.25,0
high,210,0.3488,0.7857,0.0826,"High=210, Low=535",DILA,0.7,2.25,0
high,126,0.3048,0.7619,0.1052,"High=126, Low=321",Control,0.7,2.5,0
high,210,0.3143,0.7857,0.0968,"High=210, Low=535",DIR,0.7,2.5,0
high,210,0.3162,0.7905,0.0882,"High=210, Low=535",BSAM,0.7,2.5,0
high,210,0.3276,0.819,0.0826,"High=210, Low=535",DILA,0.7,2.5,0
high,126,0.2795,0.7698,0.1052,"High=126, Low=321",Control,0.7,2.75,0
high,210,0.2889,0.7952,0.0968,"High=210, Low=535",DIR,0.7,2.75,0
high,210,0.2941,0.8095,0.0882,"High=210, Low=535",BSAM,0.7,2.75,0
high,210,0.3097,0.8524,0.0826,"High=210, Low=535",DILA,0.7,2.75,0
high,126,0.2672,0.8016,0.1052,"High=126, Low=321",Control,0.7,3.0,0
high,210,0.2794,0.8381,0.0968,"High=210, Low=535",DIR,0.7,3.0,0
high,210,0.2794,0.8381,0.0882,"High=210, Low=535",BSAM,0.7,3.0,0
high,210,0.2857,0.8571,0.0826,"High=210, Low=535",DILA,0.7,3.0,0
high,93,0.5957,0.3011,0.1025,"High=93, Low=249",Control,0.75,0.5,0
high,155,0.6538,0.329,0.098,"High=155, Low=415",DIR,0.75,0.5,0
high,155,0.7436,0.3742,0.0892,"High=155, Low=415",BSAM,0.75,0.5,0
high,155,0.6538,0.329,0.0848,"High=155, Low=415",DILA,0.75,0.5,0
high,93,0.5429,0.4086,0.1025,"High=93, Low=249",Control,0.75,0.75,0
high,155,0.5726,0.4323,0.098,"High=155, Low=415",DIR,0.75,0.75,0
high,155,0.6068,0.4581,0.0892,"High=155, Low=415",BSAM,0.75,0.75,0
high,155,0.547,0.4129,0.0848,"High=155, Low=415",DILA,0.75,0.75,0
high,93,0.4839,0.4839,0.1025,"High=93, Low=249",Control,0.75,1.0,0
high,155,0.529,0.529,0.098,"High=155, Low=415",DIR,0.75,1.0,0
high,155,0.5548,0.5548,0.0892,"High=155, Low=415",BSAM,0.75,1.0,0
high,155,0.5097,0.5097,0.0848,"High=155, Low=415",DILA,0.75,1.0,0
high,93,0.4274,0.5376,0.1025,"High=93, Low=249",Control,0.75,1.25,0
high,155,0.4639,0.5806,0.098,"High=155, Low=415",DIR,0.75,1.25,0
high,155,0.5103,0.6387,0.0892,"High=155, Low=415",BSAM,0.75,1.25,0
high,155,0.5,0.6258,0.0848,"High=155, Low=415",DILA,0.75,1.25,0
high,93,0.4143,0.6237,0.1025,"High=93, Low=249",Control,0.75,1.5,0
high,155,0.4249,0.6387,0.098,"High=155, Low=415",DIR,0.75,1.5,0
high,155,0.4678,0.7032,0.0892,"High=155, Low=415",BSAM,0.75,1.5,0
high,155,0.4678,0.7032,0.0848,"High=155, Low=415",DILA,0.75,1.5,0
high,93,0.3865,0.6774,0.1025,"High=93, Low=249",Control,0.75,1.75,0
high,155,0.386,0.6774,0.098,"High=155, Low=415",DIR,0.75,1.75,0
high,155,0.4228,0.7419,0.0892,"High=155, Low=415",BSAM,0.75,1.75,0
high,155,0.4301,0.7548,0.0848,"High=155, Low=415",DILA,0.75,1.75,0
high,93,0.3763,0.7527,0.1025,"High=93, Low=249",Control,0.75,2.0,0
high,155,0.3548,0.7097,0.098,"High=155, Low=415",DIR,0.75,2.0,0
high,155,0.3903,0.7806,0.0892,"High=155, Low=415",BSAM,0.75,2.0,0
high,155,0.3839,0.7677,0.0848,"High=155, Low=415",DILA,0.75,2.0,0
high,93,0.3429,0.7742,0.1025,"High=93, Low=249",Control,0.75,2.25,0
high,155,0.3266,0.7355,0.098,"High=155, Low=415",DIR,0.75,2.25,0
high,155,0.3524,0.7935,0.0892,"High=155, Low=415",BSAM,0.75,2.25,0
high,155,0.3467,0.7806,0.0848,"High=155, Low=415",DILA,0.75,2.25,0
high,93,0.3133,0.7849,0.1025,"High=93, Low=249",Control,0.75,2.5,0
high,155,0.3144,0.7871,0.098,"High=155, Low=415",DIR,0.75,2.5,0
high,155,0.317,0.7935,0.0892,"High=155, Low=415",BSAM,0.75,2.5,0
high,155,0.3222,0.8065,0.0848,"High=155, Low=415",DILA,0.75,2.5,0
high,93,0.2852,0.7849,0.1025,"High=93, Low=249",Control,0.75,2.75,0
high,155,0.2927,0.8065,0.098,"High=155, Low=415",DIR,0.75,2.75,0
high,155,0.2951,0.8129,0.0892,"High=155, Low=415",BSAM,0.75,2.75,0
high,155,0.2998,0.8258,0.0848,"High=155, Low=415",DILA,0.75,2.75,0
high,93,0.2724,0.8172,0.1025,"High=93, Low=249",Control,0.75,3.0,0
high,155,0.2774,0.8323,0.098,"High=155, Low=415",DIR,0.75,3.0,0
high,155,0.271,0.8129,0.0892,"High=155, Low=415",BSAM,0.75,3.0,0
high,155,0.2817,0.8452,0.0848,"High=155, Low=415",DILA,0.75,3.0,0
high,69,0.6,0.3043,0.0856,"High=69, Low=198",Control,0.8,0.5,0
high,115,0.5862,0.2957,0.082,"High=115, Low=330",DIR,0.8,0.5,0
high,115,0.7414,0.3739,0.0792,"High=115, Low=330",BSAM,0.8,0.5,0
high,115,0.6034,0.3043,0.0709,"High=115, Low=330",DILA,0.8,0.5,0
high,69,0.5385,0.4058,0.0856,"High=69, Low=198",Control,0.8,0.75,0
high,115,0.5517,0.4174,0.082,"High=115, Low=330",DIR,0.8,0.75,0
high,115,0.6552,0.4957,0.0792,"High=115, Low=330",BSAM,0.8,0.75,0
high,115,0.5517,0.4174,0.0709,"High=115, Low=330",DILA,0.8,0.75,0
high,69,0.4928,0.4928,0.0856,"High=69, Low=198",Control,0.8,1.0,0
high,115,0.5304,0.5304,0.082,"High=115, Low=330",DIR,0.8,1.0,0
high,115,0.5739,0.5739,0.0792,"High=115, Low=330",BSAM,0.8,1.0,0
high,115,0.5043,0.5043,0.0709,"High=115, Low=330",DILA,0.8,1.0,0
high,69,0.4483,0.5652,0.0856,"High=69, Low=198",Control,0.8,1.25,0
high,115,0.5069,0.6348,0.082,"High=115, Low=330",DIR,0.8,1.25,0
high,115,0.5417,0.6783,0.0792,"High=115, Low=330",BSAM,0.8,1.25,0
high,115,0.4722,0.5913,0.0709,"High=115, Low=330",DILA,0.8,1.25,0
high,69,0.4135,0.6232,0.0856,"High=69, Low=198",Control,0.8,1.5,0
high,115,0.4624,0.6957,0.082,"High=115, Low=330",DIR,0.8,1.5,0
high,115,0.4971,0.7478,0.0792,"High=115, Low=330",BSAM,0.8,1.5,0
high,115,0.4624,0.6957,0.0709,"High=115, Low=330",DILA,0.8,1.5,0
high,69,0.3884,0.6812,0.0856,"High=69, Low=198",Control,0.8,1.75,0
high,115,0.4356,0.7652,0.082,"High=115, Low=330",DIR,0.8,1.75,0
high,115,0.4653,0.8174,0.0792,"High=115, Low=330",BSAM,0.8,1.75,0
high,115,0.4505,0.7913,0.0709,"High=115, Low=330",DILA,0.8,1.75,0
high,69,0.3768,0.7536,0.0856,"High=69, Low=198",Control,0.8,2.0,0
high,115,0.3957,0.7913,0.082,"High=115, Low=330",DIR,0.8,2.0,0
high,115,0.4348,0.8696,0.0792,"High=115, Low=330",BSAM,0.8,2.0,0
high,115,0.4304,0.8609,0.0709,"High=115, Low=330",DILA,0.8,2.0,0
high,69,0.359,0.8116,0.0856,"High=69, Low=198",Control,0.8,2.25,0
high,115,0.3629,0.8174,0.082,"High=115, Low=330",DIR,0.8,2.25,0
high,115,0.3938,0.887,0.0792,"High=115, Low=330",BSAM,0.8,2.25,0
high,115,0.4015,0.9043,0.0709,"High=115, Low=330",DILA,0.8,2.25,0
high,69,0.341,0.8551,0.0856,"High=69, Low=198",Control,0.8,2.5,0
high,115,0.3472,0.8696,0.082,"High=115, Low=330",DIR,0.8,2.5,0
high,115,0.3611,0.9043,0.0792,"High=115, Low=330",BSAM,0.8,2.5,0
high,115,0.3681,0.9217,0.0709,"High=115, Low=330",DILA,0.8,2.5,0
high,69,0.3368,0.9275,0.0856,"High=69, Low=198",Control,0.8,2.75,0
high,115,0.3186,0.8783,0.082,"High=115, Low=330",DIR,0.8,2.75,0
high,115,0.3312,0.913,0.0792,"High=115, Low=330",BSAM,0.8,2.75,0
high,115,0.3407,0.9391,0.0709,"High=115, Low=330",DILA,0.8,2.75,0
high,69,0.3092,0.9275,0.0856,"High=69, Low=198",Control,0.8,3.0,0
high,115,0.2986,0.8957,0.082,"High=115, Low=330",DIR,0.8,3.0,0
high,115,0.3101,0.9304,0.0792,"High=115, Low=330",BSAM,0.8,3.0,0
high,115,0.3159,0.9478,0.0709,"High=115, Low=330",DILA,0.8,3.0,0
high,33,0.4118,0.2121,0.1069,"High=33, Low=150",Control,0.8500000000000001,0.5,0
high,55,0.25,0.1273,0.1005,"High=55, Low=250",DIR,0.8500000000000001,0.5,0
high,55,0.3571,0.1818,0.098,"High=55, Low=250",BSAM,0.8500000000000001,0.5,0
high,55,0.4643,0.2364,0.0794,"High=55, Low=250",DILA,0.8500000000000001,0.5,0
high,33,0.44,0.3333,0.1069,"High=33, Low=150",Control,0.8500000000000001,0.75,0
high,55,0.3333,0.2545,0.1005,"High=55, Low=250",DIR,0.8500000000000001,0.75,0
high,55,0.4286,0.3273,0.098,"High=55, Low=250",BSAM,0.8500000000000001,0.75,0
high,55,0.4048,0.3091,0.0794,"High=55, Low=250",DILA,0.8500000000000001,0.75,0
high,33,0.3939,0.3939,0.1069,"High=33, Low=150",Control,0.8500000000000001,1.0,0
high,55,0.3636,0.3636,0.1005,"High=55, Low=250",DIR,0.8500000000000001,1.0,0
high,55,0.4545,0.4545,0.098,"High=55, Low=250",BSAM,0.8500000000000001,1.0,0
high,55,0.3636,0.3636,0.0794,"High=55, Low=250",DILA,0.8500000000000001,1.0,0
high,33,0.3333,0.4242,0.1069,"High=33, Low=150",Control,0.8500000000000001,1.25,0
high,55,0.3333,0.4182,0.1005,"High=55, Low=250",DIR,0.8500000000000001,1.25,0
high,55,0.3913,0.4909,0.098,"High=55, Low=250",BSAM,0.8500000000000001,1.25,0
high,55,0.3623,0.4545,0.0794,"High=55, Low=250",DILA,0.8500000000000001,1.25,0
high,33,0.3,0.4545,0.1069,"High=33, Low=150",Control,0.8500000000000001,1.5,0
high,55,0.3373,0.5091,0.1005,"High=55, Low=250",DIR,0.8500000000000001,1.5,0
high,55,0.3614,0.5455,0.098,"High=55, Low=250",BSAM,0.8500000000000001,1.5,0
high,55,0.3373,0.5091,0.0794,"High=55, Low=250",DILA,0.8500000000000001,1.5,0
high,33,0.2759,0.4848,0.1069,"High=33, Low=150",Control,0.8500000000000001,1.75,0
high,55,0.299,0.5273,0.1005,"High=55, Low=250",DIR,0.8500000000000001,1.75,0
high,55,0.3196,0.5636,0.098,"High=55, Low=250",BSAM,0.8500000000000001,1.75,0
high,55,0.3093,0.5455,0.0794,"High=55, Low=250",DILA,0.8500000000000001,1.75,0
high,33,0.2576,0.5152,0.1069,"High=33, Low=150",Control,0.8500000000000001,2.0,0
high,55,0.3,0.6,0.1005,"High=55, Low=250",DIR,0.8500000000000001,2.0,0
high,55,0.2818,0.5636,0.098,"High=55, Low=250",BSAM,0.8500000000000001,2.0,0
high,55,0.2909,0.5818,0.0794,"High=55, Low=250",DILA,0.8500000000000001,2.0,0
high,33,0.24,0.5455,0.1069,"High=33, Low=150",Control,0.8500000000000001,2.25,0
high,55,0.2903,0.6545,0.1005,"High=55, Low=250",DIR,0.8500000000000001,2.25,0
high,55,0.2661,0.6,0.098,"High=55, Low=250",BSAM,0.8500000000000001,2.25,0
high,55,0.2742,0.6182,0.0794,"High=55, Low=250",DILA,0.8500000000000001,2.25,0
high,33,0.2289,0.5758,0.1069,"High=33, Low=150",Control,0.8500000000000001,2.5,0
high,55,0.2681,0.6727,0.1005,"High=55, Low=250",DIR,0.8500000000000001,2.5,0
high,55,0.2681,0.6727,0.098,"High=55, Low=250",BSAM,0.8500000000000001,2.5,0
high,55,0.2536,0.6364,0.0794,"High=55, Low=250",DILA,0.8500000000000001,2.5,0
high,33,0.2198,0.6061,0.1069,"High=33, Low=150",Control,0.8500000000000001,2.75,0
high,55,0.2566,0.7091,0.1005,"High=55, Low=250",DIR,0.8500000000000001,2.75,0
high,55,0.25,0.6909,0.098,"High=55, Low=250",BSAM,0.8500000000000001,2.75,0
high,55,0.2697,0.7455,0.0794,"High=55, Low=250",DILA,0.8500000000000001,2.75,0
high,33,0.2222,0.6667,0.1069,"High=33, Low=150",Control,0.8500000000000001,3.0,0
high,55,0.2364,0.7091,0.1005,"High=55, Low=250",DIR,0.8500000000000001,3.0,0
high,55,0.2424,0.7273,0.098,"High=55, Low=250",BSAM,0.8500000000000001,3.0,0
high,55,0.2606,0.7818,0.0794,"High=55, Low=250",DILA,0.8500000000000001,3.0,0
high,15,0.125,0.0667,0.1627,"High=15, Low=114",Control,0.9,0.5,0
high,25,0.0769,0.04,0.1504,"High=25, Low=190",DIR,0.9,0.5,0
high,25,0.0,0.0,0.1535,"High=25, Low=190",BSAM,0.9,0.5,0
high,25,0.2308,0.12,0.1038,"High=25, Low=190",DILA,0.9,0.5,0
high,15,0.0833,0.0667,0.1627,"High=15, Low=114",Control,0.9,0.75,0
high,25,0.0526,0.04,0.1504,"High=25, Low=190",DIR,0.9,0.75,0
high,25,0.0526,0.04,0.1535,"High=25, Low=190",BSAM,0.9,0.75,0
high,25,0.1579,0.12,0.1038,"High=25, Low=190",DILA,0.9,0.75,0
high,15,0.0667,0.0667,0.1627,"High=15, Low=114",Control,0.9,1.0,0
high,25,0.04,0.04,0.1504,"High=25, Low=190",DIR,0.9,1.0,0
high,25,0.08,0.08,0.1535,"High=25, Low=190",BSAM,0.9,1.0,0
high,25,0.16,0.16,0.1038,"High=25, Low=190",DILA,0.9,1.0,0
high,15,0.0526,0.0667,0.1627,"High=15, Low=114",Control,0.9,1.25,0
high,25,0.0625,0.08,0.1504,"High=25, Low=190",DIR,0.9,1.25,0
high,25,0.125,0.16,0.1535,"High=25, Low=190",BSAM,0.9,1.25,0
high,25,0.1875,0.24,0.1038,"High=25, Low=190",DILA,0.9,1.25,0
high,15,0.087,0.1333,0.1627,"High=15, Low=114",Control,0.9,1.5,0
high,25,0.1053,0.16,0.1504,"High=25, Low=190",DIR,0.9,1.5,0
high,25,0.1053,0.16,0.1535,"High=25, Low=190",BSAM,0.9,1.5,0
high,25,0.1842,0.28,0.1038,"High=25, Low=190",DILA,0.9,1.5,0
high,15,0.1111,0.2,0.1627,"High=15, Low=114",Control,0.9,1.75,0
high,25,0.1136,0.2,0.1504,"High=25, Low=190",DIR,0.9,1.75,0
high,25,0.1591,0.28,0.1535,"High=25, Low=190",BSAM,0.9,1.75,0
high,25,0.1818,0.32,0.1038,"High=25, Low=190",DILA,0.9,1.75,0
high,15,0.1,0.2,0.1627,"High=15, Low=114",Control,0.9,2.0,0
high,25,0.14,0.28,0.1504,"High=25, Low=190",DIR,0.9,2.0,0
high,25,0.14,0.28,0.1535,"High=25, Low=190",BSAM,0.9,2.0,0
high,25,0.18,0.36,0.1038,"High=25, Low=190",DILA,0.9,2.0,0
high,15,0.1176,0.2667,0.1627,"High=15, Low=114",Control,0.9,2.25,0
high,25,0.1579,0.36,0.1504,"High=25, Low=190",DIR,0.9,2.25,0
high,25,0.1404,0.32,0.1535,"High=25, Low=190",BSAM,0.9,2.25,0
high,25,0.1579,0.36,0.1038,"High=25, Low=190",DILA,0.9,2.25,0
high,15,0.1053,0.2667,0.1627,"High=15, Low=114",Control,0.9,2.5,0
high,25,0.1429,0.36,0.1504,"High=25, Low=190",DIR,0.9,2.5,0
high,25,0.127,0.32,0.1535,"High=25, Low=190",BSAM,0.9,2.5,0
high,25,0.1429,0.36,0.1038,"High=25, Low=190",DILA,0.9,2.5,0
high,15,0.119,0.3333,0.1627,"High=15, Low=114",Control,0.9,2.75,0
high,25,0.1304,0.36,0.1504,"High=25, Low=190",DIR,0.9,2.75,0
high,25,0.1159,0.32,0.1535,"High=25, Low=190",BSAM,0.9,2.75,0
high,25,0.1449,0.4,0.1038,"High=25, Low=190",DILA,0.9,2.75,0
high,15,0.1111,0.3333,0.1627,"High=15, Low=114",Control,0.9,3.0,0
high,25,0.1467,0.44,0.1504,"High=25, Low=190",DIR,0.9,3.0,0
high,25,0.12,0.36,0.1535,"High=25, Low=190",BSAM,0.9,3.0,0
high,25,0.1333,0.4,0.1038,"High=25, Low=190",DILA,0.9,3.0,0
high,256,0.7812,0.3906,0.11,"High=256, Low=704",Control,0.5,0.5,1
high,320,0.8375,0.4188,0.1081,"High=320, Low=880",DIR,0.5,0.5,1
high,320,0.7937,0.3969,0.0972,"High=320, Low=880",BSAM,0.5,0.5,1
high,320,0.7063,0.3531,0.1042,"High=320, Low=880",DILA,0.5,0.5,1
high,256,0.6406,0.4805,0.11,"High=256, Low=704",Control,0.5,0.75,1
high,320,0.6833,0.5125,0.1081,"High=320, Low=880",DIR,0.5,0.75,1
high,320,0.6875,0.5156,0.0972,"High=320, Low=880",BSAM,0.5,0.75,1
high,320,0.6583,0.4938,0.1042,"High=320, Low=880",DILA,0.5,0.75,1
high,256,0.5977,0.5977,0.11,"High=256, Low=704",Control,0.5,1.0,1
high,320,0.5906,0.5906,0.1081,"High=320, Low=880",DIR,0.5,1.0,1
high,320,0.6188,0.6188,0.0972,"High=320, Low=880",BSAM,0.5,1.0,1
high,320,0.5906,0.5906,0.1042,"High=320, Low=880",DILA,0.5,1.0,1
high,256,0.5406,0.6758,0.11,"High=256, Low=704",Control,0.5,1.25,1
high,320,0.5225,0.6531,0.1081,"High=320, Low=880",DIR,0.5,1.25,1
high,320,0.5575,0.6969,0.0972,"High=320, Low=880",BSAM,0.5,1.25,1
high,320,0.5375,0.6719,0.1042,"High=320, Low=880",DILA,0.5,1.25,1
high,256,0.4818,0.7227,0.11,"High=256, Low=704",Control,0.5,1.5,1
high,320,0.4771,0.7156,0.1081,"High=320, Low=880",DIR,0.5,1.5,1
high,320,0.5083,0.7625,0.0972,"High=320, Low=880",BSAM,0.5,1.5,1
high,320,0.4854,0.7281,0.1042,"High=320, Low=880",DILA,0.5,1.5,1
high,256,0.4375,0.7656,0.11,"High=256, Low=704",Control,0.5,1.75,1
high,320,0.4339,0.7594,0.1081,"High=320, Low=880",DIR,0.5,1.75,1
high,320,0.4518,0.7906,0.0972,"High=320, Low=880",BSAM,0.5,1.75,1
high,320,0.4464,0.7812,0.1042,"High=320, Low=880",DILA,0.5,1.75,1
high,256,0.4062,0.8125,0.11,"High=256, Low=704",Control,0.5,2.0,1
high,320,0.3969,0.7937,0.1081,"High=320, Low=880",DIR,0.5,2.0,1
high,320,0.4094,0.8187,0.0972,"High=320, Low=880",BSAM,0.5,2.0,1
high,320,0.4109,0.8219,0.1042,"High=320, Low=880",DILA,0.5,2.0,1
high,256,0.375,0.8438,0.11,"High=256, Low=704",Control,0.5,2.25,1
high,320,0.3681,0.8281,0.1081,"High=320, Low=880",DIR,0.5,2.25,1
high,320,0.375,0.8438,0.0972,"High=320, Low=880",BSAM,0.5,2.25,1
high,320,0.3833,0.8625,0.1042,"High=320, Low=880",DILA,0.5,2.25,1
high,256,0.3469,0.8672,0.11,"High=256, Low=704",Control,0.5,2.5,1
high,320,0.3412,0.8531,0.1081,"High=320, Low=880",DIR,0.5,2.5,1
high,320,0.3463,0.8656,0.0972,"High=320, Low=880",BSAM,0.5,2.5,1
high,320,0.355,0.8875,0.1042,"High=320, Low=880",DILA,0.5,2.5,1
high,256,0.3239,0.8906,0.11,"High=256, Low=704",Control,0.5,2.75,1
high,320,0.317,0.8719,0.1081,"High=320, Low=880",DIR,0.5,2.75,1
high,320,0.3193,0.8781,0.0972,"High=320, Low=880",BSAM,0.5,2.75,1
high,320,0.3284,0.9031,0.1042,"High=320, Low=880",DILA,0.5,2.75,1
high,256,0.3008,0.9023,0.11,"High=256, Low=704",Control,0.5,3.0,1
high,320,0.2969,0.8906,0.1081,"High=320, Low=880",DIR,0.5,3.0,1
high,320,0.299,0.8969,0.0972,"High=320, Low=880",BSAM,0.5,3.0,1
high,320,0.3125,0.9375,0.1042,"High=320, Low=880",DILA,0.5,3.0,1
high,216,0.8056,0.4028,0.1056,"High=216, Low=628",Control,0.55,0.5,1
high,270,0.8593,0.4296,0.1016,"High=270, Low=785",DIR,0.55,0.5,1
high,270,0.8074,0.4037,0.0983,"High=270, Low=785",BSAM,0.55,0.5,1
high,270,0.7111,0.3556,0.1089,"High=270, Low=785",DILA,0.55,0.5,1
high,216,0.679,0.5093,0.1056,"High=216, Low=628",Control,0.55,0.75,1
high,270,0.6995,0.5259,0.1016,"High=270, Low=785",DIR,0.55,0.75,1
high,270,0.6946,0.5222,0.0983,"High=270, Low=785",BSAM,0.55,0.75,1
high,270,0.6404,0.4815,0.1089,"High=270, Low=785",DILA,0.55,0.75,1
high,216,0.5926,0.5926,0.1056,"High=216, Low=628",Control,0.55,1.0,1
high,270,0.6185,0.6185,0.1016,"High=270, Low=785",DIR,0.55,1.0,1
high,270,0.6037,0.6037,0.0983,"High=270, Low=785",BSAM,0.55,1.0,1
high,270,0.5963,0.5963,0.1089,"High=270, Low=785",DILA,0.55,1.0,1
high,216,0.5444,0.6806,0.1056,"High=216, Low=628",Control,0.55,1.25,1
high,270,0.5562,0.6963,0.1016,"High=270, Low=785",DIR,0.55,1.25,1
high,270,0.5533,0.6926,0.0983,"High=270, Low=785",BSAM,0.55,1.25,1
high,270,0.5266,0.6593,0.1089,"High=270, Low=785",DILA,0.55,1.25,1
high,216,0.5031,0.7546,0.1056,"High=216, Low=628",Control,0.55,1.5,1
high,270,0.4988,0.7481,0.1016,"High=270, Low=785",DIR,0.55,1.5,1
high,270,0.4988,0.7481,0.0983,"High=270, Low=785",BSAM,0.55,1.5,1
high,270,0.4765,0.7148,0.1089,"High=270, Low=785",DILA,0.55,1.5,1
high,216,0.4524,0.7917,0.1056,"High=216, Low=628",Control,0.55,1.75,1
high,270,0.4545,0.7963,0.1016,"High=270, Low=785",DIR,0.55,1.75,1
high,270,0.4545,0.7963,0.0983,"High=270, Low=785",BSAM,0.55,1.75,1
high,270,0.4271,0.7481,0.1089,"High=270, Low=785",DILA,0.55,1.75,1
high,216,0.4097,0.8194,0.1056,"High=216, Low=628",Control,0.55,2.0,1
high,270,0.4093,0.8185,0.1016,"High=270, Low=785",DIR,0.55,2.0,1
high,270,0.4148,0.8296,0.0983,"High=270, Low=785",BSAM,0.55,2.0,1
high,270,0.4019,0.8037,0.1089,"High=270, Low=785",DILA,0.55,2.0,1
high,216,0.3765,0.8472,0.1056,"High=216, Low=628",Control,0.55,2.25,1
high,270,0.3734,0.8407,0.1016,"High=270, Low=785",DIR,0.55,2.25,1
high,270,0.3766,0.8481,0.0983,"High=270, Low=785",BSAM,0.55,2.25,1
high,270,0.375,0.8444,0.1089,"High=270, Low=785",DILA,0.55,2.25,1
high,216,0.3481,0.8704,0.1056,"High=216, Low=628",Control,0.55,2.5,1
high,270,0.3452,0.863,0.1016,"High=270, Low=785",DIR,0.55,2.5,1
high,270,0.3422,0.8556,0.0983,"High=270, Low=785",BSAM,0.55,2.5,1
high,270,0.3437,0.8593,0.1089,"High=270, Low=785",DILA,0.55,2.5,1
high,216,0.3199,0.8796,0.1056,"High=216, Low=628",Control,0.55,2.75,1
high,270,0.323,0.8889,0.1016,"High=270, Low=785",DIR,0.55,2.75,1
high,270,0.319,0.8778,0.0983,"High=270, Low=785",BSAM,0.55,2.75,1
high,270,0.3217,0.8852,0.1089,"High=270, Low=785",DILA,0.55,2.75,1
high,216,0.2994,0.8981,0.1056,"High=216, Low=628",Control,0.55,3.0,1
high,270,0.3037,0.9111,0.1016,"High=270, Low=785",DIR,0.55,3.0,1
high,270,0.2951,0.8852,0.0983,"High=270, Low=785",BSAM,0.55,3.0,1
high,270,0.2975,0.8926,0.1089,"High=270, Low=785",DILA,0.55,3.0,1
high,168,0.8452,0.4226,0.1054,"High=168, Low=544",Control,0.6,0.5,1
high,210,0.8381,0.419,0.0975,"High=210, Low=680",DIR,0.6,0.5,1
high,210,0.819,0.4095,0.0939,"High=210, Low=680",BSAM,0.6,0.5,1
high,210,0.7524,0.3762,0.1058,"High=210, Low=680",DILA,0.6,0.5,1
high,168,0.7222,0.5417,0.1054,"High=168, Low=544",Control,0.6,0.75,1
high,210,0.7342,0.5524,0.0975,"High=210, Low=680",DIR,0.6,0.75,1
high,210,0.7468,0.5619,0.0939,"High=210, Low=680",BSAM,0.6,0.75,1
high,210,0.6329,0.4762,0.1058,"High=210, Low=680",DILA,0.6,0.75,1
high,168,0.619,0.619,0.1054,"High=168, Low=544",Control,0.6,1.0,1
high,210,0.619,0.619,0.0975,"High=210, Low=680",DIR,0.6,1.0,1
high,210,0.6524,0.6524,0.0939,"High=210, Low=680",BSAM,0.6,1.0,1
high,210,0.5714,0.5714,0.1058,"High=210, Low=680",DILA,0.6,1.0,1
high,168,0.5381,0.6726,0.1054,"High=168, Low=544",Control,0.6,1.25,1
high,210,0.5551,0.6952,0.0975,"High=210, Low=680",DIR,0.6,1.25,1
high,210,0.5627,0.7048,0.0939,"High=210, Low=680",BSAM,0.6,1.25,1
high,210,0.5247,0.6571,0.1058,"High=210, Low=680",DILA,0.6,1.25,1
high,168,0.496,0.744,0.1054,"High=168, Low=544",Control,0.6,1.5,1
high,210,0.4984,0.7476,0.0975,"High=210, Low=680",DIR,0.6,1.5,1
high,210,0.5079,0.7619,0.0939,"High=210, Low=680",BSAM,0.6,1.5,1
high,210,0.4667,0.7,0.1058,"High=210, Low=680",DILA,0.6,1.5,1
high,168,0.4524,0.7917,0.1054,"High=168, Low=544",Control,0.6,1.75,1
high,210,0.4457,0.781,0.0975,"High=210, Low=680",DIR,0.6,1.75,1
high,210,0.4511,0.7905,0.0939,"High=210, Low=680",BSAM,0.6,1.75,1
high,210,0.4321,0.7571,0.1058,"High=210, Low=680",DILA,0.6,1.75,1
high,168,0.4226,0.8452,0.1054,"High=168, Low=544",Control,0.6,2.0,1
high,210,0.4119,0.8238,0.0975,"High=210, Low=680",DIR,0.6,2.0,1
high,210,0.4119,0.8238,0.0939,"High=210, Low=680",BSAM,0.6,2.0,1
high,210,0.3929,0.7857,0.1058,"High=210, Low=680",DILA,0.6,2.0,1
high,168,0.3836,0.8631,0.1054,"High=168, Low=544",Control,0.6,2.25,1
high,210,0.3721,0.8381,0.0975,"High=210, Low=680",DIR,0.6,2.25,1
high,210,0.3763,0.8476,0.0939,"High=210, Low=680",BSAM,0.6,2.25,1
high,210,0.3573,0.8048,0.1058,"High=210, Low=680",DILA,0.6,2.25,1
high,168,0.3476,0.869,0.1054,"High=168, Low=544",Control,0.6,2.5,1
high,210,0.341,0.8524,0.0975,"High=210, Low=680",DIR,0.6,2.5,1
high,210,0.3486,0.8714,0.0939,"High=210, Low=680",BSAM,0.6,2.5,1
high,210,0.3352,0.8381,0.1058,"High=210, Low=680",DILA,0.6,2.5,1
high,168,0.3225,0.8869,0.1054,"High=168, Low=544",Control,0.6,2.75,1
high,210,0.3166,0.8714,0.0975,"High=210, Low=680",DIR,0.6,2.75,1
high,210,0.3166,0.8714,0.0939,"High=210, Low=680",BSAM,0.6,2.75,1
high,210,0.3201,0.881,0.1058,"High=210, Low=680",DILA,0.6,2.75,1
high,168,0.2976,0.8929,0.1054,"High=168, Low=544",Control,0.6,3.0,1
high,210,0.2921,0.8762,0.0975,"High=210, Low=680",DIR,0.6,3.0,1
high,210,0.2952,0.8857,0.0939,"High=210, Low=680",BSAM,0.6,3.0,1
high,210,0.2968,0.8905,0.1058,"High=210, Low=680",DILA,0.6,3.0,1
high,160,0.85,0.425,0.1054,"High=160, Low=424",Control,0.65,0.5,1
high,200,0.84,0.42,0.0973,"High=200, Low=530",DIR,0.65,0.5,1
high,200,0.83,0.415,0.0938,"High=200, Low=530",BSAM,0.65,0.5,1
high,200,0.75,0.375,0.1043,"High=200, Low=530",DILA,0.65,0.5,1
high,160,0.725,0.5437,0.1054,"High=160, Low=424",Control,0.65,0.75,1
high,200,0.7533,0.565,0.0973,"High=200, Low=530",DIR,0.65,0.75,1
high,200,0.74,0.555,0.0938,"High=200, Low=530",BSAM,0.65,0.75,1
high,200,0.6467,0.485,0.1043,"High=200, Low=530",DILA,0.65,0.75,1
high,160,0.625,0.625,0.1054,"High=160, Low=424",Control,0.65,1.0,1
high,200,0.63,0.63,0.0973,"High=200, Low=530",DIR,0.65,1.0,1
high,200,0.655,0.655,0.0938,"High=200, Low=530",BSAM,0.65,1.0,1
high,200,0.57,0.57,0.1043,"High=200, Low=530",DILA,0.65,1.0,1
high,160,0.54,0.675,0.1054,"High=160, Low=424",Control,0.65,1.25,1
high,200,0.568,0.71,0.0973,"High=200, Low=530",DIR,0.65,1.25,1
high,200,0.56,0.7,0.0938,"High=200, Low=530",BSAM,0.65,1.25,1
high,200,0.528,0.66,0.1043,"High=200, Low=530",DILA,0.65,1.25,1
high,160,0.4875,0.7312,0.1054,"High=160, Low=424",Control,0.65,1.5,1
high,200,0.4967,0.745,0.0973,"High=200, Low=530",DIR,0.65,1.5,1
high,200,0.5033,0.755,0.0938,"High=200, Low=530",BSAM,0.65,1.5,1
high,200,0.4733,0.71,0.1043,"High=200, Low=530",DILA,0.65,1.5,1
high,160,0.4536,0.7937,0.1054,"High=160, Low=424",Control,0.65,1.75,1
high,200,0.4543,0.795,0.0973,"High=200, Low=530",DIR,0.65,1.75,1
high,200,0.4571,0.8,0.0938,"High=200, Low=530",BSAM,0.65,1.75,1
high,200,0.4343,0.76,0.1043,"High=200, Low=530",DILA,0.65,1.75,1
high,160,0.425,0.85,0.1054,"High=160, Low=424",Control,0.65,2.0,1
high,200,0.4075,0.815,0.0973,"High=200, Low=530",DIR,0.65,2.0,1
high,200,0.4075,0.815,0.0938,"High=200, Low=530",BSAM,0.65,2.0,1
high,200,0.395,0.79,0.1043,"High=200, Low=530",DILA,0.65,2.0,1
high,160,0.3833,0.8625,0.1054,"High=160, Low=424",Control,0.65,2.25,1
high,200,0.3778,0.85,0.0973,"High=200, Low=530",DIR,0.65,2.25,1
high,200,0.3756,0.845,0.0938,"High=200, Low=530",BSAM,0.65,2.25,1
high,200,0.3667,0.825,0.1043,"High=200, Low=530",DILA,0.65,2.25,1
high,160,0.35,0.875,0.1054,"High=160, Low=424",Control,0.65,2.5,1
high,200,0.344,0.86,0.0973,"High=200, Low=530",DIR,0.65,2.5,1
high,200,0.35,0.875,0.0938,"High=200, Low=530",BSAM,0.65,2.5,1
high,200,0.34,0.85,0.1043,"High=200, Low=530",DILA,0.65,2.5,1
high,160,0.3205,0.8812,0.1054,"High=160, Low=424",Control,0.65,2.75,1
high,200,0.3164,0.87,0.0973,"High=200, Low=530",DIR,0.65,2.75,1
high,200,0.32,0.88,0.0938,"High=200, Low=530",BSAM,0.65,2.75,1
high,200,0.32,0.88,0.1043,"High=200, Low=530",DILA,0.65,2.75,1
high,160,0.2979,0.8938,0.1054,"High=160, Low=424",Control,0.65,3.0,1
high,200,0.2917,0.875,0.0973,"High=200, Low=530",DIR,0.65,3.0,1
high,200,0.295,0.885,0.0938,"High=200, Low=530",BSAM,0.65,3.0,1
high,200,0.3017,0.905,0.1043,"High=200, Low=530",DILA,0.65,3.0,1
high,128,0.8125,0.4062,0.104,"High=128, Low=384",Control,0.7,0.5,1
high,160,0.825,0.4125,0.0948,"High=160, Low=480",DIR,0.7,0.5,1
high,160,0.8625,0.4313,0.0852,"High=160, Low=480",BSAM,0.7,0.5,1
high,160,0.7875,0.3937,0.108,"High=160, Low=480",DILA,0.7,0.5,1
high,128,0.7812,0.5859,0.104,"High=128, Low=384",Control,0.7,0.75,1
high,160,0.7833,0.5875,0.0948,"High=160, Low=480",DIR,0.7,0.75,1
high,160,0.7917,0.5938,0.0852,"High=160, Low=480",BSAM,0.7,0.75,1
high,160,0.6833,0.5125,0.108,"High=160, Low=480",DILA,0.7,0.75,1
high,128,0.6641,0.6641,0.104,"High=128, Low=384",Control,0.7,1.0,1
high,160,0.6937,0.6937,0.0948,"High=160, Low=480",DIR,0.7,1.0,1
high,160,0.7125,0.7125,0.0852,"High=160, Low=480",BSAM,0.7,1.0,1
high,160,0.5875,0.5875,0.108,"High=160, Low=480",DILA,0.7,1.0,1
high,128,0.5813,0.7266,0.104,"High=128, Low=384",Control,0.7,1.25,1
high,160,0.6,0.75,0.0948,"High=160, Low=480",DIR,0.7,1.25,1
high,160,0.64,0.8,0.0852,"High=160, Low=480",BSAM,0.7,1.25,1
high,160,0.53,0.6625,0.108,"High=160, Low=480",DILA,0.7,1.25,1
high,128,0.5156,0.7734,0.104,"High=128, Low=384",Control,0.7,1.5,1
high,160,0.525,0.7875,0.0948,"High=160, Low=480",DIR,0.7,1.5,1
high,160,0.55,0.825,0.0852,"High=160, Low=480",BSAM,0.7,1.5,1
high,160,0.4833,0.725,0.108,"High=160, Low=480",DILA,0.7,1.5,1
high,128,0.4598,0.8047,0.104,"High=128, Low=384",Control,0.7,1.75,1
high,160,0.4607,0.8063,0.0948,"High=160, Low=480",DIR,0.7,1.75,1
high,160,0.4821,0.8438,0.0852,"High=160, Low=480",BSAM,0.7,1.75,1
high,160,0.45,0.7875,0.108,"High=160, Low=480",DILA,0.7,1.75,1
high,128,0.4219,0.8438,0.104,"High=128, Low=384",Control,0.7,2.0,1
high,160,0.4125,0.825,0.0948,"High=160, Low=480",DIR,0.7,2.0,1
high,160,0.4375,0.875,0.0852,"High=160, Low=480",BSAM,0.7,2.0,1
high,160,0.4031,0.8063,0.108,"High=160, Low=480",DILA,0.7,2.0,1
high,128,0.3889,0.875,0.104,"High=128, Low=384",Control,0.7,2.25,1
high,160,0.375,0.8438,0.0948,"High=160, Low=480",DIR,0.7,2.25,1
high,160,0.3917,0.8812,0.0852,"High=160, Low=480",BSAM,0.7,2.25,1
high,160,0.3778,0.85,0.108,"High=160, Low=480",DILA,0.7,2.25,1
high,128,0.3594,0.8984,0.104,"High=128, Low=384",Control,0.7,2.5,1
high,160,0.34,0.85,0.0948,"High=160, Low=480",DIR,0.7,2.5,1
high,160,0.3525,0.8812,0.0852,"High=160, Low=480",BSAM,0.7,2.5,1
high,160,0.3425,0.8562,0.108,"High=160, Low=480",DILA,0.7,2.5,1
high,128,0.3267,0.8984,0.104,"High=128, Low=384",Control,0.7,2.75,1
high,160,0.3205,0.8812,0.0948,"High=160, Low=480",DIR,0.7,2.75,1
high,160,0.3295,0.9062,0.0852,"High=160, Low=480",BSAM,0.7,2.75,1
high,160,0.3182,0.875,0.108,"High=160, Low=480",DILA,0.7,2.75,1
high,128,0.2995,0.8984,0.104,"High=128, Low=384",Control,0.7,3.0,1
high,160,0.2938,0.8812,0.0948,"High=160, Low=480",DIR,0.7,3.0,1
high,160,0.3042,0.9125,0.0852,"High=160, Low=480",BSAM,0.7,3.0,1
high,160,0.2938,0.8812,0.108,"High=160, Low=480",DILA,0.7,3.0,1
high,104,0.8462,0.4231,0.1024,"High=104, Low=288",Control,0.75,0.5,1
high,130,0.8462,0.4231,0.089,"High=130, Low=360",DIR,0.75,0.5,1
high,130,0.8615,0.4308,0.0763,"High=130, Low=360",BSAM,0.75,0.5,1
high,130,0.7692,0.3846,0.1076,"High=130, Low=360",DILA,0.75,0.5,1
high,104,0.7692,0.5769,0.1024,"High=104, Low=288",Control,0.75,0.75,1
high,130,0.7755,0.5846,0.089,"High=130, Low=360",DIR,0.75,0.75,1
high,130,0.8061,0.6077,0.0763,"High=130, Low=360",BSAM,0.75,0.75,1
high,130,0.7041,0.5308,0.1076,"High=130, Low=360",DILA,0.75,0.75,1
high,104,0.7115,0.7115,0.1024,"High=104, Low=288",Control,0.75,1.0,1
high,130,0.7385,0.7385,0.089,"High=130, Low=360",DIR,0.75,1.0,1
high,130,0.7231,0.7231,0.0763,"High=130, Low=360",BSAM,0.75,1.0,1
high,130,0.6,0.6,0.1076,"High=130, Low=360",DILA,0.75,1.0,1
high,104,0.6077,0.7596,0.1024,"High=104, Low=288",Control,0.75,1.25,1
high,130,0.6319,0.7923,0.089,"High=130, Low=360",DIR,0.75,1.25,1
high,130,0.6442,0.8077,0.0763,"High=130, Low=360",BSAM,0.75,1.25,1
high,130,0.5215,0.6538,0.1076,"High=130, Low=360",DILA,0.75,1.25,1
high,104,0.5449,0.8173,0.1024,"High=104, Low=288",Control,0.75,1.5,1
high,130,0.5487,0.8231,0.089,"High=130, Low=360",DIR,0.75,1.5,1
high,130,0.5795,0.8692,0.0763,"High=130, Low=360",BSAM,0.75,1.5,1
high,130,0.4667,0.7,0.1076,"High=130, Low=360",DILA,0.75,1.5,1
high,104,0.467,0.8173,0.1024,"High=104, Low=288",Control,0.75,1.75,1
high,130,0.4825,0.8462,0.089,"High=130, Low=360",DIR,0.75,1.75,1
high,130,0.5132,0.9,0.0763,"High=130, Low=360",BSAM,0.75,1.75,1
high,130,0.4254,0.7462,0.1076,"High=130, Low=360",DILA,0.75,1.75,1
high,104,0.4231,0.8462,0.1024,"High=104, Low=288",Control,0.75,2.0,1
high,130,0.4346,0.8692,0.089,"High=130, Low=360",DIR,0.75,2.0,1
high,130,0.4577,0.9154,0.0763,"High=130, Low=360",BSAM,0.75,2.0,1
high,130,0.3962,0.7923,0.1076,"High=130, Low=360",DILA,0.75,2.0,1
high,104,0.3846,0.8654,0.1024,"High=104, Low=288",Control,0.75,2.25,1
high,130,0.3925,0.8846,0.089,"High=130, Low=360",DIR,0.75,2.25,1
high,130,0.4096,0.9231,0.0763,"High=130, Low=360",BSAM,0.75,2.25,1
high,130,0.3686,0.8308,0.1076,"High=130, Low=360",DILA,0.75,2.25,1
high,104,0.3538,0.8846,0.1024,"High=104, Low=288",Control,0.75,2.5,1
high,130,0.36,0.9,0.089,"High=130, Low=360",DIR,0.75,2.5,1
high,130,0.3785,0.9462,0.0763,"High=130, Low=360",BSAM,0.75,2.5,1
high,130,0.3385,0.8462,0.1076,"High=130, Low=360",DILA,0.75,2.5,1
high,104,0.3287,0.9038,0.1024,"High=104, Low=288",Control,0.75,2.75,1
high,130,0.3296,0.9077,0.089,"High=130, Low=360",DIR,0.75,2.75,1
high,130,0.3464,0.9538,0.0763,"High=130, Low=360",BSAM,0.75,2.75,1
high,130,0.3184,0.8769,0.1076,"High=130, Low=360",DILA,0.75,2.75,1
high,104,0.3077,0.9231,0.1024,"High=104, Low=288",Control,0.75,3.0,1
high,130,0.3026,0.9077,0.089,"High=130, Low=360",DIR,0.75,3.0,1
high,130,0.3179,0.9538,0.0763,"High=130, Low=360",BSAM,0.75,3.0,1
high,130,0.2949,0.8846,0.1076,"High=130, Low=360",DILA,0.75,3.0,1
high,64,0.9062,0.4531,0.107,"High=64, Low=216",Control,0.8,0.5,1
high,80,0.875,0.4375,0.0858,"High=80, Low=270",DIR,0.8,0.5,1
high,80,0.9,0.45,0.0908,"High=80, Low=270",BSAM,0.8,0.5,1
high,80,0.775,0.3875,0.1087,"High=80, Low=270",DILA,0.8,0.5,1
high,64,0.7917,0.5938,0.107,"High=64, Low=216",Control,0.8,0.75,1
high,80,0.8,0.6,0.0858,"High=80, Low=270",DIR,0.8,0.75,1
high,80,0.8667,0.65,0.0908,"High=80, Low=270",BSAM,0.8,0.75,1
high,80,0.7,0.525,0.1087,"High=80, Low=270",DILA,0.8,0.75,1
high,64,0.6562,0.6562,0.107,"High=64, Low=216",Control,0.8,1.0,1
high,80,0.7,0.7,0.0858,"High=80, Low=270",DIR,0.8,1.0,1
high,80,0.725,0.725,0.0908,"High=80, Low=270",BSAM,0.8,1.0,1
high,80,0.6375,0.6375,0.1087,"High=80, Low=270",DILA,0.8,1.0,1
high,64,0.625,0.7812,0.107,"High=64, Low=216",Control,0.8,1.25,1
high,80,0.62,0.775,0.0858,"High=80, Low=270",DIR,0.8,1.25,1
high,80,0.6,0.75,0.0908,"High=80, Low=270",BSAM,0.8,1.25,1
high,80,0.58,0.725,0.1087,"High=80, Low=270",DILA,0.8,1.25,1
high,64,0.5521,0.8281,0.107,"High=64, Low=216",Control,0.8,1.5,1
high,80,0.5417,0.8125,0.0858,"High=80, Low=270",DIR,0.8,1.5,1
high,80,0.5333,0.8,0.0908,"High=80, Low=270",BSAM,0.8,1.5,1
high,80,0.5,0.75,0.1087,"High=80, Low=270",DILA,0.8,1.5,1
high,64,0.4732,0.8281,0.107,"High=64, Low=216",Control,0.8,1.75,1
high,80,0.5071,0.8875,0.0858,"High=80, Low=270",DIR,0.8,1.75,1
high,80,0.4643,0.8125,0.0908,"High=80, Low=270",BSAM,0.8,1.75,1
high,80,0.4357,0.7625,0.1087,"High=80, Low=270",DILA,0.8,1.75,1
high,64,0.4297,0.8594,0.107,"High=64, Low=216",Control,0.8,2.0,1
high,80,0.4437,0.8875,0.0858,"High=80, Low=270",DIR,0.8,2.0,1
high,80,0.425,0.85,0.0908,"High=80, Low=270",BSAM,0.8,2.0,1
high,80,0.3937,0.7875,0.1087,"High=80, Low=270",DILA,0.8,2.0,1
high,64,0.3889,0.875,0.107,"High=64, Low=216",Control,0.8,2.25,1
high,80,0.4,0.9,0.0858,"High=80, Low=270",DIR,0.8,2.25,1
high,80,0.3944,0.8875,0.0908,"High=80, Low=270",BSAM,0.8,2.25,1
high,80,0.3556,0.8,0.1087,"High=80, Low=270",DILA,0.8,2.25,1
high,64,0.3563,0.8906,0.107,"High=64, Low=216",Control,0.8,2.5,1
high,80,0.37,0.925,0.0858,"High=80, Low=270",DIR,0.8,2.5,1
high,80,0.37,0.925,0.0908,"High=80, Low=270",BSAM,0.8,2.5,1
high,80,0.33,0.825,0.1087,"High=80, Low=270",DILA,0.8,2.5,1
high,64,0.3239,0.8906,0.107,"High=64, Low=216",Control,0.8,2.75,1
high,80,0.3409,0.9375,0.0858,"High=80, Low=270",DIR,0.8,2.75,1
high,80,0.3364,0.925,0.0908,"High=80, Low=270",BSAM,0.8,2.75,1
high,80,0.3,0.825,0.1087,"High=80, Low=270",DILA,0.8,2.75,1
high,64,0.3021,0.9062,0.107,"High=64, Low=216",Control,0.8,3.0,1
high,80,0.3125,0.9375,0.0858,"High=80, Low=270",DIR,0.8,3.0,1
high,80,0.3083,0.925,0.0908,"High=80, Low=270",BSAM,0.8,3.0,1
high,80,0.2833,0.85,0.1087,"High=80, Low=270",DILA,0.8,3.0,1
high,40,0.8,0.4,0.1197,"High=40, Low=164",Control,0.8500000000000001,0.5,1
high,50,0.8,0.4,0.0944,"High=50, Low=205",DIR,0.8500000000000001,0.5,1
high,50,0.92,0.46,0.1018,"High=50, Low=205",BSAM,0.8500000000000001,0.5,1
high,50,0.6,0.3,0.1232,"High=50, Low=205",DILA,0.8500000000000001,0.5,1
high,40,0.7,0.525,0.1197,"High=40, Low=164",Control,0.8500000000000001,0.75,1
high,50,0.7895,0.6,0.0944,"High=50, Low=205",DIR,0.8500000000000001,0.75,1
high,50,0.7895,0.6,0.1018,"High=50, Low=205",BSAM,0.8500000000000001,0.75,1
high,50,0.6316,0.48,0.1232,"High=50, Low=205",DILA,0.8500000000000001,0.75,1
high,40,0.6,0.6,0.1197,"High=40, Low=164",Control,0.8500000000000001,1.0,1
high,50,0.64,0.64,0.0944,"High=50, Low=205",DIR,0.8500000000000001,1.0,1
high,50,0.68,0.68,0.1018,"High=50, Low=205",BSAM,0.8500000000000001,1.0,1
high,50,0.56,0.56,0.1232,"High=50, Low=205",DILA,0.8500000000000001,1.0,1
high,40,0.58,0.725,0.1197,"High=40, Low=164",Control,0.8500000000000001,1.25,1
high,50,0.6032,0.76,0.0944,"High=50, Low=205",DIR,0.8500000000000001,1.25,1
high,50,0.619,0.78,0.1018,"High=50, Low=205",BSAM,0.8500000000000001,1.25,1
high,50,0.4603,0.58,0.1232,"High=50, Low=205",DILA,0.8500000000000001,1.25,1
high,40,0.4833,0.725,0.1197,"High=40, Low=164",Control,0.8500000000000001,1.5,1
high,50,0.5067,0.76,0.0944,"High=50, Low=205",DIR,0.8500000000000001,1.5,1
high,50,0.5333,0.8,0.1018,"High=50, Low=205",BSAM,0.8500000000000001,1.5,1
high,50,0.4267,0.64,0.1232,"High=50, Low=205",DILA,0.8500000000000001,1.5,1
high,40,0.4429,0.775,0.1197,"High=40, Low=164",Control,0.8500000000000001,1.75,1
high,50,0.4545,0.8,0.0944,"High=50, Low=205",DIR,0.8500000000000001,1.75,1
high,50,0.4545,0.8,0.1018,"High=50, Low=205",BSAM,0.8500000000000001,1.75,1
high,50,0.4091,0.72,0.1232,"High=50, Low=205",DILA,0.8500000000000001,1.75,1
high,40,0.4,0.8,0.1197,"High=40, Low=164",Control,0.8500000000000001,2.0,1
high,50,0.42,0.84,0.0944,"High=50, Low=205",DIR,0.8500000000000001,2.0,1
high,50,0.41,0.82,0.1018,"High=50, Low=205",BSAM,0.8500000000000001,2.0,1
high,50,0.39,0.78,0.1232,"High=50, Low=205",DILA,0.8500000000000001,2.0,1
high,40,0.3667,0.825,0.1197,"High=40, Low=164",Control,0.8500000000000001,2.25,1
high,50,0.3805,0.86,0.0944,"High=50, Low=205",DIR,0.8500000000000001,2.25,1
high,50,0.3717,0.84,0.1018,"High=50, Low=205",BSAM,0.8500000000000001,2.25,1
high,50,0.354,0.8,0.1232,"High=50, Low=205",DILA,0.8500000000000001,2.25,1
high,40,0.33,0.825,0.1197,"High=40, Low=164",Control,0.8500000000000001,2.5,1
high,50,0.352,0.88,0.0944,"High=50, Low=205",DIR,0.8500000000000001,2.5,1
high,50,0.336,0.84,0.1018,"High=50, Low=205",BSAM,0.8500000000000001,2.5,1
high,50,0.32,0.8,0.1232,"High=50, Low=205",DILA,0.8500000000000001,2.5,1
high,40,0.3,0.825,0.1197,"High=40, Low=164",Control,0.8500000000000001,2.75,1
high,50,0.3261,0.9,0.0944,"High=50, Low=205",DIR,0.8500000000000001,2.75,1
high,50,0.3116,0.86,0.1018,"High=50, Low=205",BSAM,0.8500000000000001,2.75,1
high,50,0.2971,0.82,0.1232,"High=50, Low=205",DILA,0.8500000000000001,2.75,1
high,40,0.2833,0.85,0.1197,"High=40, Low=164",Control,0.8500000000000001,3.0,1
high,50,0.3,0.9,0.0944,"High=50, Low=205",DIR,0.8500000000000001,3.0,1
high,50,0.2933,0.88,0.1018,"High=50, Low=205",BSAM,0.8500000000000001,3.0,1
high,50,0.2733,0.82,0.1232,"High=50, Low=205",DILA,0.8500000000000001,3.0,1
high,24,0.4167,0.2083,0.1475,"High=24, Low=120",Control,0.9,0.5,1
high,30,0.4667,0.2333,0.1092,"High=30, Low=150",DIR,0.9,0.5,1
high,30,0.4667,0.2333,0.1192,"High=30, Low=150",BSAM,0.9,0.5,1
high,30,0.2,0.1,0.1573,"High=30, Low=150",DILA,0.9,0.5,1
high,24,0.5,0.375,0.1475,"High=24, Low=120",Control,0.9,0.75,1
high,30,0.5217,0.4,0.1092,"High=30, Low=150",DIR,0.9,0.75,1
high,30,0.6087,0.4667,0.1192,"High=30, Low=150",BSAM,0.9,0.75,1
high,30,0.3043,0.2333,0.1573,"High=30, Low=150",DILA,0.9,0.75,1
high,24,0.5,0.5,0.1475,"High=24, Low=120",Control,0.9,1.0,1
high,30,0.5333,0.5333,0.1092,"High=30, Low=150",DIR,0.9,1.0,1
high,30,0.5667,0.5667,0.1192,"High=30, Low=150",BSAM,0.9,1.0,1
high,30,0.3667,0.3667,0.1573,"High=30, Low=150",DILA,0.9,1.0,1
high,24,0.4667,0.5833,0.1475,"High=24, Low=120",Control,0.9,1.25,1
high,30,0.5263,0.6667,0.1092,"High=30, Low=150",DIR,0.9,1.25,1
high,30,0.5263,0.6667,0.1192,"High=30, Low=150",BSAM,0.9,1.25,1
high,30,0.3947,0.5,0.1573,"High=30, Low=150",DILA,0.9,1.25,1
high,24,0.4167,0.625,0.1475,"High=24, Low=120",Control,0.9,1.5,1
high,30,0.4444,0.6667,0.1092,"High=30, Low=150",DIR,0.9,1.5,1
high,30,0.5111,0.7667,0.1192,"High=30, Low=150",BSAM,0.9,1.5,1
high,30,0.3556,0.5333,0.1573,"High=30, Low=150",DILA,0.9,1.5,1
high,24,0.381,0.6667,0.1475,"High=24, Low=120",Control,0.9,1.75,1
high,30,0.3962,0.7,0.1092,"High=30, Low=150",DIR,0.9,1.75,1
high,30,0.4528,0.8,0.1192,"High=30, Low=150",BSAM,0.9,1.75,1
high,30,0.3396,0.6,0.1573,"High=30, Low=150",DILA,0.9,1.75,1
high,24,0.3333,0.6667,0.1475,"High=24, Low=120",Control,0.9,2.0,1
high,30,0.3667,0.7333,0.1092,"High=30, Low=150",DIR,0.9,2.0,1
high,30,0.4,0.8,0.1192,"High=30, Low=150",BSAM,0.9,2.0,1
high,30,0.3,0.6,0.1573,"High=30, Low=150",DILA,0.9,2.0,1
high,24,0.3148,0.7083,0.1475,"High=24, Low=120",Control,0.9,2.25,1
high,30,0.3382,0.7667,0.1092,"High=30, Low=150",DIR,0.9,2.25,1
high,30,0.3529,0.8,0.1192,"High=30, Low=150",BSAM,0.9,2.25,1
high,30,0.2647,0.6,0.1573,"High=30, Low=150",DILA,0.9,2.25,1
high,24,0.2833,0.7083,0.1475,"High=24, Low=120",Control,0.9,2.5,1
high,30,0.3067,0.7667,0.1092,"High=30, Low=150",DIR,0.9,2.5,1
high,30,0.32,0.8,0.1192,"High=30, Low=150",BSAM,0.9,2.5,1
high,30,0.24,0.6,0.1573,"High=30, Low=150",DILA,0.9,2.5,1
high,24,0.2576,0.7083,0.1475,"High=24, Low=120",Control,0.9,2.75,1
high,30,0.2771,0.7667,0.1092,"High=30, Low=150",DIR,0.9,2.75,1
high,30,0.2892,0.8,0.1192,"High=30, Low=150",BSAM,0.9,2.75,1
high,30,0.241,0.6667,0.1573,"High=30, Low=150",DILA,0.9,2.75,1
high,24,0.2361,0.7083,0.1475,"High=24, Low=120",Control,0.9,3.0,1
high,30,0.2556,0.7667,0.1092,"High=30, Low=150",DIR,0.9,3.0,1
high,30,0.2667,0.8,0.1192,"High=30, Low=150",BSAM,0.9,3.0,1
high,30,0.2222,0.6667,0.1573,"High=30, Low=150",DILA,0.9,3.0,1
high,920,0.8391,0.4196,0.1329,"High=920, Low=2270",Control,0.5,0.5,2
high,552,0.8478,0.4239,0.1337,"High=552, Low=1362",DIR,0.5,0.5,2
high,920,0.8196,0.4098,0.1295,"High=920, Low=2270",BSAM,0.5,0.5,2
high,920,0.8152,0.4076,0.1298,"High=920, Low=2270",DILA,0.5,0.5,2
high,920,0.7304,0.5478,0.1329,"High=920, Low=2270",Control,0.5,0.75,2
high,552,0.7585,0.5688,0.1337,"High=552, Low=1362",DIR,0.5,0.75,2
high,920,0.7406,0.5554,0.1295,"High=920, Low=2270",BSAM,0.5,0.75,2
high,920,0.7145,0.5359,0.1298,"High=920, Low=2270",DILA,0.5,0.75,2
high,920,0.6326,0.6326,0.1329,"High=920, Low=2270",Control,0.5,1.0,2
high,552,0.6395,0.6395,0.1337,"High=552, Low=1362",DIR,0.5,1.0,2
high,920,0.6609,0.6609,0.1295,"High=920, Low=2270",BSAM,0.5,1.0,2
high,920,0.6217,0.6217,0.1298,"High=920, Low=2270",DILA,0.5,1.0,2
high,920,0.553,0.6913,0.1329,"High=920, Low=2270",Control,0.5,1.25,2
high,552,0.5623,0.7029,0.1337,"High=552, Low=1362",DIR,0.5,1.25,2
high,920,0.5748,0.7185,0.1295,"High=920, Low=2270",BSAM,0.5,1.25,2
high,920,0.5435,0.6793,0.1298,"High=920, Low=2270",DILA,0.5,1.25,2
high,920,0.492,0.738,0.1329,"High=920, Low=2270",Control,0.5,1.5,2
high,552,0.4952,0.7428,0.1337,"High=552, Low=1362",DIR,0.5,1.5,2
high,920,0.5094,0.7641,0.1295,"High=920, Low=2270",BSAM,0.5,1.5,2
high,920,0.4891,0.7337,0.1298,"High=920, Low=2270",DILA,0.5,1.5,2
high,920,0.4422,0.7739,0.1329,"High=920, Low=2270",Control,0.5,1.75,2
high,552,0.4451,0.779,0.1337,"High=552, Low=1362",DIR,0.5,1.75,2
high,920,0.459,0.8033,0.1295,"High=920, Low=2270",BSAM,0.5,1.75,2
high,920,0.4398,0.7696,0.1298,"High=920, Low=2270",DILA,0.5,1.75,2
high,920,0.4038,0.8076,0.1329,"High=920, Low=2270",Control,0.5,2.0,2
high,552,0.4004,0.8007,0.1337,"High=552, Low=1362",DIR,0.5,2.0,2
high,920,0.4152,0.8304,0.1295,"High=920, Low=2270",BSAM,0.5,2.0,2
high,920,0.3989,0.7978,0.1298,"High=920, Low=2270",DILA,0.5,2.0,2
high,920,0.3725,0.838,0.1329,"High=920, Low=2270",Control,0.5,2.25,2
high,552,0.368,0.8279,0.1337,"High=552, Low=1362",DIR,0.5,2.25,2
high,920,0.3812,0.8576,0.1295,"High=920, Low=2270",BSAM,0.5,2.25,2
high,920,0.3681,0.8283,0.1298,"High=920, Low=2270",DILA,0.5,2.25,2
high,920,0.3409,0.8522,0.1329,"High=920, Low=2270",Control,0.5,2.5,2
high,552,0.3399,0.8496,0.1337,"High=552, Low=1362",DIR,0.5,2.5,2
high,920,0.3504,0.8761,0.1295,"High=920, Low=2270",BSAM,0.5,2.5,2
high,920,0.3404,0.8511,0.1298,"High=920, Low=2270",DILA,0.5,2.5,2
high,920,0.3182,0.875,0.1329,"High=920, Low=2270",Control,0.5,2.75,2
high,552,0.3149,0.8659,0.1337,"High=552, Low=1362",DIR,0.5,2.75,2
high,920,0.3241,0.8913,0.1295,"High=920, Low=2270",BSAM,0.5,2.75,2
high,920,0.313,0.8609,0.1298,"High=920, Low=2270",DILA,0.5,2.75,2
high,920,0.2967,0.8902,0.1329,"High=920, Low=2270",Control,0.5,3.0,2
high,552,0.2941,0.8822,0.1337,"High=552, Low=1362",DIR,0.5,3.0,2
high,920,0.3025,0.9076,0.1295,"High=920, Low=2270",BSAM,0.5,3.0,2
high,920,0.2899,0.8696,0.1298,"High=920, Low=2270",DILA,0.5,3.0,2
high,775,0.8634,0.4323,0.1346,"High=775, Low=2030",Control,0.55,0.5,2
high,465,0.8498,0.4258,0.1378,"High=465, Low=1218",DIR,0.55,0.5,2
high,775,0.8376,0.4194,0.1373,"High=775, Low=2030",BSAM,0.55,0.5,2
high,775,0.817,0.409,0.1333,"High=775, Low=2030",DILA,0.55,0.5,2
high,775,0.744,0.5587,0.1346,"High=775, Low=2030",Control,0.55,0.75,2
high,465,0.7593,0.5699,0.1378,"High=465, Low=1218",DIR,0.55,0.75,2
high,775,0.7302,0.5484,0.1373,"High=775, Low=2030",BSAM,0.55,0.75,2
high,775,0.7354,0.5523,0.1333,"High=775, Low=2030",DILA,0.55,0.75,2
high,775,0.64,0.64,0.1346,"High=775, Low=2030",Control,0.55,1.0,2
high,465,0.6516,0.6516,0.1378,"High=465, Low=1218",DIR,0.55,1.0,2
high,775,0.6542,0.6542,0.1373,"High=775, Low=2030",BSAM,0.55,1.0,2
high,775,0.6374,0.6374,0.1333,"High=775, Low=2030",DILA,0.55,1.0,2
high,775,0.5604,0.7006,0.1346,"High=775, Low=2030",Control,0.55,1.25,2
high,465,0.5653,0.7075,0.1378,"High=465, Low=1218",DIR,0.55,1.25,2
high,775,0.5738,0.7174,0.1373,"High=775, Low=2030",BSAM,0.55,1.25,2
high,775,0.5531,0.6916,0.1333,"High=775, Low=2030",DILA,0.55,1.25,2
high,775,0.4961,0.7445,0.1346,"High=775, Low=2030",Control,0.55,1.5,2
high,465,0.4971,0.7462,0.1378,"High=465, Low=1218",DIR,0.55,1.5,2
high,775,0.5039,0.7561,0.1373,"High=775, Low=2030",BSAM,0.55,1.5,2
high,775,0.4901,0.7355,0.1333,"High=775, Low=2030",DILA,0.55,1.5,2
high,775,0.4385,0.7677,0.1346,"High=775, Low=2030",Control,0.55,1.75,2
high,465,0.4435,0.7763,0.1378,"High=465, Low=1218",DIR,0.55,1.75,2
high,775,0.4539,0.7948,0.1373,"High=775, Low=2030",BSAM,0.55,1.75,2
high,775,0.4385,0.7677,0.1333,"High=775, Low=2030",DILA,0.55,1.75,2
high,775,0.4,0.8,0.1346,"High=775, Low=2030",Control,0.55,2.0,2
high,465,0.4022,0.8043,0.1378,"High=465, Low=1218",DIR,0.55,2.0,2
high,775,0.409,0.8181,0.1373,"High=775, Low=2030",BSAM,0.55,2.0,2
high,775,0.3935,0.7871,0.1333,"High=775, Low=2030",DILA,0.55,2.0,2
high,775,0.3635,0.8181,0.1346,"High=775, Low=2030",Control,0.55,2.25,2
high,465,0.3601,0.8108,0.1378,"High=465, Low=1218",DIR,0.55,2.25,2
high,775,0.3727,0.8387,0.1373,"High=775, Low=2030",BSAM,0.55,2.25,2
high,775,0.3601,0.8103,0.1333,"High=775, Low=2030",DILA,0.55,2.25,2
high,775,0.338,0.8452,0.1346,"High=775, Low=2030",Control,0.55,2.5,2
high,465,0.3302,0.8258,0.1378,"High=465, Low=1218",DIR,0.55,2.5,2
high,775,0.3421,0.8555,0.1373,"High=775, Low=2030",BSAM,0.55,2.5,2
high,775,0.3297,0.8245,0.1333,"High=775, Low=2030",DILA,0.55,2.5,2
high,775,0.3119,0.8581,0.1346,"High=775, Low=2030",Control,0.55,2.75,2
high,465,0.3088,0.8495,0.1378,"High=465, Low=1218",DIR,0.55,2.75,2
high,775,0.3157,0.8684,0.1373,"High=775, Low=2030",BSAM,0.55,2.75,2
high,775,0.3086,0.849,0.1333,"High=775, Low=2030",DILA,0.55,2.75,2
high,775,0.2903,0.871,0.1346,"High=775, Low=2030",Control,0.55,3.0,2
high,465,0.2867,0.8602,0.1378,"High=465, Low=1218",DIR,0.55,3.0,2
high,775,0.2951,0.8852,0.1373,"High=775, Low=2030",BSAM,0.55,3.0,2
high,775,0.2873,0.8619,0.1333,"High=775, Low=2030",DILA,0.55,3.0,2
high,690,0.8667,0.4333,0.1309,"High=690, Low=1760",Control,0.6,0.5,2
high,414,0.8647,0.4324,0.1321,"High=414, Low=1056",DIR,0.6,0.5,2
high,690,0.8609,0.4304,0.1369,"High=690, Low=1760",BSAM,0.6,0.5,2
high,690,0.8261,0.413,0.1313,"High=690, Low=1760",DILA,0.6,0.5,2
high,690,0.7587,0.5696,0.1309,"High=690, Low=1760",Control,0.6,0.75,2
high,414,0.7717,0.5797,0.1321,"High=414, Low=1056",DIR,0.6,0.75,2
high,690,0.7587,0.5696,0.1369,"High=690, Low=1760",BSAM,0.6,0.75,2
high,690,0.7394,0.5551,0.1313,"High=690, Low=1760",DILA,0.6,0.75,2
high,690,0.6623,0.6623,0.1309,"High=690, Low=1760",Control,0.6,1.0,2
high,414,0.6884,0.6884,0.1321,"High=414, Low=1056",DIR,0.6,1.0,2
high,690,0.6739,0.6739,0.1369,"High=690, Low=1760",BSAM,0.6,1.0,2
high,690,0.6406,0.6406,0.1313,"High=690, Low=1760",DILA,0.6,1.0,2
high,690,0.5805,0.7261,0.1309,"High=690, Low=1760",Control,0.6,1.25,2
high,414,0.5907,0.7391,0.1321,"High=414, Low=1056",DIR,0.6,1.25,2
high,690,0.5956,0.7449,0.1369,"High=690, Low=1760",BSAM,0.6,1.25,2
high,690,0.5643,0.7058,0.1313,"High=690, Low=1760",DILA,0.6,1.25,2
high,690,0.513,0.7696,0.1309,"High=690, Low=1760",Control,0.6,1.5,2
high,414,0.5185,0.7778,0.1321,"High=414, Low=1056",DIR,0.6,1.5,2
high,690,0.5217,0.7826,0.1369,"High=690, Low=1760",BSAM,0.6,1.5,2
high,690,0.4928,0.7391,0.1313,"High=690, Low=1760",DILA,0.6,1.5,2
high,690,0.4553,0.7971,0.1309,"High=690, Low=1760",Control,0.6,1.75,2
high,414,0.4579,0.8019,0.1321,"High=414, Low=1056",DIR,0.6,1.75,2
high,690,0.4661,0.8159,0.1369,"High=690, Low=1760",BSAM,0.6,1.75,2
high,690,0.4412,0.7725,0.1313,"High=690, Low=1760",DILA,0.6,1.75,2
high,690,0.4072,0.8145,0.1309,"High=690, Low=1760",Control,0.6,2.0,2
high,414,0.4106,0.8213,0.1321,"High=414, Low=1056",DIR,0.6,2.0,2
high,690,0.4188,0.8377,0.1369,"High=690, Low=1760",BSAM,0.6,2.0,2
high,690,0.3986,0.7971,0.1313,"High=690, Low=1760",DILA,0.6,2.0,2
high,690,0.3735,0.8406,0.1309,"High=690, Low=1760",Control,0.6,2.25,2
high,414,0.3755,0.8454,0.1321,"High=414, Low=1056",DIR,0.6,2.25,2
high,690,0.3767,0.8478,0.1369,"High=690, Low=1760",BSAM,0.6,2.25,2
high,690,0.3612,0.813,0.1313,"High=690, Low=1760",DILA,0.6,2.25,2
high,690,0.3403,0.8507,0.1309,"High=690, Low=1760",Control,0.6,2.5,2
high,414,0.3411,0.8527,0.1321,"High=414, Low=1056",DIR,0.6,2.5,2
high,690,0.3449,0.8623,0.1369,"High=690, Low=1760",BSAM,0.6,2.5,2
high,690,0.3316,0.829,0.1313,"High=690, Low=1760",DILA,0.6,2.5,2
high,690,0.3151,0.8667,0.1309,"High=690, Low=1760",Control,0.6,2.75,2
high,414,0.3126,0.8599,0.1321,"High=414, Low=1056",DIR,0.6,2.75,2
high,690,0.3177,0.8739,0.1369,"High=690, Low=1760",BSAM,0.6,2.75,2
high,690,0.3066,0.8435,0.1313,"High=690, Low=1760",DILA,0.6,2.75,2
high,690,0.2937,0.8812,0.1309,"High=690, Low=1760",Control,0.6,3.0,2
high,414,0.2907,0.872,0.1321,"High=414, Low=1056",DIR,0.6,3.0,2
high,690,0.2957,0.887,0.1369,"High=690, Low=1760",BSAM,0.6,3.0,2
high,690,0.2874,0.8623,0.1313,"High=690, Low=1760",DILA,0.6,3.0,2
high,600,0.8433,0.4217,0.1281,"High=600, Low=1510",Control,0.65,0.5,2
high,360,0.8556,0.4278,0.1287,"High=360, Low=906",DIR,0.65,0.5,2
high,600,0.8467,0.4233,0.1348,"High=600, Low=1510",BSAM,0.65,0.5,2
high,600,0.8067,0.4033,0.1309,"High=600, Low=1510",DILA,0.65,0.5,2
high,600,0.7711,0.5783,0.1281,"High=600, Low=1510",Control,0.65,0.75,2
high,360,0.7593,0.5694,0.1287,"High=360, Low=906",DIR,0.65,0.75,2
high,600,0.7489,0.5617,0.1348,"High=600, Low=1510",BSAM,0.65,0.75,2
high,600,0.7222,0.5417,0.1309,"High=600, Low=1510",DILA,0.65,0.75,2
high,600,0.6667,0.6667,0.1281,"High=600, Low=1510",Control,0.65,1.0,2
high,360,0.6861,0.6861,0.1287,"High=360, Low=906",DIR,0.65,1.0,2
high,600,0.66,0.66,0.1348,"High=600, Low=1510",BSAM,0.65,1.0,2
high,600,0.6383,0.6383,0.1309,"High=600, Low=1510",DILA,0.65,1.0,2
high,600,0.584,0.73,0.1281,"High=600, Low=1510",Control,0.65,1.25,2
high,360,0.5911,0.7389,0.1287,"High=360, Low=906",DIR,0.65,1.25,2
high,600,0.5853,0.7317,0.1348,"High=600, Low=1510",BSAM,0.65,1.25,2
high,600,0.56,0.7,0.1309,"High=600, Low=1510",DILA,0.65,1.25,2
high,600,0.5167,0.775,0.1281,"High=600, Low=1510",Control,0.65,1.5,2
high,360,0.5167,0.775,0.1287,"High=360, Low=906",DIR,0.65,1.5,2
high,600,0.5256,0.7883,0.1348,"High=600, Low=1510",BSAM,0.65,1.5,2
high,600,0.4956,0.7433,0.1309,"High=600, Low=1510",DILA,0.65,1.5,2
high,600,0.4629,0.81,0.1281,"High=600, Low=1510",Control,0.65,1.75,2
high,360,0.4603,0.8056,0.1287,"High=360, Low=906",DIR,0.65,1.75,2
high,600,0.4676,0.8183,0.1348,"High=600, Low=1510",BSAM,0.65,1.75,2
high,600,0.44,0.77,0.1309,"High=600, Low=1510",DILA,0.65,1.75,2
high,600,0.415,0.83,0.1281,"High=600, Low=1510",Control,0.65,2.0,2
high,360,0.4125,0.825,0.1287,"High=360, Low=906",DIR,0.65,2.0,2
high,600,0.4225,0.845,0.1348,"High=600, Low=1510",BSAM,0.65,2.0,2
high,600,0.3992,0.7983,0.1309,"High=600, Low=1510",DILA,0.65,2.0,2
high,600,0.3733,0.84,0.1281,"High=600, Low=1510",Control,0.65,2.25,2
high,360,0.3741,0.8417,0.1287,"High=360, Low=906",DIR,0.65,2.25,2
high,600,0.3837,0.8633,0.1348,"High=600, Low=1510",BSAM,0.65,2.25,2
high,600,0.3652,0.8217,0.1309,"High=600, Low=1510",DILA,0.65,2.25,2
high,600,0.3407,0.8517,0.1281,"High=600, Low=1510",Control,0.65,2.5,2
high,360,0.3444,0.8611,0.1287,"High=360, Low=906",DIR,0.65,2.5,2
high,600,0.348,0.87,0.1348,"High=600, Low=1510",BSAM,0.65,2.5,2
high,600,0.3327,0.8317,0.1309,"High=600, Low=1510",DILA,0.65,2.5,2
high,600,0.3158,0.8683,0.1281,"High=600, Low=1510",Control,0.65,2.75,2
high,360,0.3162,0.8694,0.1287,"High=360, Low=906",DIR,0.65,2.75,2
high,600,0.3236,0.89,0.1348,"High=600, Low=1510",BSAM,0.65,2.75,2
high,600,0.3067,0.8433,0.1309,"High=600, Low=1510",DILA,0.65,2.75,2
high,600,0.2928,0.8783,0.1281,"High=600, Low=1510",Control,0.65,3.0,2
high,360,0.2907,0.8722,0.1287,"High=360, Low=906",DIR,0.65,3.0,2
high,600,0.2994,0.8983,0.1348,"High=600, Low=1510",BSAM,0.65,3.0,2
high,600,0.285,0.855,0.1309,"High=600, Low=1510",DILA,0.65,3.0,2
high,505,0.834,0.4178,0.1319,"High=505, Low=1305",Control,0.7,0.5,2
high,303,0.8421,0.4224,0.1344,"High=303, Low=783",DIR,0.7,0.5,2
high,505,0.8498,0.4257,0.1397,"High=505, Low=1305",BSAM,0.7,0.5,2
high,505,0.7984,0.4,0.1335,"High=505, Low=1305",DILA,0.7,0.5,2
high,505,0.7335,0.5505,0.1319,"High=505, Low=1305",Control,0.7,0.75,2
high,303,0.75,0.5644,0.1344,"High=303, Low=783",DIR,0.7,0.75,2
high,505,0.7335,0.5505,0.1397,"High=505, Low=1305",BSAM,0.7,0.75,2
high,505,0.7098,0.5327,0.1335,"High=505, Low=1305",DILA,0.7,0.75,2
high,505,0.6238,0.6238,0.1319,"High=505, Low=1305",Control,0.7,1.0,2
high,303,0.637,0.637,0.1344,"High=303, Low=783",DIR,0.7,1.0,2
high,505,0.6436,0.6436,0.1397,"High=505, Low=1305",BSAM,0.7,1.0,2
high,505,0.6119,0.6119,0.1335,"High=505, Low=1305",DILA,0.7,1.0,2
high,505,0.5601,0.701,0.1319,"High=505, Low=1305",Control,0.7,1.25,2
high,303,0.5805,0.7261,0.1344,"High=303, Low=783",DIR,0.7,1.25,2
high,505,0.568,0.7109,0.1397,"High=505, Low=1305",BSAM,0.7,1.25,2
high,505,0.5364,0.6713,0.1335,"High=505, Low=1305",DILA,0.7,1.25,2
high,505,0.4987,0.7485,0.1319,"High=505, Low=1305",Control,0.7,1.5,2
high,303,0.5033,0.7558,0.1344,"High=303, Low=783",DIR,0.7,1.5,2
high,505,0.5119,0.7683,0.1397,"High=505, Low=1305",BSAM,0.7,1.5,2
high,505,0.4815,0.7228,0.1335,"High=505, Low=1305",DILA,0.7,1.5,2
high,505,0.4514,0.7901,0.1319,"High=505, Low=1305",Control,0.7,1.75,2
high,303,0.4463,0.7822,0.1344,"High=303, Low=783",DIR,0.7,1.75,2
high,505,0.4627,0.8099,0.1397,"High=505, Low=1305",BSAM,0.7,1.75,2
high,505,0.4378,0.7663,0.1335,"High=505, Low=1305",DILA,0.7,1.75,2
high,505,0.4099,0.8198,0.1319,"High=505, Low=1305",Control,0.7,2.0,2
high,303,0.401,0.802,0.1344,"High=303, Low=783",DIR,0.7,2.0,2
high,505,0.4158,0.8317,0.1397,"High=505, Low=1305",BSAM,0.7,2.0,2
high,505,0.3941,0.7881,0.1335,"High=505, Low=1305",DILA,0.7,2.0,2
high,505,0.372,0.8376,0.1319,"High=505, Low=1305",Control,0.7,2.25,2
high,303,0.3636,0.8185,0.1344,"High=303, Low=783",DIR,0.7,2.25,2
high,505,0.3799,0.8554,0.1397,"High=505, Low=1305",BSAM,0.7,2.25,2
high,505,0.358,0.8059,0.1335,"High=505, Low=1305",DILA,0.7,2.25,2
high,505,0.3397,0.8495,0.1319,"High=505, Low=1305",Control,0.7,2.5,2
high,303,0.3338,0.835,0.1344,"High=303, Low=783",DIR,0.7,2.5,2
high,505,0.346,0.8653,0.1397,"High=505, Low=1305",BSAM,0.7,2.5,2
high,505,0.3286,0.8218,0.1335,"High=505, Low=1305",DILA,0.7,2.5,2
high,505,0.3103,0.8535,0.1319,"High=505, Low=1305",Control,0.7,2.75,2
high,303,0.3082,0.8482,0.1344,"High=303, Low=783",DIR,0.7,2.75,2
high,505,0.3204,0.8812,0.1397,"High=505, Low=1305",BSAM,0.7,2.75,2
high,505,0.3067,0.8436,0.1335,"High=505, Low=1305",DILA,0.7,2.75,2
high,505,0.2891,0.8673,0.1319,"High=505, Low=1305",Control,0.7,3.0,2
high,303,0.2893,0.868,0.1344,"High=303, Low=783",DIR,0.7,3.0,2
high,505,0.2957,0.8871,0.1397,"High=505, Low=1305",BSAM,0.7,3.0,2
high,505,0.2825,0.8475,0.1335,"High=505, Low=1305",DILA,0.7,3.0,2
high,425,0.8685,0.4353,0.1381,"High=425, Low=1055",Control,0.75,0.5,2
high,255,0.9062,0.4549,0.1442,"High=255, Low=633",DIR,0.75,0.5,2
high,425,0.8545,0.4282,0.1496,"High=425, Low=1055",BSAM,0.75,0.5,2
high,425,0.7934,0.3976,0.1396,"High=425, Low=1055",DILA,0.75,0.5,2
high,425,0.7241,0.5435,0.1381,"High=425, Low=1055",Control,0.75,0.75,2
high,255,0.7344,0.5529,0.1442,"High=255, Low=633",DIR,0.75,0.75,2
high,425,0.7179,0.5388,0.1496,"High=425, Low=1055",BSAM,0.75,0.75,2
high,425,0.7147,0.5365,0.1396,"High=425, Low=1055",DILA,0.75,0.75,2
high,425,0.6188,0.6188,0.1381,"High=425, Low=1055",Control,0.75,1.0,2
high,255,0.6235,0.6235,0.1442,"High=255, Low=633",DIR,0.75,1.0,2
high,425,0.6118,0.6118,0.1496,"High=425, Low=1055",BSAM,0.75,1.0,2
high,425,0.6024,0.6024,0.1396,"High=425, Low=1055",DILA,0.75,1.0,2
high,425,0.5489,0.6871,0.1381,"High=425, Low=1055",Control,0.75,1.25,2
high,255,0.5392,0.6745,0.1442,"High=255, Low=633",DIR,0.75,1.25,2
high,425,0.5526,0.6918,0.1496,"High=425, Low=1055",BSAM,0.75,1.25,2
high,425,0.5301,0.6635,0.1396,"High=425, Low=1055",DILA,0.75,1.25,2
high,425,0.4859,0.7294,0.1381,"High=425, Low=1055",Control,0.75,1.5,2
high,255,0.4909,0.7373,0.1442,"High=255, Low=633",DIR,0.75,1.5,2
high,425,0.4875,0.7318,0.1496,"High=425, Low=1055",BSAM,0.75,1.5,2
high,425,0.4655,0.6988,0.1396,"High=425, Low=1055",DILA,0.75,1.5,2
high,425,0.4382,0.7671,0.1381,"High=425, Low=1055",Control,0.75,1.75,2
high,255,0.4362,0.7647,0.1442,"High=255, Low=633",DIR,0.75,1.75,2
high,425,0.4409,0.7718,0.1496,"High=425, Low=1055",BSAM,0.75,1.75,2
high,425,0.4247,0.7435,0.1396,"High=425, Low=1055",DILA,0.75,1.75,2
high,425,0.3976,0.7953,0.1381,"High=425, Low=1055",Control,0.75,2.0,2
high,255,0.3902,0.7804,0.1442,"High=255, Low=633",DIR,0.75,2.0,2
high,425,0.4071,0.8141,0.1496,"High=425, Low=1055",BSAM,0.75,2.0,2
high,425,0.3859,0.7718,0.1396,"High=425, Low=1055",DILA,0.75,2.0,2
high,425,0.3574,0.8047,0.1381,"High=425, Low=1055",Control,0.75,2.25,2
high,255,0.3554,0.8,0.1442,"High=255, Low=633",DIR,0.75,2.25,2
high,425,0.3699,0.8329,0.1496,"High=425, Low=1055",BSAM,0.75,2.25,2
high,425,0.349,0.7859,0.1396,"High=425, Low=1055",DILA,0.75,2.25,2
high,425,0.3302,0.8259,0.1381,"High=425, Low=1055",Control,0.75,2.5,2
high,255,0.326,0.8157,0.1442,"High=255, Low=633",DIR,0.75,2.5,2
high,425,0.3387,0.8471,0.1496,"High=425, Low=1055",BSAM,0.75,2.5,2
high,425,0.3217,0.8047,0.1396,"High=425, Low=1055",DILA,0.75,2.5,2
high,425,0.3054,0.84,0.1381,"High=425, Low=1055",Control,0.75,2.75,2
high,255,0.2991,0.8235,0.1442,"High=255, Low=633",DIR,0.75,2.75,2
high,425,0.3139,0.8635,0.1496,"High=425, Low=1055",BSAM,0.75,2.75,2
high,425,0.2968,0.8165,0.1396,"High=425, Low=1055",DILA,0.75,2.75,2
high,425,0.2824,0.8471,0.1381,"High=425, Low=1055",Control,0.75,3.0,2
high,255,0.2797,0.8392,0.1442,"High=255, Low=633",DIR,0.75,3.0,2
high,425,0.291,0.8729,0.1496,"High=425, Low=1055",BSAM,0.75,3.0,2
high,425,0.2761,0.8282,0.1396,"High=425, Low=1055",DILA,0.75,3.0,2
high,345,0.8671,0.4348,0.1311,"High=345, Low=830",Control,0.8,0.5,2
high,207,0.875,0.4396,0.1383,"High=207, Low=498",DIR,0.8,0.5,2
high,345,0.8786,0.4406,0.1454,"High=345, Low=830",BSAM,0.8,0.5,2
high,345,0.7919,0.3971,0.1349,"High=345, Low=830",DILA,0.8,0.5,2
high,345,0.7568,0.5681,0.1311,"High=345, Low=830",Control,0.8,0.75,2
high,207,0.75,0.5652,0.1383,"High=207, Low=498",DIR,0.8,0.75,2
high,345,0.7413,0.5565,0.1454,"High=345, Low=830",BSAM,0.8,0.75,2
high,345,0.7259,0.5449,0.1349,"High=345, Low=830",DILA,0.8,0.75,2
high,345,0.6522,0.6522,0.1311,"High=345, Low=830",Control,0.8,1.0,2
high,207,0.6473,0.6473,0.1383,"High=207, Low=498",DIR,0.8,1.0,2
high,345,0.6406,0.6406,0.1454,"High=345, Low=830",BSAM,0.8,1.0,2
high,345,0.6406,0.6406,0.1349,"High=345, Low=830",DILA,0.8,1.0,2
high,345,0.5532,0.6928,0.1311,"High=345, Low=830",Control,0.8,1.25,2
high,207,0.5637,0.7053,0.1383,"High=207, Low=498",DIR,0.8,1.25,2
high,345,0.5556,0.6957,0.1454,"High=345, Low=830",BSAM,0.8,1.25,2
high,345,0.5486,0.687,0.1349,"High=345, Low=830",DILA,0.8,1.25,2
high,345,0.4942,0.742,0.1311,"High=345, Low=830",Control,0.8,1.5,2
high,207,0.4823,0.7246,0.1383,"High=207, Low=498",DIR,0.8,1.5,2
high,345,0.4923,0.7391,0.1454,"High=345, Low=830",BSAM,0.8,1.5,2
high,345,0.4807,0.7217,0.1349,"High=345, Low=830",DILA,0.8,1.5,2
high,345,0.4421,0.7739,0.1311,"High=345, Low=830",Control,0.8,1.75,2
high,207,0.4353,0.7633,0.1383,"High=207, Low=498",DIR,0.8,1.75,2
high,345,0.4454,0.7797,0.1454,"High=345, Low=830",BSAM,0.8,1.75,2
high,345,0.4288,0.7507,0.1349,"High=345, Low=830",DILA,0.8,1.75,2
high,345,0.3957,0.7913,0.1311,"High=345, Low=830",Control,0.8,2.0,2
high,207,0.3937,0.7874,0.1383,"High=207, Low=498",DIR,0.8,2.0,2
high,345,0.4014,0.8029,0.1454,"High=345, Low=830",BSAM,0.8,2.0,2
high,345,0.387,0.7739,0.1349,"High=345, Low=830",DILA,0.8,2.0,2
high,345,0.3604,0.8116,0.1311,"High=345, Low=830",Control,0.8,2.25,2
high,207,0.3498,0.7874,0.1383,"High=207, Low=498",DIR,0.8,2.25,2
high,345,0.3707,0.8348,0.1454,"High=345, Low=830",BSAM,0.8,2.25,2
high,345,0.3514,0.7913,0.1349,"High=345, Low=830",DILA,0.8,2.25,2
high,345,0.3326,0.8319,0.1311,"High=345, Low=830",Control,0.8,2.5,2
high,207,0.3224,0.8068,0.1383,"High=207, Low=498",DIR,0.8,2.5,2
high,345,0.3418,0.8551,0.1454,"High=345, Low=830",BSAM,0.8,2.5,2
high,345,0.3233,0.8087,0.1349,"High=345, Low=830",DILA,0.8,2.5,2
high,345,0.3035,0.8348,0.1311,"High=345, Low=830",Control,0.8,2.75,2
high,207,0.2947,0.8116,0.1383,"High=207, Low=498",DIR,0.8,2.75,2
high,345,0.3161,0.8696,0.1454,"High=345, Low=830",BSAM,0.8,2.75,2
high,345,0.2961,0.8145,0.1349,"High=345, Low=830",DILA,0.8,2.75,2
high,345,0.2831,0.8493,0.1311,"High=345, Low=830",Control,0.8,3.0,2
high,207,0.2786,0.8357,0.1383,"High=207, Low=498",DIR,0.8,3.0,2
high,345,0.2928,0.8783,0.1454,"High=345, Low=830",BSAM,0.8,3.0,2
high,345,0.2763,0.829,0.1349,"High=345, Low=830",DILA,0.8,3.0,2
high,170,0.6235,0.3118,0.1516,"High=170, Low=640",Control,0.8500000000000001,0.5,2
high,102,0.6275,0.3137,0.1444,"High=102, Low=384",DIR,0.8500000000000001,0.5,2
high,170,0.5529,0.2765,0.1926,"High=170, Low=640",BSAM,0.8500000000000001,0.5,2
high,170,0.7294,0.3647,0.1465,"High=170, Low=640",DILA,0.8500000000000001,0.5,2
high,170,0.5078,0.3824,0.1516,"High=170, Low=640",Control,0.8500000000000001,0.75,2
high,102,0.5974,0.451,0.1444,"High=102, Low=384",DIR,0.8500000000000001,0.75,2
high,170,0.5078,0.3824,0.1926,"High=170, Low=640",BSAM,0.8500000000000001,0.75,2
high,170,0.5781,0.4353,0.1465,"High=170, Low=640",DILA,0.8500000000000001,0.75,2
high,170,0.4588,0.4588,0.1516,"High=170, Low=640",Control,0.8500000000000001,1.0,2
high,102,0.5392,0.5392,0.1444,"High=102, Low=384",DIR,0.8500000000000001,1.0,2
high,170,0.4765,0.4765,0.1926,"High=170, Low=640",BSAM,0.8500000000000001,1.0,2
high,170,0.5176,0.5176,0.1465,"High=170, Low=640",DILA,0.8500000000000001,1.0,2
high,170,0.4554,0.5706,0.1516,"High=170, Low=640",Control,0.8500000000000001,1.25,2
high,102,0.4922,0.6176,0.1444,"High=102, Low=384",DIR,0.8500000000000001,1.25,2
high,170,0.4507,0.5647,0.1926,"High=170, Low=640",BSAM,0.8500000000000001,1.25,2
high,170,0.4742,0.5941,0.1465,"High=170, Low=640",DILA,0.8500000000000001,1.25,2
high,170,0.4039,0.6059,0.1516,"High=170, Low=640",Control,0.8500000000000001,1.5,2
high,102,0.4248,0.6373,0.1444,"High=102, Low=384",DIR,0.8500000000000001,1.5,2
high,170,0.4078,0.6118,0.1926,"High=170, Low=640",BSAM,0.8500000000000001,1.5,2
high,170,0.4157,0.6235,0.1465,"High=170, Low=640",DILA,0.8500000000000001,1.5,2
high,170,0.349,0.6118,0.1516,"High=170, Low=640",Control,0.8500000000000001,1.75,2
high,102,0.3855,0.6765,0.1444,"High=102, Low=384",DIR,0.8500000000000001,1.75,2
high,170,0.3792,0.6647,0.1926,"High=170, Low=640",BSAM,0.8500000000000001,1.75,2
high,170,0.3826,0.6706,0.1465,"High=170, Low=640",DILA,0.8500000000000001,1.75,2
high,170,0.3412,0.6824,0.1516,"High=170, Low=640",Control,0.8500000000000001,2.0,2
high,102,0.3529,0.7059,0.1444,"High=102, Low=384",DIR,0.8500000000000001,2.0,2
high,170,0.3412,0.6824,0.1926,"High=170, Low=640",BSAM,0.8500000000000001,2.0,2
high,170,0.3559,0.7118,0.1465,"High=170, Low=640",DILA,0.8500000000000001,2.0,2
high,170,0.3133,0.7059,0.1516,"High=170, Low=640",Control,0.8500000000000001,2.25,2
high,102,0.3304,0.7451,0.1444,"High=102, Low=384",DIR,0.8500000000000001,2.25,2
high,170,0.3159,0.7118,0.1926,"High=170, Low=640",BSAM,0.8500000000000001,2.25,2
high,170,0.3264,0.7353,0.1465,"High=170, Low=640",DILA,0.8500000000000001,2.25,2
high,170,0.2894,0.7235,0.1516,"High=170, Low=640",Control,0.8500000000000001,2.5,2
high,102,0.3098,0.7745,0.1444,"High=102, Low=384",DIR,0.8500000000000001,2.5,2
high,170,0.2941,0.7353,0.1926,"High=170, Low=640",BSAM,0.8500000000000001,2.5,2
high,170,0.3035,0.7588,0.1465,"High=170, Low=640",DILA,0.8500000000000001,2.5,2
high,170,0.2714,0.7471,0.1516,"High=170, Low=640",Control,0.8500000000000001,2.75,2
high,102,0.2811,0.7745,0.1444,"High=102, Low=384",DIR,0.8500000000000001,2.75,2
high,170,0.2735,0.7529,0.1926,"High=170, Low=640",BSAM,0.8500000000000001,2.75,2
high,170,0.2799,0.7706,0.1465,"High=170, Low=640",DILA,0.8500000000000001,2.75,2
high,170,0.2569,0.7706,0.1516,"High=170, Low=640",Control,0.8500000000000001,3.0,2
high,102,0.2614,0.7843,0.1444,"High=102, Low=384",DIR,0.8500000000000001,3.0,2
high,170,0.2588,0.7765,0.1926,"High=170, Low=640",BSAM,0.8500000000000001,3.0,2
high,170,0.2647,0.7941,0.1465,"High=170, Low=640",DILA,0.8500000000000001,3.0,2
high,85,0.5814,0.2941,0.1882,"High=85, Low=340",Control,0.9,0.5,2
high,51,0.7692,0.3922,0.1519,"High=51, Low=204",DIR,0.9,0.5,2
high,85,0.3256,0.1647,0.2719,"High=85, Low=340",BSAM,0.9,0.5,2
high,85,0.6512,0.3294,0.1864,"High=85, Low=340",DILA,0.9,0.5,2
high,85,0.5,0.3765,0.1882,"High=85, Low=340",Control,0.9,0.75,2
high,51,0.5897,0.451,0.1519,"High=51, Low=204",DIR,0.9,0.75,2
high,85,0.2969,0.2235,0.2719,"High=85, Low=340",BSAM,0.9,0.75,2
high,85,0.5312,0.4,0.1864,"High=85, Low=340",DILA,0.9,0.75,2
high,85,0.3882,0.3882,0.1882,"High=85, Low=340",Control,0.9,1.0,2
high,51,0.5098,0.5098,0.1519,"High=51, Low=204",DIR,0.9,1.0,2
high,85,0.3059,0.3059,0.2719,"High=85, Low=340",BSAM,0.9,1.0,2
high,85,0.4941,0.4941,0.1864,"High=85, Low=340",DILA,0.9,1.0,2
high,85,0.3271,0.4118,0.1882,"High=85, Low=340",Control,0.9,1.25,2
high,51,0.4219,0.5294,0.1519,"High=51, Low=204",DIR,0.9,1.25,2
high,85,0.3178,0.4,0.2719,"High=85, Low=340",BSAM,0.9,1.25,2
high,85,0.4299,0.5412,0.1864,"High=85, Low=340",DILA,0.9,1.25,2
high,85,0.2969,0.4471,0.1882,"High=85, Low=340",Control,0.9,1.5,2
high,51,0.3766,0.5686,0.1519,"High=51, Low=204",DIR,0.9,1.5,2
high,85,0.2734,0.4118,0.2719,"High=85, Low=340",BSAM,0.9,1.5,2
high,85,0.3594,0.5412,0.1864,"High=85, Low=340",DILA,0.9,1.5,2
high,85,0.2617,0.4588,0.1882,"High=85, Low=340",Control,0.9,1.75,2
high,51,0.3222,0.5686,0.1519,"High=51, Low=204",DIR,0.9,1.75,2
high,85,0.2483,0.4353,0.2719,"High=85, Low=340",BSAM,0.9,1.75,2
high,85,0.3221,0.5647,0.1864,"High=85, Low=340",DILA,0.9,1.75,2
high,85,0.2529,0.5059,0.1882,"High=85, Low=340",Control,0.9,2.0,2
high,51,0.2941,0.5882,0.1519,"High=51, Low=204",DIR,0.9,2.0,2
high,85,0.2353,0.4706,0.2719,"High=85, Low=340",BSAM,0.9,2.0,2
high,85,0.3,0.6,0.1864,"High=85, Low=340",DILA,0.9,2.0,2
high,85,0.25,0.5647,0.1882,"High=85, Low=340",Control,0.9,2.25,2
high,51,0.2609,0.5882,0.1519,"High=51, Low=204",DIR,0.9,2.25,2
high,85,0.2292,0.5176,0.2719,"High=85, Low=340",BSAM,0.9,2.25,2
high,85,0.2656,0.6,0.1864,"High=85, Low=340",DILA,0.9,2.25,2
high,85,0.23,0.5765,0.1882,"High=85, Low=340",Control,0.9,2.5,2
high,51,0.25,0.6275,0.1519,"High=51, Low=204",DIR,0.9,2.5,2
high,85,0.23,0.5765,0.2719,"High=85, Low=340",BSAM,0.9,2.5,2
high,85,0.2441,0.6118,0.1864,"High=85, Low=340",DILA,0.9,2.5,2
high,85,0.2137,0.5882,0.1882,"High=85, Low=340",Control,0.9,2.75,2
high,51,0.227,0.6275,0.1519,"High=51, Low=204",DIR,0.9,2.75,2
high,85,0.2137,0.5882,0.2719,"High=85, Low=340",BSAM,0.9,2.75,2
high,85,0.2265,0.6235,0.1864,"High=85, Low=340",DILA,0.9,2.75,2
high,85,0.2,0.6,0.1882,"High=85, Low=340",Control,0.9,3.0,2
high,51,0.2157,0.6471,0.1519,"High=51, Low=204",DIR,0.9,3.0,2
high,85,0.2,0.6,0.2719,"High=85, Low=340",BSAM,0.9,3.0,2
high,85,0.2118,0.6353,0.1864,"High=85, Low=340",DILA,0.9,3.0,2
high,240,0.9333,0.4667,0.0728,"High=240, Low=745",Control,0.5,0.5,3
high,240,0.9167,0.4583,0.0844,"High=240, Low=745",DIR,0.5,0.5,3
high,240,0.9417,0.4708,0.0821,"High=240, Low=745",BSAM,0.5,0.5,3
high,240,0.9333,0.4667,0.09,"High=240, Low=745",DILA,0.5,0.5,3
high,240,0.9,0.675,0.0728,"High=240, Low=745",Control,0.5,0.75,3
high,240,0.85,0.6375,0.0844,"High=240, Low=745",DIR,0.5,0.75,3
high,240,0.8778,0.6583,0.0821,"High=240, Low=745",BSAM,0.5,0.75,3
high,240,0.8278,0.6208,0.09,"High=240, Low=745",DILA,0.5,0.75,3
high,240,0.8125,0.8125,0.0728,"High=240, Low=745",Control,0.5,1.0,3
high,240,0.7833,0.7833,0.0844,"High=240, Low=745",DIR,0.5,1.0,3
high,240,0.7792,0.7792,0.0821,"High=240, Low=745",BSAM,0.5,1.0,3
high,240,0.75,0.75,0.09,"High=240, Low=745",DILA,0.5,1.0,3
high,240,0.7,0.875,0.0728,"High=240, Low=745",Control,0.5,1.25,3
high,240,0.6933,0.8667,0.0844,"High=240, Low=745",DIR,0.5,1.25,3
high,240,0.6833,0.8542,0.0821,"High=240, Low=745",BSAM,0.5,1.25,3
high,240,0.66,0.825,0.09,"High=240, Low=745",DILA,0.5,1.25,3
high,240,0.6028,0.9042,0.0728,"High=240, Low=745",Control,0.5,1.5,3
high,240,0.6028,0.9042,0.0844,"High=240, Low=745",DIR,0.5,1.5,3
high,240,0.6056,0.9083,0.0821,"High=240, Low=745",BSAM,0.5,1.5,3
high,240,0.5806,0.8708,0.09,"High=240, Low=745",DILA,0.5,1.5,3
high,240,0.531,0.9292,0.0728,"High=240, Low=745",Control,0.5,1.75,3
high,240,0.5238,0.9167,0.0844,"High=240, Low=745",DIR,0.5,1.75,3
high,240,0.5333,0.9333,0.0821,"High=240, Low=745",BSAM,0.5,1.75,3
high,240,0.5119,0.8958,0.09,"High=240, Low=745",DILA,0.5,1.75,3
high,240,0.4771,0.9542,0.0728,"High=240, Low=745",Control,0.5,2.0,3
high,240,0.4688,0.9375,0.0844,"High=240, Low=745",DIR,0.5,2.0,3
high,240,0.4708,0.9417,0.0821,"High=240, Low=745",BSAM,0.5,2.0,3
high,240,0.4562,0.9125,0.09,"High=240, Low=745",DILA,0.5,2.0,3
high,240,0.4241,0.9542,0.0728,"High=240, Low=745",Control,0.5,2.25,3
high,240,0.4241,0.9542,0.0844,"High=240, Low=745",DIR,0.5,2.25,3
high,240,0.4259,0.9583,0.0821,"High=240, Low=745",BSAM,0.5,2.25,3
high,240,0.4074,0.9167,0.09,"High=240, Low=745",DILA,0.5,2.25,3
high,240,0.3883,0.9708,0.0728,"High=240, Low=745",Control,0.5,2.5,3
high,240,0.39,0.975,0.0844,"High=240, Low=745",DIR,0.5,2.5,3
high,240,0.3867,0.9667,0.0821,"High=240, Low=745",BSAM,0.5,2.5,3
high,240,0.375,0.9375,0.09,"High=240, Low=745",DILA,0.5,2.5,3
high,240,0.3545,0.975,0.0728,"High=240, Low=745",Control,0.5,2.75,3
high,240,0.3545,0.975,0.0844,"High=240, Low=745",DIR,0.5,2.75,3
high,240,0.353,0.9708,0.0821,"High=240, Low=745",BSAM,0.5,2.75,3
high,240,0.347,0.9542,0.09,"High=240, Low=745",DILA,0.5,2.75,3
high,240,0.325,0.975,0.0728,"High=240, Low=745",Control,0.5,3.0,3
high,240,0.325,0.975,0.0844,"High=240, Low=745",DIR,0.5,3.0,3
high,240,0.3236,0.9708,0.0821,"High=240, Low=745",BSAM,0.5,3.0,3
high,240,0.3208,0.9625,0.09,"High=240, Low=745",DILA,0.5,3.0,3
high,225,0.9381,0.4711,0.0716,"High=225, Low=630",Control,0.55,0.5,3
high,225,0.9292,0.4667,0.0831,"High=225, Low=630",DIR,0.55,0.5,3
high,225,0.9381,0.4711,0.0802,"High=225, Low=630",BSAM,0.55,0.5,3
high,225,0.9381,0.4711,0.087,"High=225, Low=630",DILA,0.55,0.5,3
high,225,0.9053,0.68,0.0716,"High=225, Low=630",Control,0.55,0.75,3
high,225,0.8402,0.6311,0.0831,"High=225, Low=630",DIR,0.55,0.75,3
high,225,0.8817,0.6622,0.0802,"High=225, Low=630",BSAM,0.55,0.75,3
high,225,0.8284,0.6222,0.087,"High=225, Low=630",DILA,0.55,0.75,3
high,225,0.8133,0.8133,0.0716,"High=225, Low=630",Control,0.55,1.0,3
high,225,0.7956,0.7956,0.0831,"High=225, Low=630",DIR,0.55,1.0,3
high,225,0.7867,0.7867,0.0802,"High=225, Low=630",BSAM,0.55,1.0,3
high,225,0.7644,0.7644,0.087,"High=225, Low=630",DILA,0.55,1.0,3
high,225,0.7057,0.8844,0.0716,"High=225, Low=630",Control,0.55,1.25,3
high,225,0.6844,0.8578,0.0831,"High=225, Low=630",DIR,0.55,1.25,3
high,225,0.6844,0.8578,0.0802,"High=225, Low=630",BSAM,0.55,1.25,3
high,225,0.6738,0.8444,0.087,"High=225, Low=630",DILA,0.55,1.25,3
high,225,0.6154,0.9244,0.0716,"High=225, Low=630",Control,0.55,1.5,3
high,225,0.6095,0.9156,0.0831,"High=225, Low=630",DIR,0.55,1.5,3
high,225,0.5976,0.8978,0.0802,"High=225, Low=630",BSAM,0.55,1.5,3
high,225,0.5917,0.8889,0.087,"High=225, Low=630",DILA,0.55,1.5,3
high,225,0.5381,0.9422,0.0716,"High=225, Low=630",Control,0.55,1.75,3
high,225,0.5355,0.9378,0.0831,"High=225, Low=630",DIR,0.55,1.75,3
high,225,0.5406,0.9467,0.0802,"High=225, Low=630",BSAM,0.55,1.75,3
high,225,0.5228,0.9156,0.087,"High=225, Low=630",DILA,0.55,1.75,3
high,225,0.4778,0.9556,0.0716,"High=225, Low=630",Control,0.55,2.0,3
high,225,0.4733,0.9467,0.0831,"High=225, Low=630",DIR,0.55,2.0,3
high,225,0.4778,0.9556,0.0802,"High=225, Low=630",BSAM,0.55,2.0,3
high,225,0.4644,0.9289,0.087,"High=225, Low=630",DILA,0.55,2.0,3
high,225,0.428,0.9644,0.0716,"High=225, Low=630",Control,0.55,2.25,3
high,225,0.426,0.96,0.0831,"High=225, Low=630",DIR,0.55,2.25,3
high,225,0.43,0.9689,0.0802,"High=225, Low=630",BSAM,0.55,2.25,3
high,225,0.4181,0.9422,0.087,"High=225, Low=630",DILA,0.55,2.25,3
high,225,0.3872,0.9689,0.0716,"High=225, Low=630",Control,0.55,2.5,3
high,225,0.389,0.9733,0.0831,"High=225, Low=630",DIR,0.55,2.5,3
high,225,0.3908,0.9778,0.0802,"High=225, Low=630",BSAM,0.55,2.5,3
high,225,0.3801,0.9511,0.087,"High=225, Low=630",DILA,0.55,2.5,3
high,225,0.3586,0.9867,0.0716,"High=225, Low=630",Control,0.55,2.75,3
high,225,0.357,0.9822,0.0831,"High=225, Low=630",DIR,0.55,2.75,3
high,225,0.357,0.9822,0.0802,"High=225, Low=630",BSAM,0.55,2.75,3
high,225,0.3489,0.96,0.087,"High=225, Low=630",DILA,0.55,2.75,3
high,225,0.3289,0.9867,0.0716,"High=225, Low=630",Control,0.55,3.0,3
high,225,0.3274,0.9822,0.0831,"High=225, Low=630",DIR,0.55,3.0,3
high,225,0.3289,0.9867,0.0802,"High=225, Low=630",BSAM,0.55,3.0,3
high,225,0.323,0.9689,0.087,"High=225, Low=630",DILA,0.55,3.0,3
high,220,0.9364,0.4682,0.0709,"High=220, Low=555",Control,0.6,0.5,3
high,220,0.9364,0.4682,0.0833,"High=220, Low=555",DIR,0.6,0.5,3
high,220,0.9364,0.4682,0.0799,"High=220, Low=555",BSAM,0.6,0.5,3
high,220,0.9455,0.4727,0.0866,"High=220, Low=555",DILA,0.6,0.5,3
high,220,0.9091,0.6818,0.0709,"High=220, Low=555",Control,0.6,0.75,3
high,220,0.8545,0.6409,0.0833,"High=220, Low=555",DIR,0.6,0.75,3
high,220,0.8788,0.6591,0.0799,"High=220, Low=555",BSAM,0.6,0.75,3
high,220,0.8424,0.6318,0.0866,"High=220, Low=555",DILA,0.6,0.75,3
high,220,0.8273,0.8273,0.0709,"High=220, Low=555",Control,0.6,1.0,3
high,220,0.8,0.8,0.0833,"High=220, Low=555",DIR,0.6,1.0,3
high,220,0.7955,0.7955,0.0799,"High=220, Low=555",BSAM,0.6,1.0,3
high,220,0.7773,0.7773,0.0866,"High=220, Low=555",DILA,0.6,1.0,3
high,220,0.72,0.9,0.0709,"High=220, Low=555",Control,0.6,1.25,3
high,220,0.6945,0.8682,0.0833,"High=220, Low=555",DIR,0.6,1.25,3
high,220,0.6982,0.8727,0.0799,"High=220, Low=555",BSAM,0.6,1.25,3
high,220,0.6764,0.8455,0.0866,"High=220, Low=555",DILA,0.6,1.25,3
high,220,0.6242,0.9364,0.0709,"High=220, Low=555",Control,0.6,1.5,3
high,220,0.6182,0.9273,0.0833,"High=220, Low=555",DIR,0.6,1.5,3
high,220,0.6061,0.9091,0.0799,"High=220, Low=555",BSAM,0.6,1.5,3
high,220,0.6,0.9,0.0866,"High=220, Low=555",DILA,0.6,1.5,3
high,220,0.5403,0.9455,0.0709,"High=220, Low=555",Control,0.6,1.75,3
high,220,0.5377,0.9409,0.0833,"High=220, Low=555",DIR,0.6,1.75,3
high,220,0.5403,0.9455,0.0799,"High=220, Low=555",BSAM,0.6,1.75,3
high,220,0.5273,0.9227,0.0866,"High=220, Low=555",DILA,0.6,1.75,3
high,220,0.4795,0.9591,0.0709,"High=220, Low=555",Control,0.6,2.0,3
high,220,0.475,0.95,0.0833,"High=220, Low=555",DIR,0.6,2.0,3
high,220,0.4795,0.9591,0.0799,"High=220, Low=555",BSAM,0.6,2.0,3
high,220,0.4659,0.9318,0.0866,"High=220, Low=555",DILA,0.6,2.0,3
high,220,0.4303,0.9682,0.0709,"High=220, Low=555",Control,0.6,2.25,3
high,220,0.4263,0.9591,0.0833,"High=220, Low=555",DIR,0.6,2.25,3
high,220,0.4303,0.9682,0.0799,"High=220, Low=555",BSAM,0.6,2.25,3
high,220,0.4202,0.9455,0.0866,"High=220, Low=555",DILA,0.6,2.25,3
high,220,0.3873,0.9682,0.0709,"High=220, Low=555",Control,0.6,2.5,3
high,220,0.3873,0.9682,0.0833,"High=220, Low=555",DIR,0.6,2.5,3
high,220,0.3891,0.9727,0.0799,"High=220, Low=555",BSAM,0.6,2.5,3
high,220,0.38,0.95,0.0866,"High=220, Low=555",DILA,0.6,2.5,3
high,220,0.3587,0.9864,0.0709,"High=220, Low=555",Control,0.6,2.75,3
high,220,0.357,0.9818,0.0833,"High=220, Low=555",DIR,0.6,2.75,3
high,220,0.357,0.9818,0.0799,"High=220, Low=555",BSAM,0.6,2.75,3
high,220,0.3488,0.9591,0.0866,"High=220, Low=555",DILA,0.6,2.75,3
high,220,0.3288,0.9864,0.0709,"High=220, Low=555",Control,0.6,3.0,3
high,220,0.3273,0.9818,0.0833,"High=220, Low=555",DIR,0.6,3.0,3
high,220,0.3288,0.9864,0.0799,"High=220, Low=555",BSAM,0.6,3.0,3
high,220,0.3227,0.9682,0.0866,"High=220, Low=555",DILA,0.6,3.0,3
high,210,0.9524,0.4762,0.072,"High=210, Low=460",Control,0.65,0.5,3
high,210,0.9429,0.4714,0.086,"High=210, Low=460",DIR,0.65,0.5,3
high,210,0.9238,0.4619,0.0807,"High=210, Low=460",BSAM,0.65,0.5,3
high,210,0.9429,0.4714,0.0848,"High=210, Low=460",DILA,0.65,0.5,3
high,210,0.8861,0.6667,0.072,"High=210, Low=460",Control,0.65,0.75,3
high,210,0.8418,0.6333,0.086,"High=210, Low=460",DIR,0.65,0.75,3
high,210,0.8671,0.6524,0.0807,"High=210, Low=460",BSAM,0.65,0.75,3
high,210,0.8165,0.6143,0.0848,"High=210, Low=460",DILA,0.65,0.75,3
high,210,0.8143,0.8143,0.072,"High=210, Low=460",Control,0.65,1.0,3
high,210,0.7714,0.7714,0.086,"High=210, Low=460",DIR,0.65,1.0,3
high,210,0.7905,0.7905,0.0807,"High=210, Low=460",BSAM,0.65,1.0,3
high,210,0.7619,0.7619,0.0848,"High=210, Low=460",DILA,0.65,1.0,3
high,210,0.7034,0.881,0.072,"High=210, Low=460",Control,0.65,1.25,3
high,210,0.6882,0.8619,0.086,"High=210, Low=460",DIR,0.65,1.25,3
high,210,0.7034,0.881,0.0807,"High=210, Low=460",BSAM,0.65,1.25,3
high,210,0.673,0.8429,0.0848,"High=210, Low=460",DILA,0.65,1.25,3
high,210,0.619,0.9286,0.072,"High=210, Low=460",Control,0.65,1.5,3
high,210,0.6095,0.9143,0.086,"High=210, Low=460",DIR,0.65,1.5,3
high,210,0.6095,0.9143,0.0807,"High=210, Low=460",BSAM,0.65,1.5,3
high,210,0.6,0.9,0.0848,"High=210, Low=460",DILA,0.65,1.5,3
high,210,0.538,0.9429,0.072,"High=210, Low=460",Control,0.65,1.75,3
high,210,0.5353,0.9381,0.086,"High=210, Low=460",DIR,0.65,1.75,3
high,210,0.5435,0.9524,0.0807,"High=210, Low=460",BSAM,0.65,1.75,3
high,210,0.5272,0.9238,0.0848,"High=210, Low=460",DILA,0.65,1.75,3
high,210,0.4762,0.9524,0.072,"High=210, Low=460",Control,0.65,2.0,3
high,210,0.4714,0.9429,0.086,"High=210, Low=460",DIR,0.65,2.0,3
high,210,0.481,0.9619,0.0807,"High=210, Low=460",BSAM,0.65,2.0,3
high,210,0.4667,0.9333,0.0848,"High=210, Low=460",DILA,0.65,2.0,3
high,210,0.4292,0.9667,0.072,"High=210, Low=460",Control,0.65,2.25,3
high,210,0.4228,0.9524,0.086,"High=210, Low=460",DIR,0.65,2.25,3
high,210,0.4271,0.9619,0.0807,"High=210, Low=460",BSAM,0.65,2.25,3
high,210,0.4186,0.9429,0.0848,"High=210, Low=460",DILA,0.65,2.25,3
high,210,0.3867,0.9667,0.072,"High=210, Low=460",Control,0.65,2.5,3
high,210,0.3848,0.9619,0.086,"High=210, Low=460",DIR,0.65,2.5,3
high,210,0.3867,0.9667,0.0807,"High=210, Low=460",BSAM,0.65,2.5,3
high,210,0.381,0.9524,0.0848,"High=210, Low=460",DILA,0.65,2.5,3
high,210,0.3564,0.981,0.072,"High=210, Low=460",Control,0.65,2.75,3
high,210,0.3564,0.981,0.086,"High=210, Low=460",DIR,0.65,2.75,3
high,210,0.3547,0.9762,0.0807,"High=210, Low=460",BSAM,0.65,2.75,3
high,210,0.3495,0.9619,0.0848,"High=210, Low=460",DILA,0.65,2.75,3
high,210,0.3286,0.9857,0.072,"High=210, Low=460",Control,0.65,3.0,3
high,210,0.327,0.981,0.086,"High=210, Low=460",DIR,0.65,3.0,3
high,210,0.327,0.981,0.0807,"High=210, Low=460",BSAM,0.65,3.0,3
high,210,0.3238,0.9714,0.0848,"High=210, Low=460",DILA,0.65,3.0,3
high,190,0.9474,0.4737,0.0749,"High=190, Low=370",Control,0.7,0.5,3
high,190,0.9474,0.4737,0.0904,"High=190, Low=370",DIR,0.7,0.5,3
high,190,0.9368,0.4684,0.0857,"High=190, Low=370",BSAM,0.7,0.5,3
high,190,0.9474,0.4737,0.0869,"High=190, Low=370",DILA,0.7,0.5,3
high,190,0.8601,0.6474,0.0749,"High=190, Low=370",Control,0.7,0.75,3
high,190,0.8462,0.6368,0.0904,"High=190, Low=370",DIR,0.7,0.75,3
high,190,0.8392,0.6316,0.0857,"High=190, Low=370",BSAM,0.7,0.75,3
high,190,0.8322,0.6263,0.0869,"High=190, Low=370",DILA,0.7,0.75,3
high,190,0.8,0.8,0.0749,"High=190, Low=370",Control,0.7,1.0,3
high,190,0.7526,0.7526,0.0904,"High=190, Low=370",DIR,0.7,1.0,3
high,190,0.7632,0.7632,0.0857,"High=190, Low=370",BSAM,0.7,1.0,3
high,190,0.7632,0.7632,0.0869,"High=190, Low=370",DILA,0.7,1.0,3
high,190,0.7017,0.8789,0.0749,"High=190, Low=370",Control,0.7,1.25,3
high,190,0.6555,0.8211,0.0904,"High=190, Low=370",DIR,0.7,1.25,3
high,190,0.6807,0.8526,0.0857,"High=190, Low=370",BSAM,0.7,1.25,3
high,190,0.6681,0.8368,0.0869,"High=190, Low=370",DILA,0.7,1.25,3
high,190,0.6035,0.9053,0.0749,"High=190, Low=370",Control,0.7,1.5,3
high,190,0.5825,0.8737,0.0904,"High=190, Low=370",DIR,0.7,1.5,3
high,190,0.5965,0.8947,0.0857,"High=190, Low=370",BSAM,0.7,1.5,3
high,190,0.5965,0.8947,0.0869,"High=190, Low=370",DILA,0.7,1.5,3
high,190,0.5345,0.9368,0.0749,"High=190, Low=370",Control,0.7,1.75,3
high,190,0.5315,0.9316,0.0904,"High=190, Low=370",DIR,0.7,1.75,3
high,190,0.5225,0.9158,0.0857,"High=190, Low=370",BSAM,0.7,1.75,3
high,190,0.5225,0.9158,0.0869,"High=190, Low=370",DILA,0.7,1.75,3
high,190,0.4711,0.9421,0.0749,"High=190, Low=370",Control,0.7,2.0,3
high,190,0.4711,0.9421,0.0904,"High=190, Low=370",DIR,0.7,2.0,3
high,190,0.4763,0.9526,0.0857,"High=190, Low=370",BSAM,0.7,2.0,3
high,190,0.4632,0.9263,0.0869,"High=190, Low=370",DILA,0.7,2.0,3
high,190,0.4229,0.9526,0.0749,"High=190, Low=370",Control,0.7,2.25,3
high,190,0.4206,0.9474,0.0904,"High=190, Low=370",DIR,0.7,2.25,3
high,190,0.4252,0.9579,0.0857,"High=190, Low=370",BSAM,0.7,2.25,3
high,190,0.4159,0.9368,0.0869,"High=190, Low=370",DILA,0.7,2.25,3
high,190,0.3853,0.9632,0.0749,"High=190, Low=370",Control,0.7,2.5,3
high,190,0.3811,0.9526,0.0904,"High=190, Low=370",DIR,0.7,2.5,3
high,190,0.3832,0.9579,0.0857,"High=190, Low=370",BSAM,0.7,2.5,3
high,190,0.3768,0.9421,0.0869,"High=190, Low=370",DILA,0.7,2.5,3
high,190,0.3499,0.9632,0.0749,"High=190, Low=370",Control,0.7,2.75,3
high,190,0.3499,0.9632,0.0904,"High=190, Low=370",DIR,0.7,2.75,3
high,190,0.3499,0.9632,0.0857,"High=190, Low=370",BSAM,0.7,2.75,3
high,190,0.3461,0.9526,0.0869,"High=190, Low=370",DILA,0.7,2.75,3
high,190,0.3263,0.9789,0.0749,"High=190, Low=370",Control,0.7,3.0,3
high,190,0.3246,0.9737,0.0904,"High=190, Low=370",DIR,0.7,3.0,3
high,190,0.3246,0.9737,0.0857,"High=190, Low=370",BSAM,0.7,3.0,3
high,190,0.3193,0.9579,0.0869,"High=190, Low=370",DILA,0.7,3.0,3
high,155,0.8974,0.4516,0.0787,"High=155, Low=305",Control,0.75,0.5,3
high,155,0.8846,0.4452,0.0952,"High=155, Low=305",DIR,0.75,0.5,3
high,155,0.8846,0.4452,0.0907,"High=155, Low=305",BSAM,0.75,0.5,3
high,155,0.9103,0.4581,0.0881,"High=155, Low=305",DILA,0.75,0.5,3
high,155,0.8462,0.6387,0.0787,"High=155, Low=305",Control,0.75,0.75,3
high,155,0.8291,0.6258,0.0952,"High=155, Low=305",DIR,0.75,0.75,3
high,155,0.8034,0.6065,0.0907,"High=155, Low=305",BSAM,0.75,0.75,3
high,155,0.8205,0.6194,0.0881,"High=155, Low=305",DILA,0.75,0.75,3
high,155,0.7419,0.7419,0.0787,"High=155, Low=305",Control,0.75,1.0,3
high,155,0.7226,0.7226,0.0952,"High=155, Low=305",DIR,0.75,1.0,3
high,155,0.7161,0.7161,0.0907,"High=155, Low=305",BSAM,0.75,1.0,3
high,155,0.6968,0.6968,0.0881,"High=155, Low=305",DILA,0.75,1.0,3
high,155,0.6598,0.8258,0.0787,"High=155, Low=305",Control,0.75,1.25,3
high,155,0.6392,0.8,0.0952,"High=155, Low=305",DIR,0.75,1.25,3
high,155,0.6392,0.8,0.0907,"High=155, Low=305",BSAM,0.75,1.25,3
high,155,0.6443,0.8065,0.0881,"High=155, Low=305",DILA,0.75,1.25,3
high,155,0.5923,0.8903,0.0787,"High=155, Low=305",Control,0.75,1.5,3
high,155,0.5622,0.8452,0.0952,"High=155, Low=305",DIR,0.75,1.5,3
high,155,0.5665,0.8516,0.0907,"High=155, Low=305",BSAM,0.75,1.5,3
high,155,0.5665,0.8516,0.0881,"High=155, Low=305",DILA,0.75,1.5,3
high,155,0.511,0.8968,0.0787,"High=155, Low=305",Control,0.75,1.75,3
high,155,0.4926,0.8645,0.0952,"High=155, Low=305",DIR,0.75,1.75,3
high,155,0.511,0.8968,0.0907,"High=155, Low=305",BSAM,0.75,1.75,3
high,155,0.5074,0.8903,0.0881,"High=155, Low=305",DILA,0.75,1.75,3
high,155,0.4581,0.9161,0.0787,"High=155, Low=305",Control,0.75,2.0,3
high,155,0.4548,0.9097,0.0952,"High=155, Low=305",DIR,0.75,2.0,3
high,155,0.4548,0.9097,0.0907,"High=155, Low=305",BSAM,0.75,2.0,3
high,155,0.4581,0.9161,0.0881,"High=155, Low=305",DILA,0.75,2.0,3
high,155,0.4126,0.929,0.0787,"High=155, Low=305",Control,0.75,2.25,3
high,155,0.4126,0.929,0.0952,"High=155, Low=305",DIR,0.75,2.25,3
high,155,0.4126,0.929,0.0907,"High=155, Low=305",BSAM,0.75,2.25,3
high,155,0.4097,0.9226,0.0881,"High=155, Low=305",DILA,0.75,2.25,3
high,155,0.3737,0.9355,0.0787,"High=155, Low=305",Control,0.75,2.5,3
high,155,0.3763,0.9419,0.0952,"High=155, Low=305",DIR,0.75,2.5,3
high,155,0.3789,0.9484,0.0907,"High=155, Low=305",BSAM,0.75,2.5,3
high,155,0.3686,0.9226,0.0881,"High=155, Low=305",DILA,0.75,2.5,3
high,155,0.3443,0.9484,0.0787,"High=155, Low=305",Control,0.75,2.75,3
high,155,0.3419,0.9419,0.0952,"High=155, Low=305",DIR,0.75,2.75,3
high,155,0.3443,0.9484,0.0907,"High=155, Low=305",BSAM,0.75,2.75,3
high,155,0.3396,0.9355,0.0881,"High=155, Low=305",DILA,0.75,2.75,3
high,155,0.3183,0.9548,0.0787,"High=155, Low=305",Control,0.75,3.0,3
high,155,0.314,0.9419,0.0952,"High=155, Low=305",DIR,0.75,3.0,3
high,155,0.3161,0.9484,0.0907,"High=155, Low=305",BSAM,0.75,3.0,3
high,155,0.3118,0.9355,0.0881,"High=155, Low=305",DILA,0.75,3.0,3
high,120,0.8833,0.4417,0.0764,"High=120, Low=230",Control,0.8,0.5,3
high,120,0.8333,0.4167,0.0942,"High=120, Low=230",DIR,0.8,0.5,3
high,120,0.85,0.425,0.0902,"High=120, Low=230",BSAM,0.8,0.5,3
high,120,0.8667,0.4333,0.0858,"High=120, Low=230",DILA,0.8,0.5,3
high,120,0.8444,0.6333,0.0764,"High=120, Low=230",Control,0.8,0.75,3
high,120,0.8111,0.6083,0.0942,"High=120, Low=230",DIR,0.8,0.75,3
high,120,0.8333,0.625,0.0902,"High=120, Low=230",BSAM,0.8,0.75,3
high,120,0.8333,0.625,0.0858,"High=120, Low=230",DILA,0.8,0.75,3
high,120,0.775,0.775,0.0764,"High=120, Low=230",Control,0.8,1.0,3
high,120,0.7333,0.7333,0.0942,"High=120, Low=230",DIR,0.8,1.0,3
high,120,0.75,0.75,0.0902,"High=120, Low=230",BSAM,0.8,1.0,3
high,120,0.7417,0.7417,0.0858,"High=120, Low=230",DILA,0.8,1.0,3
high,120,0.68,0.85,0.0764,"High=120, Low=230",Control,0.8,1.25,3
high,120,0.6467,0.8083,0.0942,"High=120, Low=230",DIR,0.8,1.25,3
high,120,0.6333,0.7917,0.0902,"High=120, Low=230",BSAM,0.8,1.25,3
high,120,0.6267,0.7833,0.0858,"High=120, Low=230",DILA,0.8,1.25,3
high,120,0.5833,0.875,0.0764,"High=120, Low=230",Control,0.8,1.5,3
high,120,0.5722,0.8583,0.0942,"High=120, Low=230",DIR,0.8,1.5,3
high,120,0.5611,0.8417,0.0902,"High=120, Low=230",BSAM,0.8,1.5,3
high,120,0.55,0.825,0.0858,"High=120, Low=230",DILA,0.8,1.5,3
high,120,0.5095,0.8917,0.0764,"High=120, Low=230",Control,0.8,1.75,3
high,120,0.5048,0.8833,0.0942,"High=120, Low=230",DIR,0.8,1.75,3
high,120,0.5048,0.8833,0.0902,"High=120, Low=230",BSAM,0.8,1.75,3
high,120,0.5048,0.8833,0.0858,"High=120, Low=230",DILA,0.8,1.75,3
high,120,0.4625,0.925,0.0764,"High=120, Low=230",Control,0.8,2.0,3
high,120,0.4458,0.8917,0.0942,"High=120, Low=230",DIR,0.8,2.0,3
high,120,0.4583,0.9167,0.0902,"High=120, Low=230",BSAM,0.8,2.0,3
high,120,0.4625,0.925,0.0858,"High=120, Low=230",DILA,0.8,2.0,3
high,120,0.4111,0.925,0.0764,"High=120, Low=230",Control,0.8,2.25,3
high,120,0.4,0.9,0.0942,"High=120, Low=230",DIR,0.8,2.25,3
high,120,0.4185,0.9417,0.0902,"High=120, Low=230",BSAM,0.8,2.25,3
high,120,0.4185,0.9417,0.0858,"High=120, Low=230",DILA,0.8,2.25,3
high,120,0.3767,0.9417,0.0764,"High=120, Low=230",Control,0.8,2.5,3
high,120,0.3733,0.9333,0.0942,"High=120, Low=230",DIR,0.8,2.5,3
high,120,0.3767,0.9417,0.0902,"High=120, Low=230",BSAM,0.8,2.5,3
high,120,0.3767,0.9417,0.0858,"High=120, Low=230",DILA,0.8,2.5,3
high,120,0.3455,0.95,0.0764,"High=120, Low=230",Control,0.8,2.75,3
high,120,0.3485,0.9583,0.0942,"High=120, Low=230",DIR,0.8,2.75,3
high,120,0.3455,0.95,0.0902,"High=120, Low=230",BSAM,0.8,2.75,3
high,120,0.3424,0.9417,0.0858,"High=120, Low=230",DILA,0.8,2.75,3
high,120,0.3167,0.95,0.0764,"High=120, Low=230",Control,0.8,3.0,3
high,120,0.3194,0.9583,0.0942,"High=120, Low=230",DIR,0.8,3.0,3
high,120,0.3222,0.9667,0.0902,"High=120, Low=230",BSAM,0.8,3.0,3
high,120,0.3139,0.9417,0.0858,"High=120, Low=230",DILA,0.8,3.0,3
high,55,0.7143,0.3636,0.1113,"High=55, Low=175",Control,0.8500000000000001,0.5,3
high,55,0.5,0.2545,0.1448,"High=55, Low=175",DIR,0.8500000000000001,0.5,3
high,55,0.5,0.2545,0.1408,"High=55, Low=175",BSAM,0.8500000000000001,0.5,3
high,55,0.6786,0.3455,0.1114,"High=55, Low=175",DILA,0.8500000000000001,0.5,3
high,55,0.5714,0.4364,0.1113,"High=55, Low=175",Control,0.8500000000000001,0.75,3
high,55,0.4048,0.3091,0.1448,"High=55, Low=175",DIR,0.8500000000000001,0.75,3
high,55,0.4048,0.3091,0.1408,"High=55, Low=175",BSAM,0.8500000000000001,0.75,3
high,55,0.5952,0.4545,0.1114,"High=55, Low=175",DILA,0.8500000000000001,0.75,3
high,55,0.4909,0.4909,0.1113,"High=55, Low=175",Control,0.8500000000000001,1.0,3
high,55,0.3273,0.3273,0.1448,"High=55, Low=175",DIR,0.8500000000000001,1.0,3
high,55,0.3455,0.3455,0.1408,"High=55, Low=175",BSAM,0.8500000000000001,1.0,3
high,55,0.4727,0.4727,0.1114,"High=55, Low=175",DILA,0.8500000000000001,1.0,3
high,55,0.4203,0.5273,0.1113,"High=55, Low=175",Control,0.8500000000000001,1.25,3
high,55,0.2609,0.3273,0.1448,"High=55, Low=175",DIR,0.8500000000000001,1.25,3
high,55,0.3333,0.4182,0.1408,"High=55, Low=175",BSAM,0.8500000000000001,1.25,3
high,55,0.4638,0.5818,0.1114,"High=55, Low=175",DILA,0.8500000000000001,1.25,3
high,55,0.3735,0.5636,0.1113,"High=55, Low=175",Control,0.8500000000000001,1.5,3
high,55,0.2892,0.4364,0.1448,"High=55, Low=175",DIR,0.8500000000000001,1.5,3
high,55,0.3133,0.4727,0.1408,"High=55, Low=175",BSAM,0.8500000000000001,1.5,3
high,55,0.4096,0.6182,0.1114,"High=55, Low=175",DILA,0.8500000000000001,1.5,3
high,55,0.3505,0.6182,0.1113,"High=55, Low=175",Control,0.8500000000000001,1.75,3
high,55,0.3093,0.5455,0.1448,"High=55, Low=175",DIR,0.8500000000000001,1.75,3
high,55,0.3196,0.5636,0.1408,"High=55, Low=175",BSAM,0.8500000000000001,1.75,3
high,55,0.3505,0.6182,0.1114,"High=55, Low=175",DILA,0.8500000000000001,1.75,3
high,55,0.3364,0.6727,0.1113,"High=55, Low=175",Control,0.8500000000000001,2.0,3
high,55,0.3182,0.6364,0.1448,"High=55, Low=175",DIR,0.8500000000000001,2.0,3
high,55,0.3091,0.6182,0.1408,"High=55, Low=175",BSAM,0.8500000000000001,2.0,3
high,55,0.3455,0.6909,0.1114,"High=55, Low=175",DILA,0.8500000000000001,2.0,3
high,55,0.3387,0.7636,0.1113,"High=55, Low=175",Control,0.8500000000000001,2.25,3
high,55,0.2903,0.6545,0.1448,"High=55, Low=175",DIR,0.8500000000000001,2.25,3
high,55,0.2903,0.6545,0.1408,"High=55, Low=175",BSAM,0.8500000000000001,2.25,3
high,55,0.3226,0.7273,0.1114,"High=55, Low=175",DILA,0.8500000000000001,2.25,3
high,55,0.3188,0.8,0.1113,"High=55, Low=175",Control,0.8500000000000001,2.5,3
high,55,0.2826,0.7091,0.1448,"High=55, Low=175",DIR,0.8500000000000001,2.5,3
high,55,0.2826,0.7091,0.1408,"High=55, Low=175",BSAM,0.8500000000000001,2.5,3
high,55,0.2971,0.7455,0.1114,"High=55, Low=175",DILA,0.8500000000000001,2.5,3
high,55,0.2895,0.8,0.1113,"High=55, Low=175",Control,0.8500000000000001,2.75,3
high,55,0.2697,0.7455,0.1448,"High=55, Low=175",DIR,0.8500000000000001,2.75,3
high,55,0.2763,0.7636,0.1408,"High=55, Low=175",BSAM,0.8500000000000001,2.75,3
high,55,0.2763,0.7636,0.1114,"High=55, Low=175",DILA,0.8500000000000001,2.75,3
high,55,0.2788,0.8364,0.1113,"High=55, Low=175",Control,0.8500000000000001,3.0,3
high,55,0.2667,0.8,0.1448,"High=55, Low=175",DIR,0.8500000000000001,3.0,3
high,55,0.2667,0.8,0.1408,"High=55, Low=175",BSAM,0.8500000000000001,3.0,3
high,55,0.2545,0.7636,0.1114,"High=55, Low=175",DILA,0.8500000000000001,3.0,3
high,35,0.7778,0.4,0.1272,"High=35, Low=130",Control,0.9,0.5,3
high,35,0.4444,0.2286,0.174,"High=35, Low=130",DIR,0.9,0.5,3
high,35,0.5,0.2571,0.1532,"High=35, Low=130",BSAM,0.9,0.5,3
high,35,0.4444,0.2286,0.1145,"High=35, Low=130",DILA,0.9,0.5,3
high,35,0.6296,0.4857,0.1272,"High=35, Low=130",Control,0.9,0.75,3
high,35,0.3333,0.2571,0.174,"High=35, Low=130",DIR,0.9,0.75,3
high,35,0.4074,0.3143,0.1532,"High=35, Low=130",BSAM,0.9,0.75,3
high,35,0.5926,0.4571,0.1145,"High=35, Low=130",DILA,0.9,0.75,3
high,35,0.5143,0.5143,0.1272,"High=35, Low=130",Control,0.9,1.0,3
high,35,0.2571,0.2571,0.174,"High=35, Low=130",DIR,0.9,1.0,3
high,35,0.3714,0.3714,0.1532,"High=35, Low=130",BSAM,0.9,1.0,3
high,35,0.5429,0.5429,0.1145,"High=35, Low=130",DILA,0.9,1.0,3
high,35,0.4318,0.5429,0.1272,"High=35, Low=130",Control,0.9,1.25,3
high,35,0.2273,0.2857,0.174,"High=35, Low=130",DIR,0.9,1.25,3
high,35,0.3409,0.4286,0.1532,"High=35, Low=130",BSAM,0.9,1.25,3
high,35,0.4318,0.5429,0.1145,"High=35, Low=130",DILA,0.9,1.25,3
high,35,0.3962,0.6,0.1272,"High=35, Low=130",Control,0.9,1.5,3
high,35,0.2075,0.3143,0.174,"High=35, Low=130",DIR,0.9,1.5,3
high,35,0.283,0.4286,0.1532,"High=35, Low=130",BSAM,0.9,1.5,3
high,35,0.3585,0.5429,0.1145,"High=35, Low=130",DILA,0.9,1.5,3
high,35,0.3387,0.6,0.1272,"High=35, Low=130",Control,0.9,1.75,3
high,35,0.1774,0.3143,0.174,"High=35, Low=130",DIR,0.9,1.75,3
high,35,0.2581,0.4571,0.1532,"High=35, Low=130",BSAM,0.9,1.75,3
high,35,0.3387,0.6,0.1145,"High=35, Low=130",DILA,0.9,1.75,3
high,35,0.3143,0.6286,0.1272,"High=35, Low=130",Control,0.9,2.0,3
high,35,0.1571,0.3143,0.174,"High=35, Low=130",DIR,0.9,2.0,3
high,35,0.2714,0.5429,0.1532,"High=35, Low=130",BSAM,0.9,2.0,3
high,35,0.3571,0.7143,0.1145,"High=35, Low=130",DILA,0.9,2.0,3
high,35,0.2785,0.6286,0.1272,"High=35, Low=130",Control,0.9,2.25,3
high,35,0.1899,0.4286,0.174,"High=35, Low=130",DIR,0.9,2.25,3
high,35,0.2532,0.5714,0.1532,"High=35, Low=130",BSAM,0.9,2.25,3
high,35,0.3291,0.7429,0.1145,"High=35, Low=130",DILA,0.9,2.25,3
high,35,0.2614,0.6571,0.1272,"High=35, Low=130",Control,0.9,2.5,3
high,35,0.2159,0.5429,0.174,"High=35, Low=130",DIR,0.9,2.5,3
high,35,0.2273,0.5714,0.1532,"High=35, Low=130",BSAM,0.9,2.5,3
high,35,0.2955,0.7429,0.1145,"High=35, Low=130",DILA,0.9,2.5,3
high,35,0.2371,0.6571,0.1272,"High=35, Low=130",Control,0.9,2.75,3
high,35,0.2062,0.5714,0.174,"High=35, Low=130",DIR,0.9,2.75,3
high,35,0.2371,0.6571,0.1532,"High=35, Low=130",BSAM,0.9,2.75,3
high,35,0.268,0.7429,0.1145,"High=35, Low=130",DILA,0.9,2.75,3
high,35,0.2381,0.7143,0.1272,"High=35, Low=130",Control,0.9,3.0,3
high,35,0.2095,0.6286,0.174,"High=35, Low=130",DIR,0.9,3.0,3
high,35,0.2286,0.6857,0.1532,"High=35, Low=130",BSAM,0.9,3.0,3
high,35,0.2476,0.7429,0.1145,"High=35, Low=130",DILA,0.9,3.0,3
high,470,0.8809,0.4404,0.0928,"High=470, Low=1160",Control,0.5,0.5,4
high,470,0.8723,0.4362,0.0962,"High=470, Low=1160",DIR,0.5,0.5,4
high,470,0.9191,0.4596,0.0807,"High=470, Low=1160",BSAM,0.5,0.5,4
high,470,0.8596,0.4298,0.0886,"High=470, Low=1160",DILA,0.5,0.5,4
high,470,0.7535,0.566,0.0928,"High=470, Low=1160",Control,0.5,0.75,4
high,470,0.7507,0.5638,0.0962,"High=470, Low=1160",DIR,0.5,0.75,4
high,470,0.8074,0.6064,0.0807,"High=470, Low=1160",BSAM,0.5,0.75,4
high,470,0.7564,0.5681,0.0886,"High=470, Low=1160",DILA,0.5,0.75,4
high,470,0.6596,0.6596,0.0928,"High=470, Low=1160",Control,0.5,1.0,4
high,470,0.6553,0.6553,0.0962,"High=470, Low=1160",DIR,0.5,1.0,4
high,470,0.7213,0.7213,0.0807,"High=470, Low=1160",BSAM,0.5,1.0,4
high,470,0.6872,0.6872,0.0886,"High=470, Low=1160",DILA,0.5,1.0,4
high,470,0.5884,0.7362,0.0928,"High=470, Low=1160",Control,0.5,1.25,4
high,470,0.5833,0.7298,0.0962,"High=470, Low=1160",DIR,0.5,1.25,4
high,470,0.6344,0.7936,0.0807,"High=470, Low=1160",BSAM,0.5,1.25,4
high,470,0.6088,0.7617,0.0886,"High=470, Low=1160",DILA,0.5,1.25,4
high,470,0.5333,0.8,0.0928,"High=470, Low=1160",Control,0.5,1.5,4
high,470,0.5177,0.7766,0.0962,"High=470, Low=1160",DIR,0.5,1.5,4
high,470,0.5603,0.8404,0.0807,"High=470, Low=1160",BSAM,0.5,1.5,4
high,470,0.5433,0.8149,0.0886,"High=470, Low=1160",DILA,0.5,1.5,4
high,470,0.4775,0.8362,0.0928,"High=470, Low=1160",Control,0.5,1.75,4
high,470,0.4629,0.8106,0.0962,"High=470, Low=1160",DIR,0.5,1.75,4
high,470,0.4982,0.8723,0.0807,"High=470, Low=1160",BSAM,0.5,1.75,4
high,470,0.4897,0.8574,0.0886,"High=470, Low=1160",DILA,0.5,1.75,4
high,470,0.4277,0.8553,0.0928,"High=470, Low=1160",Control,0.5,2.0,4
high,470,0.4181,0.8362,0.0962,"High=470, Low=1160",DIR,0.5,2.0,4
high,470,0.4457,0.8915,0.0807,"High=470, Low=1160",BSAM,0.5,2.0,4
high,470,0.4394,0.8787,0.0886,"High=470, Low=1160",DILA,0.5,2.0,4
high,470,0.3904,0.8787,0.0928,"High=470, Low=1160",Control,0.5,2.25,4
high,470,0.3781,0.8511,0.0962,"High=470, Low=1160",DIR,0.5,2.25,4
high,470,0.4017,0.9043,0.0807,"High=470, Low=1160",BSAM,0.5,2.25,4
high,470,0.3998,0.9,0.0886,"High=470, Low=1160",DILA,0.5,2.25,4
high,470,0.3591,0.8979,0.0928,"High=470, Low=1160",Control,0.5,2.5,4
high,470,0.3464,0.866,0.0962,"High=470, Low=1160",DIR,0.5,2.5,4
high,470,0.3677,0.9191,0.0807,"High=470, Low=1160",BSAM,0.5,2.5,4
high,470,0.3677,0.9191,0.0886,"High=470, Low=1160",DILA,0.5,2.5,4
high,470,0.331,0.9106,0.0928,"High=470, Low=1160",Control,0.5,2.75,4
high,470,0.3217,0.8851,0.0962,"High=470, Low=1160",DIR,0.5,2.75,4
high,470,0.3395,0.934,0.0807,"High=470, Low=1160",BSAM,0.5,2.75,4
high,470,0.338,0.9298,0.0886,"High=470, Low=1160",DILA,0.5,2.75,4
high,470,0.3057,0.917,0.0928,"High=470, Low=1160",Control,0.5,3.0,4
high,470,0.2993,0.8979,0.0962,"High=470, Low=1160",DIR,0.5,3.0,4
high,470,0.3163,0.9489,0.0807,"High=470, Low=1160",BSAM,0.5,3.0,4
high,470,0.3128,0.9383,0.0886,"High=470, Low=1160",DILA,0.5,3.0,4
high,390,0.9179,0.459,0.0946,"High=390, Low=1040",Control,0.55,0.5,4
high,390,0.9026,0.4513,0.1008,"High=390, Low=1040",DIR,0.55,0.5,4
high,390,0.9538,0.4769,0.0851,"High=390, Low=1040",BSAM,0.55,0.5,4
high,390,0.8923,0.4462,0.0924,"High=390, Low=1040",DILA,0.55,0.5,4
high,390,0.7679,0.5769,0.0946,"High=390, Low=1040",Control,0.55,0.75,4
high,390,0.7543,0.5667,0.1008,"High=390, Low=1040",DIR,0.55,0.75,4
high,390,0.8464,0.6359,0.0851,"High=390, Low=1040",BSAM,0.55,0.75,4
high,390,0.7713,0.5795,0.0924,"High=390, Low=1040",DILA,0.55,0.75,4
high,390,0.6692,0.6692,0.0946,"High=390, Low=1040",Control,0.55,1.0,4
high,390,0.6513,0.6513,0.1008,"High=390, Low=1040",DIR,0.55,1.0,4
high,390,0.7487,0.7487,0.0851,"High=390, Low=1040",BSAM,0.55,1.0,4
high,390,0.6821,0.6821,0.0924,"High=390, Low=1040",DILA,0.55,1.0,4
high,390,0.5799,0.7256,0.0946,"High=390, Low=1040",Control,0.55,1.25,4
high,390,0.5676,0.7103,0.1008,"High=390, Low=1040",DIR,0.55,1.25,4
high,390,0.6393,0.8,0.0851,"High=390, Low=1040",BSAM,0.55,1.25,4
high,390,0.6107,0.7641,0.0924,"High=390, Low=1040",DILA,0.55,1.25,4
high,390,0.5128,0.7692,0.0946,"High=390, Low=1040",Control,0.55,1.5,4
high,390,0.5009,0.7513,0.1008,"High=390, Low=1040",DIR,0.55,1.5,4
high,390,0.5538,0.8308,0.0851,"High=390, Low=1040",BSAM,0.55,1.5,4
high,390,0.5436,0.8154,0.0924,"High=390, Low=1040",DILA,0.55,1.5,4
high,390,0.4656,0.8154,0.0946,"High=390, Low=1040",Control,0.55,1.75,4
high,390,0.4495,0.7872,0.1008,"High=390, Low=1040",DIR,0.55,1.75,4
high,390,0.4905,0.859,0.0851,"High=390, Low=1040",BSAM,0.55,1.75,4
high,390,0.4817,0.8436,0.0924,"High=390, Low=1040",DILA,0.55,1.75,4
high,390,0.4295,0.859,0.0946,"High=390, Low=1040",Control,0.55,2.0,4
high,390,0.4064,0.8128,0.1008,"High=390, Low=1040",DIR,0.55,2.0,4
high,390,0.4449,0.8897,0.0851,"High=390, Low=1040",BSAM,0.55,2.0,4
high,390,0.4372,0.8744,0.0924,"High=390, Low=1040",DILA,0.55,2.0,4
high,390,0.3884,0.8744,0.0946,"High=390, Low=1040",Control,0.55,2.25,4
high,390,0.3702,0.8333,0.1008,"High=390, Low=1040",DIR,0.55,2.25,4
high,390,0.4009,0.9026,0.0851,"High=390, Low=1040",BSAM,0.55,2.25,4
high,390,0.3986,0.8974,0.0924,"High=390, Low=1040",DILA,0.55,2.25,4
high,390,0.3538,0.8846,0.0946,"High=390, Low=1040",Control,0.55,2.5,4
high,390,0.3395,0.8487,0.1008,"High=390, Low=1040",DIR,0.55,2.5,4
high,390,0.3662,0.9154,0.0851,"High=390, Low=1040",BSAM,0.55,2.5,4
high,390,0.3631,0.9077,0.0924,"High=390, Low=1040",DILA,0.55,2.5,4
high,390,0.3253,0.8949,0.0946,"High=390, Low=1040",Control,0.55,2.75,4
high,390,0.3131,0.8615,0.1008,"High=390, Low=1040",DIR,0.55,2.75,4
high,390,0.3355,0.9231,0.0851,"High=390, Low=1040",BSAM,0.55,2.75,4
high,390,0.3336,0.9179,0.0924,"High=390, Low=1040",DILA,0.55,2.75,4
high,390,0.3034,0.9103,0.0946,"High=390, Low=1040",Control,0.55,3.0,4
high,390,0.2906,0.8718,0.1008,"High=390, Low=1040",DIR,0.55,3.0,4
high,390,0.3094,0.9282,0.0851,"High=390, Low=1040",BSAM,0.55,3.0,4
high,390,0.3094,0.9282,0.0924,"High=390, Low=1040",DILA,0.55,3.0,4
high,335,0.8988,0.4507,0.0932,"High=335, Low=900",Control,0.6,0.5,4
high,335,0.8929,0.4478,0.0976,"High=335, Low=900",DIR,0.6,0.5,4
high,335,0.9583,0.4806,0.0838,"High=335, Low=900",BSAM,0.6,0.5,4
high,335,0.8929,0.4478,0.0897,"High=335, Low=900",DILA,0.6,0.5,4
high,335,0.7937,0.597,0.0932,"High=335, Low=900",Control,0.6,0.75,4
high,335,0.7897,0.594,0.0976,"High=335, Low=900",DIR,0.6,0.75,4
high,335,0.8452,0.6358,0.0838,"High=335, Low=900",BSAM,0.6,0.75,4
high,335,0.7778,0.5851,0.0897,"High=335, Low=900",DILA,0.6,0.75,4
high,335,0.6687,0.6687,0.0932,"High=335, Low=900",Control,0.6,1.0,4
high,335,0.6478,0.6478,0.0976,"High=335, Low=900",DIR,0.6,1.0,4
high,335,0.7433,0.7433,0.0838,"High=335, Low=900",BSAM,0.6,1.0,4
high,335,0.6687,0.6687,0.0897,"High=335, Low=900",DILA,0.6,1.0,4
high,335,0.5823,0.7284,0.0932,"High=335, Low=900",Control,0.6,1.25,4
high,335,0.5656,0.7075,0.0976,"High=335, Low=900",DIR,0.6,1.25,4
high,335,0.6516,0.8149,0.0838,"High=335, Low=900",BSAM,0.6,1.25,4
high,335,0.6014,0.7522,0.0897,"High=335, Low=900",DILA,0.6,1.25,4
high,335,0.5129,0.7701,0.0932,"High=335, Low=900",Control,0.6,1.5,4
high,335,0.495,0.7433,0.0976,"High=335, Low=900",DIR,0.6,1.5,4
high,335,0.5666,0.8507,0.0838,"High=335, Low=900",BSAM,0.6,1.5,4
high,335,0.5388,0.809,0.0897,"High=335, Low=900",DILA,0.6,1.5,4
high,335,0.4566,0.8,0.0932,"High=335, Low=900",Control,0.6,1.75,4
high,335,0.4463,0.7821,0.0976,"High=335, Low=900",DIR,0.6,1.75,4
high,335,0.4974,0.8716,0.0838,"High=335, Low=900",BSAM,0.6,1.75,4
high,335,0.4855,0.8507,0.0897,"High=335, Low=900",DILA,0.6,1.75,4
high,335,0.4119,0.8239,0.0932,"High=335, Low=900",Control,0.6,2.0,4
high,335,0.4045,0.809,0.0976,"High=335, Low=900",DIR,0.6,2.0,4
high,335,0.4463,0.8925,0.0838,"High=335, Low=900",BSAM,0.6,2.0,4
high,335,0.4343,0.8687,0.0897,"High=335, Low=900",DILA,0.6,2.0,4
high,335,0.3806,0.8567,0.0932,"High=335, Low=900",Control,0.6,2.25,4
high,335,0.3687,0.8299,0.0976,"High=335, Low=900",DIR,0.6,2.25,4
high,335,0.4058,0.9134,0.0838,"High=335, Low=900",BSAM,0.6,2.25,4
high,335,0.3979,0.8955,0.0897,"High=335, Low=900",DILA,0.6,2.25,4
high,335,0.3508,0.8776,0.0932,"High=335, Low=900",Control,0.6,2.5,4
high,335,0.3389,0.8478,0.0976,"High=335, Low=900",DIR,0.6,2.5,4
high,335,0.3675,0.9194,0.0838,"High=335, Low=900",BSAM,0.6,2.5,4
high,335,0.3652,0.9134,0.0897,"High=335, Low=900",DILA,0.6,2.5,4
high,335,0.32,0.8806,0.0932,"High=335, Low=900",Control,0.6,2.75,4
high,335,0.3145,0.8657,0.0976,"High=335, Low=900",DIR,0.6,2.75,4
high,335,0.3373,0.9284,0.0838,"High=335, Low=900",BSAM,0.6,2.75,4
high,335,0.3351,0.9224,0.0897,"High=335, Low=900",DILA,0.6,2.75,4
high,335,0.2975,0.8925,0.0932,"High=335, Low=900",Control,0.6,3.0,4
high,335,0.2905,0.8716,0.0976,"High=335, Low=900",DIR,0.6,3.0,4
high,335,0.3114,0.9343,0.0838,"High=335, Low=900",BSAM,0.6,3.0,4
high,335,0.3095,0.9284,0.0897,"High=335, Low=900",DILA,0.6,3.0,4
high,285,0.9161,0.4596,0.0885,"High=285, Low=765",Control,0.65,0.5,4
high,285,0.9231,0.4632,0.0933,"High=285, Low=765",DIR,0.65,0.5,4
high,285,0.965,0.4842,0.0815,"High=285, Low=765",BSAM,0.65,0.5,4
high,285,0.9021,0.4526,0.0896,"High=285, Low=765",DILA,0.65,0.5,4
high,285,0.8411,0.6316,0.0885,"High=285, Low=765",Control,0.65,0.75,4
high,285,0.8131,0.6105,0.0933,"High=285, Low=765",DIR,0.65,0.75,4
high,285,0.8879,0.6667,0.0815,"High=285, Low=765",BSAM,0.65,0.75,4
high,285,0.8037,0.6035,0.0896,"High=285, Low=765",DILA,0.65,0.75,4
high,285,0.7018,0.7018,0.0885,"High=285, Low=765",Control,0.65,1.0,4
high,285,0.6877,0.6877,0.0933,"High=285, Low=765",DIR,0.65,1.0,4
high,285,0.7544,0.7544,0.0815,"High=285, Low=765",BSAM,0.65,1.0,4
high,285,0.6877,0.6877,0.0896,"High=285, Low=765",DILA,0.65,1.0,4
high,285,0.6078,0.7614,0.0885,"High=285, Low=765",Control,0.65,1.25,4
high,285,0.5938,0.7439,0.0933,"High=285, Low=765",DIR,0.65,1.25,4
high,285,0.6695,0.8386,0.0815,"High=285, Low=765",BSAM,0.65,1.25,4
high,285,0.6078,0.7614,0.0896,"High=285, Low=765",DILA,0.65,1.25,4
high,285,0.5327,0.8,0.0885,"High=285, Low=765",Control,0.65,1.5,4
high,285,0.5257,0.7895,0.0933,"High=285, Low=765",DIR,0.65,1.5,4
high,285,0.5888,0.8842,0.0815,"High=285, Low=765",BSAM,0.65,1.5,4
high,285,0.5444,0.8175,0.0896,"High=285, Low=765",DILA,0.65,1.5,4
high,285,0.477,0.8351,0.0885,"High=285, Low=765",Control,0.65,1.75,4
high,285,0.4609,0.807,0.0933,"High=285, Low=765",DIR,0.65,1.75,4
high,285,0.5251,0.9193,0.0815,"High=285, Low=765",BSAM,0.65,1.75,4
high,285,0.487,0.8526,0.0896,"High=285, Low=765",DILA,0.65,1.75,4
high,285,0.4228,0.8456,0.0885,"High=285, Low=765",Control,0.65,2.0,4
high,285,0.4105,0.8211,0.0933,"High=285, Low=765",DIR,0.65,2.0,4
high,285,0.4649,0.9298,0.0815,"High=285, Low=765",BSAM,0.65,2.0,4
high,285,0.4421,0.8842,0.0896,"High=285, Low=765",DILA,0.65,2.0,4
high,285,0.3863,0.8702,0.0885,"High=285, Low=765",Control,0.65,2.25,4
high,285,0.3754,0.8456,0.0933,"High=285, Low=765",DIR,0.65,2.25,4
high,285,0.4159,0.9368,0.0815,"High=285, Low=765",BSAM,0.65,2.25,4
high,285,0.4003,0.9018,0.0896,"High=285, Low=765",DILA,0.65,2.25,4
high,285,0.3548,0.8877,0.0885,"High=285, Low=765",Control,0.65,2.5,4
high,285,0.3464,0.8667,0.0933,"High=285, Low=765",DIR,0.65,2.5,4
high,285,0.3787,0.9474,0.0815,"High=285, Low=765",BSAM,0.65,2.5,4
high,285,0.3703,0.9263,0.0896,"High=285, Low=765",DILA,0.65,2.5,4
high,285,0.3278,0.9018,0.0885,"High=285, Low=765",Control,0.65,2.75,4
high,285,0.3189,0.8772,0.0933,"High=285, Low=765",DIR,0.65,2.75,4
high,285,0.3482,0.9579,0.0815,"High=285, Low=765",BSAM,0.65,2.75,4
high,285,0.338,0.9298,0.0896,"High=285, Low=765",DILA,0.65,2.75,4
high,285,0.3018,0.9053,0.0885,"High=285, Low=765",Control,0.65,3.0,4
high,285,0.2959,0.8877,0.0933,"High=285, Low=765",DIR,0.65,3.0,4
high,285,0.3193,0.9579,0.0815,"High=285, Low=765",BSAM,0.65,3.0,4
high,285,0.3146,0.9439,0.0896,"High=285, Low=765",DILA,0.65,3.0,4
high,240,0.9333,0.4667,0.0791,"High=240, Low=615",Control,0.7,0.5,4
high,240,0.9167,0.4583,0.0835,"High=240, Low=615",DIR,0.7,0.5,4
high,240,0.95,0.475,0.0816,"High=240, Low=615",BSAM,0.7,0.5,4
high,240,0.9,0.45,0.0889,"High=240, Low=615",DILA,0.7,0.5,4
high,240,0.8389,0.6292,0.0791,"High=240, Low=615",Control,0.7,0.75,4
high,240,0.8389,0.6292,0.0835,"High=240, Low=615",DIR,0.7,0.75,4
high,240,0.9,0.675,0.0816,"High=240, Low=615",BSAM,0.7,0.75,4
high,240,0.8,0.6,0.0889,"High=240, Low=615",DILA,0.7,0.75,4
high,240,0.7375,0.7375,0.0791,"High=240, Low=615",Control,0.7,1.0,4
high,240,0.7375,0.7375,0.0835,"High=240, Low=615",DIR,0.7,1.0,4
high,240,0.7833,0.7833,0.0816,"High=240, Low=615",BSAM,0.7,1.0,4
high,240,0.725,0.725,0.0889,"High=240, Low=615",DILA,0.7,1.0,4
high,240,0.6333,0.7917,0.0791,"High=240, Low=615",Control,0.7,1.25,4
high,240,0.62,0.775,0.0835,"High=240, Low=615",DIR,0.7,1.25,4
high,240,0.6767,0.8458,0.0816,"High=240, Low=615",BSAM,0.7,1.25,4
high,240,0.6233,0.7792,0.0889,"High=240, Low=615",DILA,0.7,1.25,4
high,240,0.5556,0.8333,0.0791,"High=240, Low=615",Control,0.7,1.5,4
high,240,0.5528,0.8292,0.0835,"High=240, Low=615",DIR,0.7,1.5,4
high,240,0.5972,0.8958,0.0816,"High=240, Low=615",BSAM,0.7,1.5,4
high,240,0.5528,0.8292,0.0889,"High=240, Low=615",DILA,0.7,1.5,4
high,240,0.4976,0.8708,0.0791,"High=240, Low=615",Control,0.7,1.75,4
high,240,0.4905,0.8583,0.0835,"High=240, Low=615",DIR,0.7,1.75,4
high,240,0.5286,0.925,0.0816,"High=240, Low=615",BSAM,0.7,1.75,4
high,240,0.4952,0.8667,0.0889,"High=240, Low=615",DILA,0.7,1.75,4
high,240,0.4479,0.8958,0.0791,"High=240, Low=615",Control,0.7,2.0,4
high,240,0.4354,0.8708,0.0835,"High=240, Low=615",DIR,0.7,2.0,4
high,240,0.4729,0.9458,0.0816,"High=240, Low=615",BSAM,0.7,2.0,4
high,240,0.45,0.9,0.0889,"High=240, Low=615",DILA,0.7,2.0,4
high,240,0.4074,0.9167,0.0791,"High=240, Low=615",Control,0.7,2.25,4
high,240,0.3926,0.8833,0.0835,"High=240, Low=615",DIR,0.7,2.25,4
high,240,0.4222,0.95,0.0816,"High=240, Low=615",BSAM,0.7,2.25,4
high,240,0.4074,0.9167,0.0889,"High=240, Low=615",DILA,0.7,2.25,4
high,240,0.3683,0.9208,0.0791,"High=240, Low=615",Control,0.7,2.5,4
high,240,0.3583,0.8958,0.0835,"High=240, Low=615",DIR,0.7,2.5,4
high,240,0.385,0.9625,0.0816,"High=240, Low=615",BSAM,0.7,2.5,4
high,240,0.3683,0.9208,0.0889,"High=240, Low=615",DILA,0.7,2.5,4
high,240,0.3394,0.9333,0.0791,"High=240, Low=615",Control,0.7,2.75,4
high,240,0.3303,0.9083,0.0835,"High=240, Low=615",DIR,0.7,2.75,4
high,240,0.35,0.9625,0.0816,"High=240, Low=615",BSAM,0.7,2.75,4
high,240,0.3394,0.9333,0.0889,"High=240, Low=615",DILA,0.7,2.75,4
high,240,0.3153,0.9458,0.0791,"High=240, Low=615",Control,0.7,3.0,4
high,240,0.3083,0.925,0.0835,"High=240, Low=615",DIR,0.7,3.0,4
high,240,0.325,0.975,0.0816,"High=240, Low=615",BSAM,0.7,3.0,4
high,240,0.3139,0.9417,0.0889,"High=240, Low=615",DILA,0.7,3.0,4
high,205,0.9126,0.4585,0.0803,"High=205, Low=490",Control,0.75,0.5,4
high,205,0.8932,0.4488,0.081,"High=205, Low=490",DIR,0.75,0.5,4
high,205,0.9126,0.4585,0.0864,"High=205, Low=490",BSAM,0.75,0.5,4
high,205,0.9029,0.4537,0.0902,"High=205, Low=490",DILA,0.75,0.5,4
high,205,0.8312,0.6244,0.0803,"High=205, Low=490",Control,0.75,0.75,4
high,205,0.8701,0.6537,0.081,"High=205, Low=490",DIR,0.75,0.75,4
high,205,0.8961,0.6732,0.0864,"High=205, Low=490",BSAM,0.75,0.75,4
high,205,0.8117,0.6098,0.0902,"High=205, Low=490",DILA,0.75,0.75,4
high,205,0.7659,0.7659,0.0803,"High=205, Low=490",Control,0.75,1.0,4
high,205,0.7512,0.7512,0.081,"High=205, Low=490",DIR,0.75,1.0,4
high,205,0.8098,0.8098,0.0864,"High=205, Low=490",BSAM,0.75,1.0,4
high,205,0.722,0.722,0.0902,"High=205, Low=490",DILA,0.75,1.0,4
high,205,0.642,0.8049,0.0803,"High=205, Low=490",Control,0.75,1.25,4
high,205,0.6459,0.8098,0.081,"High=205, Low=490",DIR,0.75,1.25,4
high,205,0.6809,0.8537,0.0864,"High=205, Low=490",BSAM,0.75,1.25,4
high,205,0.6342,0.7951,0.0902,"High=205, Low=490",DILA,0.75,1.25,4
high,205,0.5584,0.839,0.0803,"High=205, Low=490",Control,0.75,1.5,4
high,205,0.5617,0.8439,0.081,"High=205, Low=490",DIR,0.75,1.5,4
high,205,0.6006,0.9024,0.0864,"High=205, Low=490",BSAM,0.75,1.5,4
high,205,0.5584,0.839,0.0902,"High=205, Low=490",DILA,0.75,1.5,4
high,205,0.4903,0.8585,0.0803,"High=205, Low=490",Control,0.75,1.75,4
high,205,0.5014,0.878,0.081,"High=205, Low=490",DIR,0.75,1.75,4
high,205,0.5265,0.922,0.0864,"High=205, Low=490",BSAM,0.75,1.75,4
high,205,0.4958,0.8683,0.0902,"High=205, Low=490",DILA,0.75,1.75,4
high,205,0.4488,0.8976,0.0803,"High=205, Low=490",Control,0.75,2.0,4
high,205,0.4463,0.8927,0.081,"High=205, Low=490",DIR,0.75,2.0,4
high,205,0.4683,0.9366,0.0864,"High=205, Low=490",BSAM,0.75,2.0,4
high,205,0.4415,0.8829,0.0902,"High=205, Low=490",DILA,0.75,2.0,4
high,205,0.4048,0.9122,0.0803,"High=205, Low=490",Control,0.75,2.25,4
high,205,0.4004,0.9024,0.081,"High=205, Low=490",DIR,0.75,2.25,4
high,205,0.4177,0.9415,0.0864,"High=205, Low=490",BSAM,0.75,2.25,4
high,205,0.4026,0.9073,0.0902,"High=205, Low=490",DILA,0.75,2.25,4
high,205,0.3723,0.9317,0.0803,"High=205, Low=490",Control,0.75,2.5,4
high,205,0.3645,0.9122,0.081,"High=205, Low=490",DIR,0.75,2.5,4
high,205,0.3801,0.9512,0.0864,"High=205, Low=490",BSAM,0.75,2.5,4
high,205,0.3665,0.9171,0.0902,"High=205, Low=490",DILA,0.75,2.5,4
high,205,0.3387,0.9317,0.0803,"High=205, Low=490",Control,0.75,2.75,4
high,205,0.3351,0.922,0.081,"High=205, Low=490",DIR,0.75,2.75,4
high,205,0.3475,0.9561,0.0864,"High=205, Low=490",BSAM,0.75,2.75,4
high,205,0.3387,0.9317,0.0902,"High=205, Low=490",DILA,0.75,2.75,4
high,205,0.3122,0.9366,0.0803,"High=205, Low=490",Control,0.75,3.0,4
high,205,0.3073,0.922,0.081,"High=205, Low=490",DIR,0.75,3.0,4
high,205,0.3187,0.9561,0.0864,"High=205, Low=490",BSAM,0.75,3.0,4
high,205,0.3106,0.9317,0.0902,"High=205, Low=490",DILA,0.75,3.0,4
high,165,0.7952,0.4,0.0813,"High=165, Low=385",Control,0.8,0.5,4
high,165,0.8313,0.4182,0.0813,"High=165, Low=385",DIR,0.8,0.5,4
high,165,0.7952,0.4,0.0966,"High=165, Low=385",BSAM,0.8,0.5,4
high,165,0.7711,0.3879,0.0915,"High=165, Low=385",DILA,0.8,0.5,4
high,165,0.7742,0.5818,0.0813,"High=165, Low=385",Control,0.8,0.75,4
high,165,0.7742,0.5818,0.0813,"High=165, Low=385",DIR,0.8,0.75,4
high,165,0.7661,0.5758,0.0966,"High=165, Low=385",BSAM,0.8,0.75,4
high,165,0.75,0.5636,0.0915,"High=165, Low=385",DILA,0.8,0.75,4
high,165,0.697,0.697,0.0813,"High=165, Low=385",Control,0.8,1.0,4
high,165,0.7212,0.7212,0.0813,"High=165, Low=385",DIR,0.8,1.0,4
high,165,0.7333,0.7333,0.0966,"High=165, Low=385",BSAM,0.8,1.0,4
high,165,0.6848,0.6848,0.0915,"High=165, Low=385",DILA,0.8,1.0,4
high,165,0.6377,0.8,0.0813,"High=165, Low=385",Control,0.8,1.25,4
high,165,0.6329,0.7939,0.0813,"High=165, Low=385",DIR,0.8,1.25,4
high,165,0.657,0.8242,0.0966,"High=165, Low=385",BSAM,0.8,1.25,4
high,165,0.6087,0.7636,0.0915,"High=165, Low=385",DILA,0.8,1.25,4
high,165,0.5403,0.8121,0.0813,"High=165, Low=385",Control,0.8,1.5,4
high,165,0.5565,0.8364,0.0813,"High=165, Low=385",DIR,0.8,1.5,4
high,165,0.5685,0.8545,0.0966,"High=165, Low=385",BSAM,0.8,1.5,4
high,165,0.5323,0.8,0.0915,"High=165, Low=385",DILA,0.8,1.5,4
high,165,0.4775,0.8364,0.0813,"High=165, Low=385",Control,0.8,1.75,4
high,165,0.4913,0.8606,0.0813,"High=165, Low=385",DIR,0.8,1.75,4
high,165,0.5087,0.8909,0.0966,"High=165, Low=385",BSAM,0.8,1.75,4
high,165,0.4671,0.8182,0.0915,"High=165, Low=385",DILA,0.8,1.75,4
high,165,0.4273,0.8545,0.0813,"High=165, Low=385",Control,0.8,2.0,4
high,165,0.4455,0.8909,0.0813,"High=165, Low=385",DIR,0.8,2.0,4
high,165,0.4485,0.897,0.0966,"High=165, Low=385",BSAM,0.8,2.0,4
high,165,0.4273,0.8545,0.0915,"High=165, Low=385",DILA,0.8,2.0,4
high,165,0.3898,0.8788,0.0813,"High=165, Low=385",Control,0.8,2.25,4
high,165,0.4059,0.9152,0.0813,"High=165, Low=385",DIR,0.8,2.25,4
high,165,0.4059,0.9152,0.0966,"High=165, Low=385",BSAM,0.8,2.25,4
high,165,0.3817,0.8606,0.0915,"High=165, Low=385",DILA,0.8,2.25,4
high,165,0.3632,0.9091,0.0813,"High=165, Low=385",Control,0.8,2.5,4
high,165,0.368,0.9212,0.0813,"High=165, Low=385",DIR,0.8,2.5,4
high,165,0.368,0.9212,0.0966,"High=165, Low=385",BSAM,0.8,2.5,4
high,165,0.3462,0.8667,0.0915,"High=165, Low=385",DILA,0.8,2.5,4
high,165,0.3326,0.9152,0.0813,"High=165, Low=385",Control,0.8,2.75,4
high,165,0.337,0.9273,0.0813,"High=165, Low=385",DIR,0.8,2.75,4
high,165,0.337,0.9273,0.0966,"High=165, Low=385",BSAM,0.8,2.75,4
high,165,0.326,0.897,0.0915,"High=165, Low=385",DILA,0.8,2.75,4
high,165,0.3111,0.9333,0.0813,"High=165, Low=385",Control,0.8,3.0,4
high,165,0.3091,0.9273,0.0813,"High=165, Low=385",DIR,0.8,3.0,4
high,165,0.3131,0.9394,0.0966,"High=165, Low=385",BSAM,0.8,3.0,4
high,165,0.301,0.903,0.0915,"High=165, Low=385",DILA,0.8,3.0,4
high,100,0.8,0.4,0.0967,"High=100, Low=275",Control,0.8500000000000001,0.5,4
high,100,0.7,0.35,0.0837,"High=100, Low=275",DIR,0.8500000000000001,0.5,4
high,100,0.62,0.31,0.1246,"High=100, Low=275",BSAM,0.8500000000000001,0.5,4
high,100,0.6,0.3,0.0939,"High=100, Low=275",DILA,0.8500000000000001,0.5,4
high,100,0.64,0.48,0.0967,"High=100, Low=275",Control,0.8500000000000001,0.75,4
high,100,0.6933,0.52,0.0837,"High=100, Low=275",DIR,0.8500000000000001,0.75,4
high,100,0.6533,0.49,0.1246,"High=100, Low=275",BSAM,0.8500000000000001,0.75,4
high,100,0.6,0.45,0.0939,"High=100, Low=275",DILA,0.8500000000000001,0.75,4
high,100,0.61,0.61,0.0967,"High=100, Low=275",Control,0.8500000000000001,1.0,4
high,100,0.63,0.63,0.0837,"High=100, Low=275",DIR,0.8500000000000001,1.0,4
high,100,0.56,0.56,0.1246,"High=100, Low=275",BSAM,0.8500000000000001,1.0,4
high,100,0.58,0.58,0.0939,"High=100, Low=275",DILA,0.8500000000000001,1.0,4
high,100,0.568,0.71,0.0967,"High=100, Low=275",Control,0.8500000000000001,1.25,4
high,100,0.576,0.72,0.0837,"High=100, Low=275",DIR,0.8500000000000001,1.25,4
high,100,0.56,0.7,0.1246,"High=100, Low=275",BSAM,0.8500000000000001,1.25,4
high,100,0.568,0.71,0.0939,"High=100, Low=275",DILA,0.8500000000000001,1.25,4
high,100,0.5067,0.76,0.0967,"High=100, Low=275",Control,0.8500000000000001,1.5,4
high,100,0.5333,0.8,0.0837,"High=100, Low=275",DIR,0.8500000000000001,1.5,4
high,100,0.5267,0.79,0.1246,"High=100, Low=275",BSAM,0.8500000000000001,1.5,4
high,100,0.5067,0.76,0.0939,"High=100, Low=275",DILA,0.8500000000000001,1.5,4
high,100,0.44,0.77,0.0967,"High=100, Low=275",Control,0.8500000000000001,1.75,4
high,100,0.4686,0.82,0.0837,"High=100, Low=275",DIR,0.8500000000000001,1.75,4
high,100,0.48,0.84,0.1246,"High=100, Low=275",BSAM,0.8500000000000001,1.75,4
high,100,0.4629,0.81,0.0939,"High=100, Low=275",DILA,0.8500000000000001,1.75,4
high,100,0.405,0.81,0.0967,"High=100, Low=275",Control,0.8500000000000001,2.0,4
high,100,0.42,0.84,0.0837,"High=100, Low=275",DIR,0.8500000000000001,2.0,4
high,100,0.435,0.87,0.1246,"High=100, Low=275",BSAM,0.8500000000000001,2.0,4
high,100,0.425,0.85,0.0939,"High=100, Low=275",DILA,0.8500000000000001,2.0,4
high,100,0.3689,0.83,0.0967,"High=100, Low=275",Control,0.8500000000000001,2.25,4
high,100,0.3911,0.88,0.0837,"High=100, Low=275",DIR,0.8500000000000001,2.25,4
high,100,0.3911,0.88,0.1246,"High=100, Low=275",BSAM,0.8500000000000001,2.25,4
high,100,0.3867,0.87,0.0939,"High=100, Low=275",DILA,0.8500000000000001,2.25,4
high,100,0.332,0.83,0.0967,"High=100, Low=275",Control,0.8500000000000001,2.5,4
high,100,0.36,0.9,0.0837,"High=100, Low=275",DIR,0.8500000000000001,2.5,4
high,100,0.352,0.88,0.1246,"High=100, Low=275",BSAM,0.8500000000000001,2.5,4
high,100,0.348,0.87,0.0939,"High=100, Low=275",DILA,0.8500000000000001,2.5,4
high,100,0.3055,0.84,0.0967,"High=100, Low=275",Control,0.8500000000000001,2.75,4
high,100,0.3309,0.91,0.0837,"High=100, Low=275",DIR,0.8500000000000001,2.75,4
high,100,0.32,0.88,0.1246,"High=100, Low=275",BSAM,0.8500000000000001,2.75,4
high,100,0.32,0.88,0.0939,"High=100, Low=275",DILA,0.8500000000000001,2.75,4
high,100,0.2833,0.85,0.0967,"High=100, Low=275",Control,0.8500000000000001,3.0,4
high,100,0.3033,0.91,0.0837,"High=100, Low=275",DIR,0.8500000000000001,3.0,4
high,100,0.3067,0.92,0.1246,"High=100, Low=275",BSAM,0.8500000000000001,3.0,4
high,100,0.2933,0.88,0.0939,"High=100, Low=275",DILA,0.8500000000000001,3.0,4
high,45,0.6087,0.3111,0.0659,"High=45, Low=215",Control,0.9,0.5,4
high,45,0.7826,0.4,0.0577,"High=45, Low=215",DIR,0.9,0.5,4
high,45,0.5652,0.2889,0.1471,"High=45, Low=215",BSAM,0.9,0.5,4
high,45,0.5652,0.2889,0.0831,"High=45, Low=215",DILA,0.9,0.5,4
high,45,0.6471,0.4889,0.0659,"High=45, Low=215",Control,0.9,0.75,4
high,45,0.6176,0.4667,0.0577,"High=45, Low=215",DIR,0.9,0.75,4
high,45,0.4706,0.3556,0.1471,"High=45, Low=215",BSAM,0.9,0.75,4
high,45,0.5,0.3778,0.0831,"High=45, Low=215",DILA,0.9,0.75,4
high,45,0.6,0.6,0.0659,"High=45, Low=215",Control,0.9,1.0,4
high,45,0.5333,0.5333,0.0577,"High=45, Low=215",DIR,0.9,1.0,4
high,45,0.3778,0.3778,0.1471,"High=45, Low=215",BSAM,0.9,1.0,4
high,45,0.4222,0.4222,0.0831,"High=45, Low=215",DILA,0.9,1.0,4
high,45,0.5263,0.6667,0.0659,"High=45, Low=215",Control,0.9,1.25,4
high,45,0.4737,0.6,0.0577,"High=45, Low=215",DIR,0.9,1.25,4
high,45,0.386,0.4889,0.1471,"High=45, Low=215",BSAM,0.9,1.25,4
high,45,0.386,0.4889,0.0831,"High=45, Low=215",DILA,0.9,1.25,4
high,45,0.4412,0.6667,0.0659,"High=45, Low=215",Control,0.9,1.5,4
high,45,0.4853,0.7333,0.0577,"High=45, Low=215",DIR,0.9,1.5,4
high,45,0.4118,0.6222,0.1471,"High=45, Low=215",BSAM,0.9,1.5,4
high,45,0.3676,0.5556,0.0831,"High=45, Low=215",DILA,0.9,1.5,4
high,45,0.4177,0.7333,0.0659,"High=45, Low=215",Control,0.9,1.75,4
high,45,0.4684,0.8222,0.0577,"High=45, Low=215",DIR,0.9,1.75,4
high,45,0.3797,0.6667,0.1471,"High=45, Low=215",BSAM,0.9,1.75,4
high,45,0.3544,0.6222,0.0831,"High=45, Low=215",DILA,0.9,1.75,4
high,45,0.3889,0.7778,0.0659,"High=45, Low=215",Control,0.9,2.0,4
high,45,0.4222,0.8444,0.0577,"High=45, Low=215",DIR,0.9,2.0,4
high,45,0.3444,0.6889,0.1471,"High=45, Low=215",BSAM,0.9,2.0,4
high,45,0.3444,0.6889,0.0831,"High=45, Low=215",DILA,0.9,2.0,4
high,45,0.3627,0.8222,0.0659,"High=45, Low=215",Control,0.9,2.25,4
high,45,0.3824,0.8667,0.0577,"High=45, Low=215",DIR,0.9,2.25,4
high,45,0.3039,0.6889,0.1471,"High=45, Low=215",BSAM,0.9,2.25,4
high,45,0.3235,0.7333,0.0831,"High=45, Low=215",DILA,0.9,2.25,4
high,45,0.3363,0.8444,0.0659,"High=45, Low=215",Control,0.9,2.5,4
high,45,0.3451,0.8667,0.0577,"High=45, Low=215",DIR,0.9,2.5,4
high,45,0.3009,0.7556,0.1471,"High=45, Low=215",BSAM,0.9,2.5,4
high,45,0.3097,0.7778,0.0831,"High=45, Low=215",DILA,0.9,2.5,4
high,45,0.3065,0.8444,0.0659,"High=45, Low=215",Control,0.9,2.75,4
high,45,0.3226,0.8889,0.0577,"High=45, Low=215",DIR,0.9,2.75,4
high,45,0.3065,0.8444,0.1471,"High=45, Low=215",BSAM,0.9,2.75,4
high,45,0.3145,0.8667,0.0831,"High=45, Low=215",DILA,0.9,2.75,4
high,45,0.2889,0.8667,0.0659,"High=45, Low=215",Control,0.9,3.0,4
high,45,0.3185,0.9556,0.0577,"High=45, Low=215",DIR,0.9,3.0,4
high,45,0.2889,0.8667,0.1471,"High=45, Low=215",BSAM,0.9,3.0,4
high,45,0.2963,0.8889,0.0831,"High=45, Low=215",DILA,0.9,3.0,4
