Discovery Mode,Tail Size (GT),Extrap. Precision,Tail Recall,Tail MAE,Breakdown,Method,Rel Threshold,Budget Ratio,Fold
high,432,0.875,0.4375,0.0798,"High=432, Low=1428",Control,0.5,0.5,0
high,288,0.8611,0.4306,0.0766,"High=288, Low=952",DIR,0.5,0.5,0
high,360,0.8944,0.4472,0.0753,"High=360, Low=1190",BSAM,0.5,0.5,0
high,360,0.9444,0.4722,0.0665,"High=360, Low=1190",DILA,0.5,0.5,0
high,432,0.8056,0.6042,0.0798,"High=432, Low=1428",Control,0.5,0.75,0
high,288,0.7917,0.5938,0.0766,"High=288, Low=952",DIR,0.5,0.75,0
high,360,0.8296,0.6222,0.0753,"High=360, Low=1190",BSAM,0.5,0.75,0
high,360,0.8704,0.6528,0.0665,"High=360, Low=1190",DILA,0.5,0.75,0
high,432,0.7269,0.7269,0.0798,"High=432, Low=1428",Control,0.5,1.0,0
high,288,0.7118,0.7118,0.0766,"High=288, Low=952",DIR,0.5,1.0,0
high,360,0.7472,0.7472,0.0753,"High=360, Low=1190",BSAM,0.5,1.0,0
high,360,0.7694,0.7694,0.0665,"High=360, Low=1190",DILA,0.5,1.0,0
high,432,0.6444,0.8056,0.0798,"High=432, Low=1428",Control,0.5,1.25,0
high,288,0.6278,0.7847,0.0766,"High=288, Low=952",DIR,0.5,1.25,0
high,360,0.6444,0.8056,0.0753,"High=360, Low=1190",BSAM,0.5,1.25,0
high,360,0.68,0.85,0.0665,"High=360, Low=1190",DILA,0.5,1.25,0
high,432,0.5602,0.8403,0.0798,"High=432, Low=1428",Control,0.5,1.5,0
high,288,0.5463,0.8194,0.0766,"High=288, Low=952",DIR,0.5,1.5,0
high,360,0.5685,0.8528,0.0753,"High=360, Low=1190",BSAM,0.5,1.5,0
high,360,0.5889,0.8833,0.0665,"High=360, Low=1190",DILA,0.5,1.5,0
high,432,0.4881,0.8542,0.0798,"High=432, Low=1428",Control,0.5,1.75,0
high,288,0.4821,0.8438,0.0766,"High=288, Low=952",DIR,0.5,1.75,0
high,360,0.4952,0.8667,0.0753,"High=360, Low=1190",BSAM,0.5,1.75,0
high,360,0.5095,0.8917,0.0665,"High=360, Low=1190",DILA,0.5,1.75,0
high,432,0.441,0.8819,0.0798,"High=432, Low=1428",Control,0.5,2.0,0
high,288,0.4323,0.8646,0.0766,"High=288, Low=952",DIR,0.5,2.0,0
high,360,0.4403,0.8806,0.0753,"High=360, Low=1190",BSAM,0.5,2.0,0
high,360,0.4514,0.9028,0.0665,"High=360, Low=1190",DILA,0.5,2.0,0
high,432,0.4012,0.9028,0.0798,"High=432, Low=1428",Control,0.5,2.25,0
high,288,0.3951,0.8889,0.0766,"High=288, Low=952",DIR,0.5,2.25,0
high,360,0.4,0.9,0.0753,"High=360, Low=1190",BSAM,0.5,2.25,0
high,360,0.4049,0.9111,0.0665,"High=360, Low=1190",DILA,0.5,2.25,0
high,432,0.3639,0.9097,0.0798,"High=432, Low=1428",Control,0.5,2.5,0
high,288,0.3597,0.8993,0.0766,"High=288, Low=952",DIR,0.5,2.5,0
high,360,0.3622,0.9056,0.0753,"High=360, Low=1190",BSAM,0.5,2.5,0
high,360,0.3644,0.9111,0.0665,"High=360, Low=1190",DILA,0.5,2.5,0
high,432,0.3342,0.919,0.0798,"High=432, Low=1428",Control,0.5,2.75,0
high,288,0.3308,0.9097,0.0766,"High=288, Low=952",DIR,0.5,2.75,0
high,360,0.3313,0.9111,0.0753,"High=360, Low=1190",BSAM,0.5,2.75,0
high,360,0.3343,0.9194,0.0665,"High=360, Low=1190",DILA,0.5,2.75,0
high,432,0.3071,0.9213,0.0798,"High=432, Low=1428",Control,0.5,3.0,0
high,288,0.3056,0.9167,0.0766,"High=288, Low=952",DIR,0.5,3.0,0
high,360,0.3046,0.9139,0.0753,"High=360, Low=1190",BSAM,0.5,3.0,0
high,360,0.3074,0.9222,0.0665,"High=360, Low=1190",DILA,0.5,3.0,0
high,354,0.8249,0.4124,0.0832,"High=354, Low=1242",Control,0.55,0.5,0
high,236,0.8559,0.428,0.0815,"High=236, Low=828",DIR,0.55,0.5,0
high,295,0.8919,0.4475,0.0803,"High=295, Low=1035",BSAM,0.55,0.5,0
high,295,0.9054,0.4542,0.0706,"High=295, Low=1035",DILA,0.55,0.5,0
high,354,0.7857,0.5904,0.0832,"High=354, Low=1242",Control,0.55,0.75,0
high,236,0.8136,0.6102,0.0815,"High=236, Low=828",DIR,0.55,0.75,0
high,295,0.7973,0.6,0.0803,"High=295, Low=1035",BSAM,0.55,0.75,0
high,295,0.8423,0.6339,0.0706,"High=295, Low=1035",DILA,0.55,0.75,0
high,354,0.709,0.709,0.0832,"High=354, Low=1242",Control,0.55,1.0,0
high,236,0.7119,0.7119,0.0815,"High=236, Low=828",DIR,0.55,1.0,0
high,295,0.7085,0.7085,0.0803,"High=295, Low=1035",BSAM,0.55,1.0,0
high,295,0.7695,0.7695,0.0706,"High=295, Low=1035",DILA,0.55,1.0,0
high,354,0.6321,0.791,0.0832,"High=354, Low=1242",Control,0.55,1.25,0
high,236,0.6203,0.7754,0.0815,"High=236, Low=828",DIR,0.55,1.25,0
high,295,0.6369,0.7966,0.0803,"High=295, Low=1035",BSAM,0.55,1.25,0
high,295,0.6612,0.8271,0.0706,"High=295, Low=1035",DILA,0.55,1.25,0
high,354,0.5631,0.8446,0.0832,"High=354, Low=1242",Control,0.55,1.5,0
high,236,0.548,0.822,0.0815,"High=236, Low=828",DIR,0.55,1.5,0
high,295,0.5553,0.8339,0.0803,"High=295, Low=1035",BSAM,0.55,1.5,0
high,295,0.5824,0.8746,0.0706,"High=295, Low=1035",DILA,0.55,1.5,0
high,354,0.5032,0.8814,0.0832,"High=354, Low=1242",Control,0.55,1.75,0
high,236,0.4818,0.8432,0.0815,"High=236, Low=828",DIR,0.55,1.75,0
high,295,0.4971,0.8712,0.0803,"High=295, Low=1035",BSAM,0.55,1.75,0
high,295,0.5145,0.9017,0.0706,"High=295, Low=1035",DILA,0.55,1.75,0
high,354,0.4435,0.887,0.0832,"High=354, Low=1242",Control,0.55,2.0,0
high,236,0.4343,0.8686,0.0815,"High=236, Low=828",DIR,0.55,2.0,0
high,295,0.4424,0.8847,0.0803,"High=295, Low=1035",BSAM,0.55,2.0,0
high,295,0.4508,0.9017,0.0706,"High=295, Low=1035",DILA,0.55,2.0,0
high,354,0.399,0.8983,0.0832,"High=354, Low=1242",Control,0.55,2.25,0
high,236,0.3917,0.8814,0.0815,"High=236, Low=828",DIR,0.55,2.25,0
high,295,0.3976,0.8949,0.0803,"High=295, Low=1035",BSAM,0.55,2.25,0
high,295,0.4051,0.9119,0.0706,"High=295, Low=1035",DILA,0.55,2.25,0
high,354,0.3672,0.9181,0.0832,"High=354, Low=1242",Control,0.55,2.5,0
high,236,0.361,0.9025,0.0815,"High=236, Low=828",DIR,0.55,2.5,0
high,295,0.3631,0.9085,0.0803,"High=295, Low=1035",BSAM,0.55,2.5,0
high,295,0.3672,0.9186,0.0706,"High=295, Low=1035",DILA,0.55,2.5,0
high,354,0.3357,0.9237,0.0832,"High=354, Low=1242",Control,0.55,2.75,0
high,236,0.3282,0.9025,0.0815,"High=236, Low=828",DIR,0.55,2.75,0
high,295,0.3337,0.9186,0.0803,"High=295, Low=1035",BSAM,0.55,2.75,0
high,295,0.335,0.922,0.0706,"High=295, Low=1035",DILA,0.55,2.75,0
high,354,0.3079,0.9237,0.0832,"High=354, Low=1242",Control,0.55,3.0,0
high,236,0.3037,0.911,0.0815,"High=236, Low=828",DIR,0.55,3.0,0
high,295,0.3073,0.922,0.0803,"High=295, Low=1035",BSAM,0.55,3.0,0
high,295,0.3073,0.922,0.0706,"High=295, Low=1035",DILA,0.55,3.0,0
high,306,0.8693,0.4346,0.0911,"High=306, Low=1044",Control,0.6,0.5,0
high,204,0.8824,0.4412,0.0889,"High=204, Low=696",DIR,0.6,0.5,0
high,255,0.9062,0.4549,0.0873,"High=255, Low=870",BSAM,0.6,0.5,0
high,255,0.9141,0.4588,0.0779,"High=255, Low=870",DILA,0.6,0.5,0
high,306,0.7913,0.5948,0.0911,"High=306, Low=1044",Control,0.6,0.75,0
high,204,0.8235,0.6176,0.0889,"High=204, Low=696",DIR,0.6,0.75,0
high,255,0.8281,0.6235,0.0873,"High=255, Low=870",BSAM,0.6,0.75,0
high,255,0.8646,0.651,0.0779,"High=255, Low=870",DILA,0.6,0.75,0
high,306,0.6895,0.6895,0.0911,"High=306, Low=1044",Control,0.6,1.0,0
high,204,0.7353,0.7353,0.0889,"High=204, Low=696",DIR,0.6,1.0,0
high,255,0.7294,0.7294,0.0873,"High=255, Low=870",BSAM,0.6,1.0,0
high,255,0.7765,0.7765,0.0779,"High=255, Low=870",DILA,0.6,1.0,0
high,306,0.6319,0.7908,0.0911,"High=306, Low=1044",Control,0.6,1.25,0
high,204,0.6275,0.7843,0.0889,"High=204, Low=696",DIR,0.6,1.25,0
high,255,0.6301,0.7882,0.0873,"High=255, Low=870",BSAM,0.6,1.25,0
high,255,0.6708,0.8392,0.0779,"High=255, Low=870",DILA,0.6,1.25,0
high,306,0.5577,0.8366,0.0911,"High=306, Low=1044",Control,0.6,1.5,0
high,204,0.549,0.8235,0.0889,"High=204, Low=696",DIR,0.6,1.5,0
high,255,0.5509,0.8275,0.0873,"High=255, Low=870",BSAM,0.6,1.5,0
high,255,0.5744,0.8627,0.0779,"High=255, Low=870",DILA,0.6,1.5,0
high,306,0.4925,0.8627,0.0911,"High=306, Low=1044",Control,0.6,1.75,0
high,204,0.479,0.8382,0.0889,"High=204, Low=696",DIR,0.6,1.75,0
high,255,0.4899,0.8588,0.0873,"High=255, Low=870",BSAM,0.6,1.75,0
high,255,0.5034,0.8824,0.0779,"High=255, Low=870",DILA,0.6,1.75,0
high,306,0.4412,0.8824,0.0911,"High=306, Low=1044",Control,0.6,2.0,0
high,204,0.4265,0.8529,0.0889,"High=204, Low=696",DIR,0.6,2.0,0
high,255,0.4412,0.8824,0.0873,"High=255, Low=870",BSAM,0.6,2.0,0
high,255,0.4471,0.8941,0.0779,"High=255, Low=870",DILA,0.6,2.0,0
high,306,0.3933,0.8856,0.0911,"High=306, Low=1044",Control,0.6,2.25,0
high,204,0.3834,0.8627,0.0889,"High=204, Low=696",DIR,0.6,2.25,0
high,255,0.3972,0.8941,0.0873,"High=255, Low=870",BSAM,0.6,2.25,0
high,255,0.3972,0.8941,0.0779,"High=255, Low=870",DILA,0.6,2.25,0
high,306,0.3556,0.8889,0.0911,"High=306, Low=1044",Control,0.6,2.5,0
high,204,0.3529,0.8824,0.0889,"High=204, Low=696",DIR,0.6,2.5,0
high,255,0.3574,0.8941,0.0873,"High=255, Low=870",BSAM,0.6,2.5,0
high,255,0.3605,0.902,0.0779,"High=255, Low=870",DILA,0.6,2.5,0
high,306,0.3302,0.9085,0.0911,"High=306, Low=1044",Control,0.6,2.75,0
high,204,0.3226,0.8873,0.0889,"High=204, Low=696",DIR,0.6,2.75,0
high,255,0.3248,0.8941,0.0873,"High=255, Low=870",BSAM,0.6,2.75,0
high,255,0.3276,0.902,0.0779,"High=255, Low=870",DILA,0.6,2.75,0
high,306,0.3039,0.9118,0.0911,"High=306, Low=1044",Control,0.6,3.0,0
high,204,0.2974,0.8922,0.0889,"High=204, Low=696",DIR,0.6,3.0,0
high,255,0.302,0.9059,0.0873,"High=255, Low=870",BSAM,0.6,3.0,0
high,255,0.302,0.9059,0.0779,"High=255, Low=870",DILA,0.6,3.0,0
high,240,0.8417,0.4208,0.0994,"High=240, Low=888",Control,0.65,0.5,0
high,160,0.85,0.425,0.0952,"High=160, Low=592",DIR,0.65,0.5,0
high,200,0.86,0.43,0.0948,"High=200, Low=740",BSAM,0.65,0.5,0
high,200,0.94,0.47,0.0876,"High=200, Low=740",DILA,0.65,0.5,0
high,240,0.7278,0.5458,0.0994,"High=240, Low=888",Control,0.65,0.75,0
high,160,0.7667,0.575,0.0952,"High=160, Low=592",DIR,0.65,0.75,0
high,200,0.8133,0.61,0.0948,"High=200, Low=740",BSAM,0.65,0.75,0
high,200,0.8333,0.625,0.0876,"High=200, Low=740",DILA,0.65,0.75,0
high,240,0.65,0.65,0.0994,"High=240, Low=888",Control,0.65,1.0,0
high,160,0.7063,0.7063,0.0952,"High=160, Low=592",DIR,0.65,1.0,0
high,200,0.71,0.71,0.0948,"High=200, Low=740",BSAM,0.65,1.0,0
high,200,0.725,0.725,0.0876,"High=200, Low=740",DILA,0.65,1.0,0
high,240,0.5833,0.7292,0.0994,"High=240, Low=888",Control,0.65,1.25,0
high,160,0.625,0.7812,0.0952,"High=160, Low=592",DIR,0.65,1.25,0
high,200,0.616,0.77,0.0948,"High=200, Low=740",BSAM,0.65,1.25,0
high,200,0.632,0.79,0.0876,"High=200, Low=740",DILA,0.65,1.25,0
high,240,0.5389,0.8083,0.0994,"High=240, Low=888",Control,0.65,1.5,0
high,160,0.5417,0.8125,0.0952,"High=160, Low=592",DIR,0.65,1.5,0
high,200,0.54,0.81,0.0948,"High=200, Low=740",BSAM,0.65,1.5,0
high,200,0.5667,0.85,0.0876,"High=200, Low=740",DILA,0.65,1.5,0
high,240,0.4881,0.8542,0.0994,"High=240, Low=888",Control,0.65,1.75,0
high,160,0.4786,0.8375,0.0952,"High=160, Low=592",DIR,0.65,1.75,0
high,200,0.4886,0.855,0.0948,"High=200, Low=740",BSAM,0.65,1.75,0
high,200,0.4943,0.865,0.0876,"High=200, Low=740",DILA,0.65,1.75,0
high,240,0.4417,0.8833,0.0994,"High=240, Low=888",Control,0.65,2.0,0
high,160,0.4281,0.8562,0.0952,"High=160, Low=592",DIR,0.65,2.0,0
high,200,0.44,0.88,0.0948,"High=200, Low=740",BSAM,0.65,2.0,0
high,200,0.4425,0.885,0.0876,"High=200, Low=740",DILA,0.65,2.0,0
high,240,0.3981,0.8958,0.0994,"High=240, Low=888",Control,0.65,2.25,0
high,160,0.3889,0.875,0.0952,"High=160, Low=592",DIR,0.65,2.25,0
high,200,0.4,0.9,0.0948,"High=200, Low=740",BSAM,0.65,2.25,0
high,200,0.4022,0.905,0.0876,"High=200, Low=740",DILA,0.65,2.25,0
high,240,0.3617,0.9042,0.0994,"High=240, Low=888",Control,0.65,2.5,0
high,160,0.355,0.8875,0.0952,"High=160, Low=592",DIR,0.65,2.5,0
high,200,0.36,0.9,0.0948,"High=200, Low=740",BSAM,0.65,2.5,0
high,200,0.364,0.91,0.0876,"High=200, Low=740",DILA,0.65,2.5,0
high,240,0.3288,0.9042,0.0994,"High=240, Low=888",Control,0.65,2.75,0
high,160,0.3227,0.8875,0.0952,"High=160, Low=592",DIR,0.65,2.75,0
high,200,0.3309,0.91,0.0948,"High=200, Low=740",BSAM,0.65,2.75,0
high,200,0.3327,0.915,0.0876,"High=200, Low=740",DILA,0.65,2.75,0
high,240,0.3028,0.9083,0.0994,"High=240, Low=888",Control,0.65,3.0,0
high,160,0.3021,0.9062,0.0952,"High=160, Low=592",DIR,0.65,3.0,0
high,200,0.305,0.915,0.0948,"High=200, Low=740",BSAM,0.65,3.0,0
high,200,0.3067,0.92,0.0876,"High=200, Low=740",DILA,0.65,3.0,0
high,198,0.8485,0.4242,0.1143,"High=198, Low=714",Control,0.7,0.5,0
high,132,0.8939,0.447,0.1082,"High=132, Low=476",DIR,0.7,0.5,0
high,165,0.8193,0.4121,0.109,"High=165, Low=595",BSAM,0.7,0.5,0
high,165,0.9518,0.4788,0.1025,"High=165, Low=595",DILA,0.7,0.5,0
high,198,0.7517,0.5657,0.1143,"High=198, Low=714",Control,0.7,0.75,0
high,132,0.7677,0.5758,0.1082,"High=132, Low=476",DIR,0.7,0.75,0
high,165,0.7984,0.6,0.109,"High=165, Low=595",BSAM,0.7,0.75,0
high,165,0.8468,0.6364,0.1025,"High=165, Low=595",DILA,0.7,0.75,0
high,198,0.6414,0.6414,0.1143,"High=198, Low=714",Control,0.7,1.0,0
high,132,0.6742,0.6742,0.1082,"High=132, Low=476",DIR,0.7,1.0,0
high,165,0.6909,0.6909,0.109,"High=165, Low=595",BSAM,0.7,1.0,0
high,165,0.697,0.697,0.1025,"High=165, Low=595",DILA,0.7,1.0,0
high,198,0.5565,0.697,0.1143,"High=198, Low=714",Control,0.7,1.25,0
high,132,0.6121,0.7652,0.1082,"High=132, Low=476",DIR,0.7,1.25,0
high,165,0.5894,0.7394,0.109,"High=165, Low=595",BSAM,0.7,1.25,0
high,165,0.5894,0.7394,0.1025,"High=165, Low=595",DILA,0.7,1.25,0
high,198,0.4983,0.7475,0.1143,"High=198, Low=714",Control,0.7,1.5,0
high,132,0.5404,0.8106,0.1082,"High=132, Low=476",DIR,0.7,1.5,0
high,165,0.5121,0.7697,0.109,"High=165, Low=595",BSAM,0.7,1.5,0
high,165,0.5242,0.7879,0.1025,"High=165, Low=595",DILA,0.7,1.5,0
high,198,0.4496,0.7879,0.1143,"High=198, Low=714",Control,0.7,1.75,0
high,132,0.4762,0.8333,0.1082,"High=132, Low=476",DIR,0.7,1.75,0
high,165,0.4637,0.8121,0.109,"High=165, Low=595",BSAM,0.7,1.75,0
high,165,0.4706,0.8242,0.1025,"High=165, Low=595",DILA,0.7,1.75,0
high,198,0.4167,0.8333,0.1143,"High=198, Low=714",Control,0.7,2.0,0
high,132,0.4205,0.8409,0.1082,"High=132, Low=476",DIR,0.7,2.0,0
high,165,0.4212,0.8424,0.109,"High=165, Low=595",BSAM,0.7,2.0,0
high,165,0.4212,0.8424,0.1025,"High=165, Low=595",DILA,0.7,2.0,0
high,198,0.3812,0.8586,0.1143,"High=198, Low=714",Control,0.7,2.25,0
high,132,0.3805,0.8561,0.1082,"High=132, Low=476",DIR,0.7,2.25,0
high,165,0.3817,0.8606,0.109,"High=165, Low=595",BSAM,0.7,2.25,0
high,165,0.379,0.8545,0.1025,"High=165, Low=595",DILA,0.7,2.25,0
high,198,0.3475,0.8687,0.1143,"High=198, Low=714",Control,0.7,2.5,0
high,132,0.3424,0.8561,0.1082,"High=132, Low=476",DIR,0.7,2.5,0
high,165,0.3462,0.8667,0.109,"High=165, Low=595",BSAM,0.7,2.5,0
high,165,0.3487,0.8727,0.1025,"High=165, Low=595",DILA,0.7,2.5,0
high,198,0.3174,0.8737,0.1143,"High=198, Low=714",Control,0.7,2.75,0
high,132,0.3168,0.8712,0.1082,"High=132, Low=476",DIR,0.7,2.75,0
high,165,0.3194,0.8788,0.109,"High=165, Low=595",BSAM,0.7,2.75,0
high,165,0.3216,0.8848,0.1025,"High=165, Low=595",DILA,0.7,2.75,0
high,198,0.2929,0.8788,0.1143,"High=198, Low=714",Control,0.7,3.0,0
high,132,0.2929,0.8788,0.1082,"High=132, Low=476",DIR,0.7,3.0,0
high,165,0.2929,0.8788,0.109,"High=165, Low=595",BSAM,0.7,3.0,0
high,165,0.297,0.8909,0.1025,"High=165, Low=595",DILA,0.7,3.0,0
high,150,0.7867,0.3933,0.1249,"High=150, Low=552",Control,0.75,0.5,0
high,100,0.76,0.38,0.1213,"High=100, Low=368",DIR,0.75,0.5,0
high,125,0.7937,0.4,0.1185,"High=125, Low=460",BSAM,0.75,0.5,0
high,125,0.8095,0.408,0.1111,"High=125, Low=460",DILA,0.75,0.5,0
high,150,0.6814,0.5133,0.1249,"High=150, Low=552",Control,0.75,0.75,0
high,100,0.7067,0.53,0.1213,"High=100, Low=368",DIR,0.75,0.75,0
high,125,0.7447,0.56,0.1185,"High=125, Low=460",BSAM,0.75,0.75,0
high,125,0.7872,0.592,0.1111,"High=125, Low=460",DILA,0.75,0.75,0
high,150,0.6133,0.6133,0.1249,"High=150, Low=552",Control,0.75,1.0,0
high,100,0.62,0.62,0.1213,"High=100, Low=368",DIR,0.75,1.0,0
high,125,0.656,0.656,0.1185,"High=125, Low=460",BSAM,0.75,1.0,0
high,125,0.688,0.688,0.1111,"High=125, Low=460",DILA,0.75,1.0,0
high,150,0.5266,0.66,0.1249,"High=150, Low=552",Control,0.75,1.25,0
high,100,0.552,0.69,0.1213,"High=100, Low=368",DIR,0.75,1.25,0
high,125,0.5796,0.728,0.1185,"High=125, Low=460",BSAM,0.75,1.25,0
high,125,0.5796,0.728,0.1111,"High=125, Low=460",DILA,0.75,1.25,0
high,150,0.48,0.72,0.1249,"High=150, Low=552",Control,0.75,1.5,0
high,100,0.4933,0.74,0.1213,"High=100, Low=368",DIR,0.75,1.5,0
high,125,0.5053,0.76,0.1185,"High=125, Low=460",BSAM,0.75,1.5,0
high,125,0.5053,0.76,0.1111,"High=125, Low=460",DILA,0.75,1.5,0
high,150,0.4297,0.7533,0.1249,"High=150, Low=552",Control,0.75,1.75,0
high,100,0.4686,0.82,0.1213,"High=100, Low=368",DIR,0.75,1.75,0
high,125,0.4521,0.792,0.1185,"High=125, Low=460",BSAM,0.75,1.75,0
high,125,0.4429,0.776,0.1111,"High=125, Low=460",DILA,0.75,1.75,0
high,150,0.3967,0.7933,0.1249,"High=150, Low=552",Control,0.75,2.0,0
high,100,0.415,0.83,0.1213,"High=100, Low=368",DIR,0.75,2.0,0
high,125,0.4,0.8,0.1185,"High=125, Low=460",BSAM,0.75,2.0,0
high,125,0.408,0.816,0.1111,"High=125, Low=460",DILA,0.75,2.0,0
high,150,0.355,0.8,0.1249,"High=150, Low=552",Control,0.75,2.25,0
high,100,0.3689,0.83,0.1213,"High=100, Low=368",DIR,0.75,2.25,0
high,125,0.3617,0.816,0.1185,"High=125, Low=460",BSAM,0.75,2.25,0
high,125,0.3723,0.84,0.1111,"High=125, Low=460",DILA,0.75,2.25,0
high,150,0.3387,0.8467,0.1249,"High=150, Low=552",Control,0.75,2.5,0
high,100,0.34,0.85,0.1213,"High=100, Low=368",DIR,0.75,2.5,0
high,125,0.3323,0.832,0.1185,"High=125, Low=460",BSAM,0.75,2.5,0
high,125,0.3387,0.848,0.1111,"High=125, Low=460",DILA,0.75,2.5,0
high,150,0.3123,0.86,0.1249,"High=150, Low=552",Control,0.75,2.75,0
high,100,0.3091,0.85,0.1213,"High=100, Low=368",DIR,0.75,2.75,0
high,125,0.314,0.864,0.1185,"High=125, Low=460",BSAM,0.75,2.75,0
high,125,0.311,0.856,0.1111,"High=125, Low=460",DILA,0.75,2.75,0
high,150,0.2911,0.8733,0.1249,"High=150, Low=552",Control,0.75,3.0,0
high,100,0.2867,0.86,0.1213,"High=100, Low=368",DIR,0.75,3.0,0
high,125,0.2907,0.872,0.1185,"High=125, Low=460",BSAM,0.75,3.0,0
high,125,0.2907,0.872,0.1111,"High=125, Low=460",DILA,0.75,3.0,0
high,96,0.6458,0.3229,0.1664,"High=96, Low=438",Control,0.8,0.5,0
high,64,0.6562,0.3281,0.1653,"High=64, Low=292",DIR,0.8,0.5,0
high,80,0.675,0.3375,0.1598,"High=80, Low=365",BSAM,0.8,0.5,0
high,80,0.825,0.4125,0.15,"High=80, Low=365",DILA,0.8,0.5,0
high,96,0.6389,0.4792,0.1664,"High=96, Low=438",Control,0.8,0.75,0
high,64,0.6667,0.5,0.1653,"High=64, Low=292",DIR,0.8,0.75,0
high,80,0.6667,0.5,0.1598,"High=80, Low=365",BSAM,0.8,0.75,0
high,80,0.7667,0.575,0.15,"High=80, Low=365",DILA,0.8,0.75,0
high,96,0.6042,0.6042,0.1664,"High=96, Low=438",Control,0.8,1.0,0
high,64,0.6875,0.6875,0.1653,"High=64, Low=292",DIR,0.8,1.0,0
high,80,0.625,0.625,0.1598,"High=80, Low=365",BSAM,0.8,1.0,0
high,80,0.7,0.7,0.15,"High=80, Low=365",DILA,0.8,1.0,0
high,96,0.5333,0.6667,0.1664,"High=96, Low=438",Control,0.8,1.25,0
high,64,0.6,0.75,0.1653,"High=64, Low=292",DIR,0.8,1.25,0
high,80,0.57,0.7125,0.1598,"High=80, Low=365",BSAM,0.8,1.25,0
high,80,0.63,0.7875,0.15,"High=80, Low=365",DILA,0.8,1.25,0
high,96,0.4861,0.7292,0.1664,"High=96, Low=438",Control,0.8,1.5,0
high,64,0.5104,0.7656,0.1653,"High=64, Low=292",DIR,0.8,1.5,0
high,80,0.5083,0.7625,0.1598,"High=80, Low=365",BSAM,0.8,1.5,0
high,80,0.55,0.825,0.15,"High=80, Low=365",DILA,0.8,1.5,0
high,96,0.4345,0.7604,0.1664,"High=96, Low=438",Control,0.8,1.75,0
high,64,0.4375,0.7656,0.1653,"High=64, Low=292",DIR,0.8,1.75,0
high,80,0.4429,0.775,0.1598,"High=80, Low=365",BSAM,0.8,1.75,0
high,80,0.4786,0.8375,0.15,"High=80, Low=365",DILA,0.8,1.75,0
high,96,0.3854,0.7708,0.1664,"High=96, Low=438",Control,0.8,2.0,0
high,64,0.3828,0.7656,0.1653,"High=64, Low=292",DIR,0.8,2.0,0
high,80,0.4062,0.8125,0.1598,"High=80, Low=365",BSAM,0.8,2.0,0
high,80,0.4188,0.8375,0.15,"High=80, Low=365",DILA,0.8,2.0,0
high,96,0.3519,0.7917,0.1664,"High=96, Low=438",Control,0.8,2.25,0
high,64,0.3472,0.7812,0.1653,"High=64, Low=292",DIR,0.8,2.25,0
high,80,0.3667,0.825,0.1598,"High=80, Low=365",BSAM,0.8,2.25,0
high,80,0.3722,0.8375,0.15,"High=80, Low=365",DILA,0.8,2.25,0
high,96,0.3167,0.7917,0.1664,"High=96, Low=438",Control,0.8,2.5,0
high,64,0.325,0.8125,0.1653,"High=64, Low=292",DIR,0.8,2.5,0
high,80,0.33,0.825,0.1598,"High=80, Low=365",BSAM,0.8,2.5,0
high,80,0.34,0.85,0.15,"High=80, Low=365",DILA,0.8,2.5,0
high,96,0.2917,0.8021,0.1664,"High=96, Low=438",Control,0.8,2.75,0
high,64,0.2955,0.8125,0.1653,"High=64, Low=292",DIR,0.8,2.75,0
high,80,0.3,0.825,0.1598,"High=80, Low=365",BSAM,0.8,2.75,0
high,80,0.3091,0.85,0.15,"High=80, Low=365",DILA,0.8,2.75,0
high,96,0.2708,0.8125,0.1664,"High=96, Low=438",Control,0.8,3.0,0
high,64,0.2708,0.8125,0.1653,"High=64, Low=292",DIR,0.8,3.0,0
high,80,0.275,0.825,0.1598,"High=80, Low=365",BSAM,0.8,3.0,0
high,80,0.2833,0.85,0.15,"High=80, Low=365",DILA,0.8,3.0,0
high,48,0.4583,0.2292,0.2966,"High=48, Low=366",Control,0.8500000000000001,0.5,0
high,32,0.1875,0.0938,0.2887,"High=32, Low=244",DIR,0.8500000000000001,0.5,0
high,40,0.45,0.225,0.285,"High=40, Low=305",BSAM,0.8500000000000001,0.5,0
high,40,0.6,0.3,0.2725,"High=40, Low=305",DILA,0.8500000000000001,0.5,0
high,48,0.4167,0.3125,0.2966,"High=48, Low=366",Control,0.8500000000000001,0.75,0
high,32,0.25,0.1875,0.2887,"High=32, Low=244",DIR,0.8500000000000001,0.75,0
high,40,0.4,0.3,0.285,"High=40, Low=305",BSAM,0.8500000000000001,0.75,0
high,40,0.5,0.375,0.2725,"High=40, Low=305",DILA,0.8500000000000001,0.75,0
high,48,0.375,0.375,0.2966,"High=48, Low=366",Control,0.8500000000000001,1.0,0
high,32,0.2812,0.2812,0.2887,"High=32, Low=244",DIR,0.8500000000000001,1.0,0
high,40,0.375,0.375,0.285,"High=40, Low=305",BSAM,0.8500000000000001,1.0,0
high,40,0.45,0.45,0.2725,"High=40, Low=305",DILA,0.8500000000000001,1.0,0
high,48,0.3333,0.4167,0.2966,"High=48, Low=366",Control,0.8500000000000001,1.25,0
high,32,0.325,0.4062,0.2887,"High=32, Low=244",DIR,0.8500000000000001,1.25,0
high,40,0.36,0.45,0.285,"High=40, Low=305",BSAM,0.8500000000000001,1.25,0
high,40,0.4,0.5,0.2725,"High=40, Low=305",DILA,0.8500000000000001,1.25,0
high,48,0.3056,0.4583,0.2966,"High=48, Low=366",Control,0.8500000000000001,1.5,0
high,32,0.3542,0.5312,0.2887,"High=32, Low=244",DIR,0.8500000000000001,1.5,0
high,40,0.35,0.525,0.285,"High=40, Low=305",BSAM,0.8500000000000001,1.5,0
high,40,0.4167,0.625,0.2725,"High=40, Low=305",DILA,0.8500000000000001,1.5,0
high,48,0.2976,0.5208,0.2966,"High=48, Low=366",Control,0.8500000000000001,1.75,0
high,32,0.375,0.6562,0.2887,"High=32, Low=244",DIR,0.8500000000000001,1.75,0
high,40,0.3286,0.575,0.285,"High=40, Low=305",BSAM,0.8500000000000001,1.75,0
high,40,0.3714,0.65,0.2725,"High=40, Low=305",DILA,0.8500000000000001,1.75,0
high,48,0.2812,0.5625,0.2966,"High=48, Low=366",Control,0.8500000000000001,2.0,0
high,32,0.3438,0.6875,0.2887,"High=32, Low=244",DIR,0.8500000000000001,2.0,0
high,40,0.2875,0.575,0.285,"High=40, Low=305",BSAM,0.8500000000000001,2.0,0
high,40,0.3375,0.675,0.2725,"High=40, Low=305",DILA,0.8500000000000001,2.0,0
high,48,0.2593,0.5833,0.2966,"High=48, Low=366",Control,0.8500000000000001,2.25,0
high,32,0.3194,0.7188,0.2887,"High=32, Low=244",DIR,0.8500000000000001,2.25,0
high,40,0.2778,0.625,0.285,"High=40, Low=305",BSAM,0.8500000000000001,2.25,0
high,40,0.3111,0.7,0.2725,"High=40, Low=305",DILA,0.8500000000000001,2.25,0
high,48,0.2417,0.6042,0.2966,"High=48, Low=366",Control,0.8500000000000001,2.5,0
high,32,0.2875,0.7188,0.2887,"High=32, Low=244",DIR,0.8500000000000001,2.5,0
high,40,0.26,0.65,0.285,"High=40, Low=305",BSAM,0.8500000000000001,2.5,0
high,40,0.3,0.75,0.2725,"High=40, Low=305",DILA,0.8500000000000001,2.5,0
high,48,0.2424,0.6667,0.2966,"High=48, Low=366",Control,0.8500000000000001,2.75,0
high,32,0.2614,0.7188,0.2887,"High=32, Low=244",DIR,0.8500000000000001,2.75,0
high,40,0.2455,0.675,0.285,"High=40, Low=305",BSAM,0.8500000000000001,2.75,0
high,40,0.2727,0.75,0.2725,"High=40, Low=305",DILA,0.8500000000000001,2.75,0
high,48,0.2222,0.6667,0.2966,"High=48, Low=366",Control,0.8500000000000001,3.0,0
high,32,0.2396,0.7188,0.2887,"High=32, Low=244",DIR,0.8500000000000001,3.0,0
high,40,0.225,0.675,0.285,"High=40, Low=305",BSAM,0.8500000000000001,3.0,0
high,40,0.25,0.75,0.2725,"High=40, Low=305",DILA,0.8500000000000001,3.0,0
high,24,0.25,0.125,0.5616,"High=24, Low=240",Control,0.9,0.5,0
high,16,0.0,0.0,0.5589,"High=16, Low=160",DIR,0.9,0.5,0
high,20,0.2,0.1,0.5415,"High=20, Low=200",BSAM,0.9,0.5,0
high,20,0.4,0.2,0.5278,"High=20, Low=200",DILA,0.9,0.5,0
high,24,0.1667,0.125,0.5616,"High=24, Low=240",Control,0.9,0.75,0
high,16,0.0,0.0,0.5589,"High=16, Low=160",DIR,0.9,0.75,0
high,20,0.2,0.15,0.5415,"High=20, Low=200",BSAM,0.9,0.75,0
high,20,0.3333,0.25,0.5278,"High=20, Low=200",DILA,0.9,0.75,0
high,24,0.1667,0.1667,0.5616,"High=24, Low=240",Control,0.9,1.0,0
high,16,0.0,0.0,0.5589,"High=16, Low=160",DIR,0.9,1.0,0
high,20,0.15,0.15,0.5415,"High=20, Low=200",BSAM,0.9,1.0,0
high,20,0.3,0.3,0.5278,"High=20, Low=200",DILA,0.9,1.0,0
high,24,0.1333,0.1667,0.5616,"High=24, Low=240",Control,0.9,1.25,0
high,16,0.05,0.0625,0.5589,"High=16, Low=160",DIR,0.9,1.25,0
high,20,0.16,0.2,0.5415,"High=20, Low=200",BSAM,0.9,1.25,0
high,20,0.24,0.3,0.5278,"High=20, Low=200",DILA,0.9,1.25,0
high,24,0.1111,0.1667,0.5616,"High=24, Low=240",Control,0.9,1.5,0
high,16,0.0417,0.0625,0.5589,"High=16, Low=160",DIR,0.9,1.5,0
high,20,0.1333,0.2,0.5415,"High=20, Low=200",BSAM,0.9,1.5,0
high,20,0.2,0.3,0.5278,"High=20, Low=200",DILA,0.9,1.5,0
high,24,0.0952,0.1667,0.5616,"High=24, Low=240",Control,0.9,1.75,0
high,16,0.0357,0.0625,0.5589,"High=16, Low=160",DIR,0.9,1.75,0
high,20,0.1429,0.25,0.5415,"High=20, Low=200",BSAM,0.9,1.75,0
high,20,0.2,0.35,0.5278,"High=20, Low=200",DILA,0.9,1.75,0
high,24,0.1042,0.2083,0.5616,"High=24, Low=240",Control,0.9,2.0,0
high,16,0.0312,0.0625,0.5589,"High=16, Low=160",DIR,0.9,2.0,0
high,20,0.125,0.25,0.5415,"High=20, Low=200",BSAM,0.9,2.0,0
high,20,0.175,0.35,0.5278,"High=20, Low=200",DILA,0.9,2.0,0
high,24,0.1111,0.25,0.5616,"High=24, Low=240",Control,0.9,2.25,0
high,16,0.0833,0.1875,0.5589,"High=16, Low=160",DIR,0.9,2.25,0
high,20,0.1333,0.3,0.5415,"High=20, Low=200",BSAM,0.9,2.25,0
high,20,0.1778,0.4,0.5278,"High=20, Low=200",DILA,0.9,2.25,0
high,24,0.1167,0.2917,0.5616,"High=24, Low=240",Control,0.9,2.5,0
high,16,0.1,0.25,0.5589,"High=16, Low=160",DIR,0.9,2.5,0
high,20,0.12,0.3,0.5415,"High=20, Low=200",BSAM,0.9,2.5,0
high,20,0.18,0.45,0.5278,"High=20, Low=200",DILA,0.9,2.5,0
high,24,0.1061,0.2917,0.5616,"High=24, Low=240",Control,0.9,2.75,0
high,16,0.0909,0.25,0.5589,"High=16, Low=160",DIR,0.9,2.75,0
high,20,0.1091,0.3,0.5415,"High=20, Low=200",BSAM,0.9,2.75,0
high,20,0.1636,0.45,0.5278,"High=20, Low=200",DILA,0.9,2.75,0
high,24,0.0972,0.2917,0.5616,"High=24, Low=240",Control,0.9,3.0,0
high,16,0.0833,0.25,0.5589,"High=16, Low=160",DIR,0.9,3.0,0
high,20,0.1,0.3,0.5415,"High=20, Low=200",BSAM,0.9,3.0,0
high,20,0.15,0.45,0.5278,"High=20, Low=200",DILA,0.9,3.0,0
high,164,0.8902,0.4451,0.0585,"High=164, Low=872",Control,0.5,0.5,1
high,205,0.8738,0.439,0.0624,"High=205, Low=1090",DIR,0.5,0.5,1
high,205,0.8447,0.4244,0.0601,"High=205, Low=1090",BSAM,0.5,0.5,1
high,205,0.9417,0.4732,0.06,"High=205, Low=1090",DILA,0.5,0.5,1
high,164,0.8374,0.628,0.0585,"High=164, Low=872",Control,0.5,0.75,1
high,205,0.8052,0.6049,0.0624,"High=205, Low=1090",DIR,0.5,0.75,1
high,205,0.7273,0.5463,0.0601,"High=205, Low=1090",BSAM,0.5,0.75,1
high,205,0.8506,0.639,0.06,"High=205, Low=1090",DILA,0.5,0.75,1
high,164,0.7256,0.7256,0.0585,"High=164, Low=872",Control,0.5,1.0,1
high,205,0.7024,0.7024,0.0624,"High=205, Low=1090",DIR,0.5,1.0,1
high,205,0.6585,0.6585,0.0601,"High=205, Low=1090",BSAM,0.5,1.0,1
high,205,0.7512,0.7512,0.06,"High=205, Low=1090",DILA,0.5,1.0,1
high,164,0.6195,0.7744,0.0585,"High=164, Low=872",Control,0.5,1.25,1
high,205,0.6304,0.7902,0.0624,"High=205, Low=1090",DIR,0.5,1.25,1
high,205,0.5759,0.722,0.0601,"High=205, Low=1090",BSAM,0.5,1.25,1
high,205,0.6537,0.8195,0.06,"High=205, Low=1090",DILA,0.5,1.25,1
high,164,0.5407,0.811,0.0585,"High=164, Low=872",Control,0.5,1.5,1
high,205,0.5552,0.8341,0.0624,"High=205, Low=1090",DIR,0.5,1.5,1
high,205,0.5227,0.7854,0.0601,"High=205, Low=1090",BSAM,0.5,1.5,1
high,205,0.5682,0.8537,0.06,"High=205, Low=1090",DILA,0.5,1.5,1
high,164,0.4774,0.8354,0.0585,"High=164, Low=872",Control,0.5,1.75,1
high,205,0.4903,0.8585,0.0624,"High=205, Low=1090",DIR,0.5,1.75,1
high,205,0.4708,0.8244,0.0601,"High=205, Low=1090",BSAM,0.5,1.75,1
high,205,0.4958,0.8683,0.06,"High=205, Low=1090",DILA,0.5,1.75,1
high,164,0.4329,0.8659,0.0585,"High=164, Low=872",Control,0.5,2.0,1
high,205,0.4366,0.8732,0.0624,"High=205, Low=1090",DIR,0.5,2.0,1
high,205,0.4317,0.8634,0.0601,"High=205, Low=1090",BSAM,0.5,2.0,1
high,205,0.4439,0.8878,0.06,"High=205, Low=1090",DILA,0.5,2.0,1
high,164,0.3848,0.8659,0.0585,"High=164, Low=872",Control,0.5,2.25,1
high,205,0.3983,0.8976,0.0624,"High=205, Low=1090",DIR,0.5,2.25,1
high,205,0.3918,0.8829,0.0601,"High=205, Low=1090",BSAM,0.5,2.25,1
high,205,0.4026,0.9073,0.06,"High=205, Low=1090",DILA,0.5,2.25,1
high,164,0.3488,0.872,0.0585,"High=164, Low=872",Control,0.5,2.5,1
high,205,0.3645,0.9122,0.0624,"High=205, Low=1090",DIR,0.5,2.5,1
high,205,0.3587,0.8976,0.0601,"High=205, Low=1090",BSAM,0.5,2.5,1
high,205,0.3665,0.9171,0.06,"High=205, Low=1090",DILA,0.5,2.5,1
high,164,0.3215,0.8841,0.0585,"High=164, Low=872",Control,0.5,2.75,1
high,205,0.3316,0.9122,0.0624,"High=205, Low=1090",DIR,0.5,2.75,1
high,205,0.3351,0.922,0.0601,"High=205, Low=1090",BSAM,0.5,2.75,1
high,205,0.3333,0.9171,0.06,"High=205, Low=1090",DILA,0.5,2.75,1
high,164,0.2967,0.8902,0.0585,"High=164, Low=872",Control,0.5,3.0,1
high,205,0.3057,0.9171,0.0624,"High=205, Low=1090",DIR,0.5,3.0,1
high,205,0.3089,0.9268,0.0601,"High=205, Low=1090",BSAM,0.5,3.0,1
high,205,0.3073,0.922,0.06,"High=205, Low=1090",DILA,0.5,3.0,1
high,116,0.7241,0.3621,0.0619,"High=116, Low=748",Control,0.55,0.5,1
high,145,0.6712,0.3379,0.0637,"High=145, Low=935",DIR,0.55,0.5,1
high,145,0.7123,0.3586,0.0674,"High=145, Low=935",BSAM,0.55,0.5,1
high,145,0.7671,0.3862,0.0604,"High=145, Low=935",DILA,0.55,0.5,1
high,116,0.7241,0.5431,0.0619,"High=116, Low=748",Control,0.55,0.75,1
high,145,0.6881,0.5172,0.0637,"High=145, Low=935",DIR,0.55,0.75,1
high,145,0.6514,0.4897,0.0674,"High=145, Low=935",BSAM,0.55,0.75,1
high,145,0.7523,0.5655,0.0604,"High=145, Low=935",DILA,0.55,0.75,1
high,116,0.6724,0.6724,0.0619,"High=116, Low=748",Control,0.55,1.0,1
high,145,0.6138,0.6138,0.0637,"High=145, Low=935",DIR,0.55,1.0,1
high,145,0.5655,0.5655,0.0674,"High=145, Low=935",BSAM,0.55,1.0,1
high,145,0.7034,0.7034,0.0604,"High=145, Low=935",DILA,0.55,1.0,1
high,116,0.5793,0.7241,0.0619,"High=116, Low=748",Control,0.55,1.25,1
high,145,0.5495,0.6897,0.0637,"High=145, Low=935",DIR,0.55,1.25,1
high,145,0.4945,0.6207,0.0674,"High=145, Low=935",BSAM,0.55,1.25,1
high,145,0.6154,0.7724,0.0604,"High=145, Low=935",DILA,0.55,1.25,1
high,116,0.4943,0.7414,0.0619,"High=116, Low=748",Control,0.55,1.5,1
high,145,0.4817,0.7241,0.0637,"High=145, Low=935",DIR,0.55,1.5,1
high,145,0.445,0.669,0.0674,"High=145, Low=935",BSAM,0.55,1.5,1
high,145,0.5413,0.8138,0.0604,"High=145, Low=935",DILA,0.55,1.5,1
high,116,0.4433,0.7759,0.0619,"High=116, Low=748",Control,0.55,1.75,1
high,145,0.4409,0.7724,0.0637,"High=145, Low=935",DIR,0.55,1.75,1
high,145,0.3976,0.6966,0.0674,"High=145, Low=935",BSAM,0.55,1.75,1
high,145,0.4803,0.8414,0.0604,"High=145, Low=935",DILA,0.55,1.75,1
high,116,0.3966,0.7931,0.0619,"High=116, Low=748",Control,0.55,2.0,1
high,145,0.4,0.8,0.0637,"High=145, Low=935",DIR,0.55,2.0,1
high,145,0.369,0.7379,0.0674,"High=145, Low=935",BSAM,0.55,2.0,1
high,145,0.431,0.8621,0.0604,"High=145, Low=935",DILA,0.55,2.0,1
high,116,0.364,0.819,0.0619,"High=116, Low=748",Control,0.55,2.25,1
high,145,0.3609,0.8138,0.0637,"High=145, Low=935",DIR,0.55,2.25,1
high,145,0.3456,0.7793,0.0674,"High=145, Low=935",BSAM,0.55,2.25,1
high,145,0.3853,0.869,0.0604,"High=145, Low=935",DILA,0.55,2.25,1
high,116,0.3345,0.8362,0.0619,"High=116, Low=748",Control,0.55,2.5,1
high,145,0.3361,0.8414,0.0637,"High=145, Low=935",DIR,0.55,2.5,1
high,145,0.3223,0.8069,0.0674,"High=145, Low=935",BSAM,0.55,2.5,1
high,145,0.3471,0.869,0.0604,"High=145, Low=935",DILA,0.55,2.5,1
high,116,0.3041,0.8362,0.0619,"High=116, Low=748",Control,0.55,2.75,1
high,145,0.3108,0.8552,0.0637,"High=145, Low=935",DIR,0.55,2.75,1
high,145,0.3058,0.8414,0.0674,"High=145, Low=935",BSAM,0.55,2.75,1
high,145,0.3183,0.8759,0.0604,"High=145, Low=935",DILA,0.55,2.75,1
high,116,0.2845,0.8534,0.0619,"High=116, Low=748",Control,0.55,3.0,1
high,145,0.2943,0.8828,0.0637,"High=145, Low=935",DIR,0.55,3.0,1
high,145,0.2897,0.869,0.0674,"High=145, Low=935",BSAM,0.55,3.0,1
high,145,0.3011,0.9034,0.0604,"High=145, Low=935",DILA,0.55,3.0,1
high,96,0.6875,0.3438,0.0646,"High=96, Low=628",Control,0.6,0.5,1
high,120,0.6333,0.3167,0.0682,"High=120, Low=785",DIR,0.6,0.5,1
high,120,0.6333,0.3167,0.0722,"High=120, Low=785",BSAM,0.6,0.5,1
high,120,0.7,0.35,0.0638,"High=120, Low=785",DILA,0.6,0.5,1
high,96,0.6389,0.4792,0.0646,"High=96, Low=628",Control,0.6,0.75,1
high,120,0.6222,0.4667,0.0682,"High=120, Low=785",DIR,0.6,0.75,1
high,120,0.6111,0.4583,0.0722,"High=120, Low=785",BSAM,0.6,0.75,1
high,120,0.7556,0.5667,0.0638,"High=120, Low=785",DILA,0.6,0.75,1
high,96,0.5833,0.5833,0.0646,"High=96, Low=628",Control,0.6,1.0,1
high,120,0.625,0.625,0.0682,"High=120, Low=785",DIR,0.6,1.0,1
high,120,0.55,0.55,0.0722,"High=120, Low=785",BSAM,0.6,1.0,1
high,120,0.65,0.65,0.0638,"High=120, Low=785",DILA,0.6,1.0,1
high,96,0.525,0.6562,0.0646,"High=96, Low=628",Control,0.6,1.25,1
high,120,0.5533,0.6917,0.0682,"High=120, Low=785",DIR,0.6,1.25,1
high,120,0.48,0.6,0.0722,"High=120, Low=785",BSAM,0.6,1.25,1
high,120,0.6,0.75,0.0638,"High=120, Low=785",DILA,0.6,1.25,1
high,96,0.4722,0.7083,0.0646,"High=96, Low=628",Control,0.6,1.5,1
high,120,0.4833,0.725,0.0682,"High=120, Low=785",DIR,0.6,1.5,1
high,120,0.4111,0.6167,0.0722,"High=120, Low=785",BSAM,0.6,1.5,1
high,120,0.55,0.825,0.0638,"High=120, Low=785",DILA,0.6,1.5,1
high,96,0.4107,0.7188,0.0646,"High=96, Low=628",Control,0.6,1.75,1
high,120,0.4238,0.7417,0.0682,"High=120, Low=785",DIR,0.6,1.75,1
high,120,0.3762,0.6583,0.0722,"High=120, Low=785",BSAM,0.6,1.75,1
high,120,0.481,0.8417,0.0638,"High=120, Low=785",DILA,0.6,1.75,1
high,96,0.375,0.75,0.0646,"High=96, Low=628",Control,0.6,2.0,1
high,120,0.3917,0.7833,0.0682,"High=120, Low=785",DIR,0.6,2.0,1
high,120,0.3417,0.6833,0.0722,"High=120, Low=785",BSAM,0.6,2.0,1
high,120,0.425,0.85,0.0638,"High=120, Low=785",DILA,0.6,2.0,1
high,96,0.3472,0.7812,0.0646,"High=96, Low=628",Control,0.6,2.25,1
high,120,0.3593,0.8083,0.0682,"High=120, Low=785",DIR,0.6,2.25,1
high,120,0.3111,0.7,0.0722,"High=120, Low=785",BSAM,0.6,2.25,1
high,120,0.3815,0.8583,0.0638,"High=120, Low=785",DILA,0.6,2.25,1
high,96,0.3208,0.8021,0.0646,"High=96, Low=628",Control,0.6,2.5,1
high,120,0.3267,0.8167,0.0682,"High=120, Low=785",DIR,0.6,2.5,1
high,120,0.2967,0.7417,0.0722,"High=120, Low=785",BSAM,0.6,2.5,1
high,120,0.3467,0.8667,0.0638,"High=120, Low=785",DILA,0.6,2.5,1
high,96,0.2955,0.8125,0.0646,"High=96, Low=628",Control,0.6,2.75,1
high,120,0.297,0.8167,0.0682,"High=120, Low=785",DIR,0.6,2.75,1
high,120,0.2879,0.7917,0.0722,"High=120, Low=785",BSAM,0.6,2.75,1
high,120,0.3182,0.875,0.0638,"High=120, Low=785",DILA,0.6,2.75,1
high,96,0.2778,0.8333,0.0646,"High=96, Low=628",Control,0.6,3.0,1
high,120,0.2778,0.8333,0.0682,"High=120, Low=785",DIR,0.6,3.0,1
high,120,0.2694,0.8083,0.0722,"High=120, Low=785",BSAM,0.6,3.0,1
high,120,0.2917,0.875,0.0638,"High=120, Low=785",DILA,0.6,3.0,1
high,64,0.6562,0.3281,0.0528,"High=64, Low=520",Control,0.65,0.5,1
high,80,0.575,0.2875,0.0554,"High=80, Low=650",DIR,0.65,0.5,1
high,80,0.625,0.3125,0.0767,"High=80, Low=650",BSAM,0.65,0.5,1
high,80,0.7,0.35,0.0446,"High=80, Low=650",DILA,0.65,0.5,1
high,64,0.6458,0.4844,0.0528,"High=64, Low=520",Control,0.65,0.75,1
high,80,0.55,0.4125,0.0554,"High=80, Low=650",DIR,0.65,0.75,1
high,80,0.5667,0.425,0.0767,"High=80, Low=650",BSAM,0.65,0.75,1
high,80,0.5833,0.4375,0.0446,"High=80, Low=650",DILA,0.65,0.75,1
high,64,0.6094,0.6094,0.0528,"High=64, Low=520",Control,0.65,1.0,1
high,80,0.4875,0.4875,0.0554,"High=80, Low=650",DIR,0.65,1.0,1
high,80,0.5125,0.5125,0.0767,"High=80, Low=650",BSAM,0.65,1.0,1
high,80,0.6,0.6,0.0446,"High=80, Low=650",DILA,0.65,1.0,1
high,64,0.5625,0.7031,0.0528,"High=64, Low=520",Control,0.65,1.25,1
high,80,0.49,0.6125,0.0554,"High=80, Low=650",DIR,0.65,1.25,1
high,80,0.45,0.5625,0.0767,"High=80, Low=650",BSAM,0.65,1.25,1
high,80,0.56,0.7,0.0446,"High=80, Low=650",DILA,0.65,1.25,1
high,64,0.4896,0.7344,0.0528,"High=64, Low=520",Control,0.65,1.5,1
high,80,0.4667,0.7,0.0554,"High=80, Low=650",DIR,0.65,1.5,1
high,80,0.4167,0.625,0.0767,"High=80, Low=650",BSAM,0.65,1.5,1
high,80,0.5167,0.775,0.0446,"High=80, Low=650",DILA,0.65,1.5,1
high,64,0.4375,0.7656,0.0528,"High=64, Low=520",Control,0.65,1.75,1
high,80,0.4286,0.75,0.0554,"High=80, Low=650",DIR,0.65,1.75,1
high,80,0.3857,0.675,0.0767,"High=80, Low=650",BSAM,0.65,1.75,1
high,80,0.5,0.875,0.0446,"High=80, Low=650",DILA,0.65,1.75,1
high,64,0.3984,0.7969,0.0528,"High=64, Low=520",Control,0.65,2.0,1
high,80,0.4062,0.8125,0.0554,"High=80, Low=650",DIR,0.65,2.0,1
high,80,0.3438,0.6875,0.0767,"High=80, Low=650",BSAM,0.65,2.0,1
high,80,0.45,0.9,0.0446,"High=80, Low=650",DILA,0.65,2.0,1
high,64,0.3611,0.8125,0.0528,"High=64, Low=520",Control,0.65,2.25,1
high,80,0.3778,0.85,0.0554,"High=80, Low=650",DIR,0.65,2.25,1
high,80,0.3056,0.6875,0.0767,"High=80, Low=650",BSAM,0.65,2.25,1
high,80,0.4056,0.9125,0.0446,"High=80, Low=650",DILA,0.65,2.25,1
high,64,0.3312,0.8281,0.0528,"High=64, Low=520",Control,0.65,2.5,1
high,80,0.34,0.85,0.0554,"High=80, Low=650",DIR,0.65,2.5,1
high,80,0.285,0.7125,0.0767,"High=80, Low=650",BSAM,0.65,2.5,1
high,80,0.365,0.9125,0.0446,"High=80, Low=650",DILA,0.65,2.5,1
high,64,0.3011,0.8281,0.0528,"High=64, Low=520",Control,0.65,2.75,1
high,80,0.3136,0.8625,0.0554,"High=80, Low=650",DIR,0.65,2.75,1
high,80,0.2682,0.7375,0.0767,"High=80, Low=650",BSAM,0.65,2.75,1
high,80,0.3364,0.925,0.0446,"High=80, Low=650",DILA,0.65,2.75,1
high,64,0.2812,0.8438,0.0528,"High=64, Low=520",Control,0.65,3.0,1
high,80,0.2875,0.8625,0.0554,"High=80, Low=650",DIR,0.65,3.0,1
high,80,0.2458,0.7375,0.0767,"High=80, Low=650",BSAM,0.65,3.0,1
high,80,0.3083,0.925,0.0446,"High=80, Low=650",DILA,0.65,3.0,1
high,44,0.6818,0.3409,0.0568,"High=44, Low=428",Control,0.7,0.5,1
high,55,0.5714,0.2909,0.0628,"High=55, Low=535",DIR,0.7,0.5,1
high,55,0.6429,0.3273,0.0836,"High=55, Low=535",BSAM,0.7,0.5,1
high,55,0.6786,0.3455,0.0497,"High=55, Low=535",DILA,0.7,0.5,1
high,44,0.6061,0.4545,0.0568,"High=44, Low=428",Control,0.7,0.75,1
high,55,0.5714,0.4364,0.0628,"High=55, Low=535",DIR,0.7,0.75,1
high,55,0.5714,0.4364,0.0836,"High=55, Low=535",BSAM,0.7,0.75,1
high,55,0.6905,0.5273,0.0497,"High=55, Low=535",DILA,0.7,0.75,1
high,44,0.6136,0.6136,0.0568,"High=44, Low=428",Control,0.7,1.0,1
high,55,0.4727,0.4727,0.0628,"High=55, Low=535",DIR,0.7,1.0,1
high,55,0.4909,0.4909,0.0836,"High=55, Low=535",BSAM,0.7,1.0,1
high,55,0.6,0.6,0.0497,"High=55, Low=535",DILA,0.7,1.0,1
high,44,0.5273,0.6591,0.0568,"High=44, Low=428",Control,0.7,1.25,1
high,55,0.4493,0.5636,0.0628,"High=55, Low=535",DIR,0.7,1.25,1
high,55,0.4928,0.6182,0.0836,"High=55, Low=535",BSAM,0.7,1.25,1
high,55,0.4928,0.6182,0.0497,"High=55, Low=535",DILA,0.7,1.25,1
high,44,0.5,0.75,0.0568,"High=44, Low=428",Control,0.7,1.5,1
high,55,0.4096,0.6182,0.0628,"High=55, Low=535",DIR,0.7,1.5,1
high,55,0.4217,0.6364,0.0836,"High=55, Low=535",BSAM,0.7,1.5,1
high,55,0.4819,0.7273,0.0497,"High=55, Low=535",DILA,0.7,1.5,1
high,44,0.4416,0.7727,0.0568,"High=44, Low=428",Control,0.7,1.75,1
high,55,0.3918,0.6909,0.0628,"High=55, Low=535",DIR,0.7,1.75,1
high,55,0.3711,0.6545,0.0836,"High=55, Low=535",BSAM,0.7,1.75,1
high,55,0.433,0.7636,0.0497,"High=55, Low=535",DILA,0.7,1.75,1
high,44,0.3977,0.7955,0.0568,"High=44, Low=428",Control,0.7,2.0,1
high,55,0.3727,0.7455,0.0628,"High=55, Low=535",DIR,0.7,2.0,1
high,55,0.3545,0.7091,0.0836,"High=55, Low=535",BSAM,0.7,2.0,1
high,55,0.3909,0.7818,0.0497,"High=55, Low=535",DILA,0.7,2.0,1
high,44,0.3636,0.8182,0.0568,"High=44, Low=428",Control,0.7,2.25,1
high,55,0.3468,0.7818,0.0628,"High=55, Low=535",DIR,0.7,2.25,1
high,55,0.3306,0.7455,0.0836,"High=55, Low=535",BSAM,0.7,2.25,1
high,55,0.379,0.8545,0.0497,"High=55, Low=535",DILA,0.7,2.25,1
high,44,0.3273,0.8182,0.0568,"High=44, Low=428",Control,0.7,2.5,1
high,55,0.3116,0.7818,0.0628,"High=55, Low=535",DIR,0.7,2.5,1
high,55,0.2971,0.7455,0.0836,"High=55, Low=535",BSAM,0.7,2.5,1
high,55,0.3551,0.8909,0.0497,"High=55, Low=535",DILA,0.7,2.5,1
high,44,0.2975,0.8182,0.0568,"High=44, Low=428",Control,0.7,2.75,1
high,55,0.2895,0.8,0.0628,"High=55, Low=535",DIR,0.7,2.75,1
high,55,0.2697,0.7455,0.0836,"High=55, Low=535",BSAM,0.7,2.75,1
high,55,0.3289,0.9091,0.0497,"High=55, Low=535",DILA,0.7,2.75,1
high,44,0.2727,0.8182,0.0568,"High=44, Low=428",Control,0.7,3.0,1
high,55,0.2727,0.8182,0.0628,"High=55, Low=535",DIR,0.7,3.0,1
high,55,0.2485,0.7455,0.0836,"High=55, Low=535",BSAM,0.7,3.0,1
high,55,0.303,0.9091,0.0497,"High=55, Low=535",DILA,0.7,3.0,1
high,28,0.5714,0.2857,0.0666,"High=28, Low=344",Control,0.75,0.5,1
high,35,0.5556,0.2857,0.0759,"High=35, Low=430",DIR,0.75,0.5,1
high,35,0.5,0.2571,0.1019,"High=35, Low=430",BSAM,0.75,0.5,1
high,35,0.6667,0.3429,0.0616,"High=35, Low=430",DILA,0.75,0.5,1
high,28,0.5714,0.4286,0.0666,"High=28, Low=344",Control,0.75,0.75,1
high,35,0.4074,0.3143,0.0759,"High=35, Low=430",DIR,0.75,0.75,1
high,35,0.4444,0.3429,0.1019,"High=35, Low=430",BSAM,0.75,0.75,1
high,35,0.5556,0.4286,0.0616,"High=35, Low=430",DILA,0.75,0.75,1
high,28,0.5,0.5,0.0666,"High=28, Low=344",Control,0.75,1.0,1
high,35,0.3714,0.3714,0.0759,"High=35, Low=430",DIR,0.75,1.0,1
high,35,0.4571,0.4571,0.1019,"High=35, Low=430",BSAM,0.75,1.0,1
high,35,0.4857,0.4857,0.0616,"High=35, Low=430",DILA,0.75,1.0,1
high,28,0.4286,0.5357,0.0666,"High=28, Low=344",Control,0.75,1.25,1
high,35,0.4091,0.5143,0.0759,"High=35, Low=430",DIR,0.75,1.25,1
high,35,0.4318,0.5429,0.1019,"High=35, Low=430",BSAM,0.75,1.25,1
high,35,0.4318,0.5429,0.0616,"High=35, Low=430",DILA,0.75,1.25,1
high,28,0.381,0.5714,0.0666,"High=28, Low=344",Control,0.75,1.5,1
high,35,0.3396,0.5143,0.0759,"High=35, Low=430",DIR,0.75,1.5,1
high,35,0.4151,0.6286,0.1019,"High=35, Low=430",BSAM,0.75,1.5,1
high,35,0.3962,0.6,0.0616,"High=35, Low=430",DILA,0.75,1.5,1
high,28,0.3469,0.6071,0.0666,"High=28, Low=344",Control,0.75,1.75,1
high,35,0.3065,0.5429,0.0759,"High=35, Low=430",DIR,0.75,1.75,1
high,35,0.3548,0.6286,0.1019,"High=35, Low=430",BSAM,0.75,1.75,1
high,35,0.3548,0.6286,0.0616,"High=35, Low=430",DILA,0.75,1.75,1
high,28,0.3214,0.6429,0.0666,"High=28, Low=344",Control,0.75,2.0,1
high,35,0.2857,0.5714,0.0759,"High=35, Low=430",DIR,0.75,2.0,1
high,35,0.3286,0.6571,0.1019,"High=35, Low=430",BSAM,0.75,2.0,1
high,35,0.3286,0.6571,0.0616,"High=35, Low=430",DILA,0.75,2.0,1
high,28,0.3175,0.7143,0.0666,"High=28, Low=344",Control,0.75,2.25,1
high,35,0.2658,0.6,0.0759,"High=35, Low=430",DIR,0.75,2.25,1
high,35,0.2911,0.6571,0.1019,"High=35, Low=430",BSAM,0.75,2.25,1
high,35,0.3165,0.7143,0.0616,"High=35, Low=430",DILA,0.75,2.25,1
high,28,0.3,0.75,0.0666,"High=28, Low=344",Control,0.75,2.5,1
high,35,0.25,0.6286,0.0759,"High=35, Low=430",DIR,0.75,2.5,1
high,35,0.2614,0.6571,0.1019,"High=35, Low=430",BSAM,0.75,2.5,1
high,35,0.2841,0.7143,0.0616,"High=35, Low=430",DILA,0.75,2.5,1
high,28,0.2727,0.75,0.0666,"High=28, Low=344",Control,0.75,2.75,1
high,35,0.2474,0.6857,0.0759,"High=35, Low=430",DIR,0.75,2.75,1
high,35,0.2371,0.6571,0.1019,"High=35, Low=430",BSAM,0.75,2.75,1
high,35,0.2784,0.7714,0.0616,"High=35, Low=430",DILA,0.75,2.75,1
high,28,0.2619,0.7857,0.0666,"High=28, Low=344",Control,0.75,3.0,1
high,35,0.2381,0.7143,0.0759,"High=35, Low=430",DIR,0.75,3.0,1
high,35,0.2286,0.6857,0.1019,"High=35, Low=430",BSAM,0.75,3.0,1
high,35,0.2667,0.8,0.0616,"High=35, Low=430",DILA,0.75,3.0,1
high,16,0.5,0.25,0.0947,"High=16, Low=220",Control,0.8,0.5,1
high,20,0.5,0.25,0.1124,"High=20, Low=275",DIR,0.8,0.5,1
high,20,0.3,0.15,0.1571,"High=20, Low=275",BSAM,0.8,0.5,1
high,20,0.6,0.3,0.0839,"High=20, Low=275",DILA,0.8,0.5,1
high,16,0.5,0.375,0.0947,"High=16, Low=220",Control,0.8,0.75,1
high,20,0.4667,0.35,0.1124,"High=20, Low=275",DIR,0.8,0.75,1
high,20,0.4,0.3,0.1571,"High=20, Low=275",BSAM,0.8,0.75,1
high,20,0.6,0.45,0.0839,"High=20, Low=275",DILA,0.8,0.75,1
high,16,0.4375,0.4375,0.0947,"High=16, Low=220",Control,0.8,1.0,1
high,20,0.4,0.4,0.1124,"High=20, Low=275",DIR,0.8,1.0,1
high,20,0.3,0.3,0.1571,"High=20, Low=275",BSAM,0.8,1.0,1
high,20,0.55,0.55,0.0839,"High=20, Low=275",DILA,0.8,1.0,1
high,16,0.5,0.625,0.0947,"High=16, Low=220",Control,0.8,1.25,1
high,20,0.32,0.4,0.1124,"High=20, Low=275",DIR,0.8,1.25,1
high,20,0.28,0.35,0.1571,"High=20, Low=275",BSAM,0.8,1.25,1
high,20,0.44,0.55,0.0839,"High=20, Low=275",DILA,0.8,1.25,1
high,16,0.4583,0.6875,0.0947,"High=16, Low=220",Control,0.8,1.5,1
high,20,0.2667,0.4,0.1124,"High=20, Low=275",DIR,0.8,1.5,1
high,20,0.2667,0.4,0.1571,"High=20, Low=275",BSAM,0.8,1.5,1
high,20,0.3667,0.55,0.0839,"High=20, Low=275",DILA,0.8,1.5,1
high,16,0.3929,0.6875,0.0947,"High=16, Low=220",Control,0.8,1.75,1
high,20,0.2857,0.5,0.1124,"High=20, Low=275",DIR,0.8,1.75,1
high,20,0.2286,0.4,0.1571,"High=20, Low=275",BSAM,0.8,1.75,1
high,20,0.3429,0.6,0.0839,"High=20, Low=275",DILA,0.8,1.75,1
high,16,0.3438,0.6875,0.0947,"High=16, Low=220",Control,0.8,2.0,1
high,20,0.25,0.5,0.1124,"High=20, Low=275",DIR,0.8,2.0,1
high,20,0.25,0.5,0.1571,"High=20, Low=275",BSAM,0.8,2.0,1
high,20,0.3,0.6,0.0839,"High=20, Low=275",DILA,0.8,2.0,1
high,16,0.3056,0.6875,0.0947,"High=16, Low=220",Control,0.8,2.25,1
high,20,0.2222,0.5,0.1124,"High=20, Low=275",DIR,0.8,2.25,1
high,20,0.2222,0.5,0.1571,"High=20, Low=275",BSAM,0.8,2.25,1
high,20,0.2889,0.65,0.0839,"High=20, Low=275",DILA,0.8,2.25,1
high,16,0.275,0.6875,0.0947,"High=16, Low=220",Control,0.8,2.5,1
high,20,0.2,0.5,0.1124,"High=20, Low=275",DIR,0.8,2.5,1
high,20,0.2,0.5,0.1571,"High=20, Low=275",BSAM,0.8,2.5,1
high,20,0.26,0.65,0.0839,"High=20, Low=275",DILA,0.8,2.5,1
high,16,0.25,0.6875,0.0947,"High=16, Low=220",Control,0.8,2.75,1
high,20,0.1818,0.5,0.1124,"High=20, Low=275",DIR,0.8,2.75,1
high,20,0.1818,0.5,0.1571,"High=20, Low=275",BSAM,0.8,2.75,1
high,20,0.2364,0.65,0.0839,"High=20, Low=275",DILA,0.8,2.75,1
high,16,0.2292,0.6875,0.0947,"High=16, Low=220",Control,0.8,3.0,1
high,20,0.1667,0.5,0.1124,"High=20, Low=275",DIR,0.8,3.0,1
high,20,0.1667,0.5,0.1571,"High=20, Low=275",BSAM,0.8,3.0,1
high,20,0.2167,0.65,0.0839,"High=20, Low=275",DILA,0.8,3.0,1
high,12,0.1667,0.0833,0.0795,"High=12, Low=172",Control,0.8500000000000001,0.5,1
high,15,0.5,0.2667,0.1019,"High=15, Low=215",DIR,0.8500000000000001,0.5,1
high,15,0.25,0.1333,0.14,"High=15, Low=215",BSAM,0.8500000000000001,0.5,1
high,15,0.5,0.2667,0.0704,"High=15, Low=215",DILA,0.8500000000000001,0.5,1
high,12,0.4444,0.3333,0.0795,"High=12, Low=172",Control,0.8500000000000001,0.75,1
high,15,0.5,0.4,0.1019,"High=15, Low=215",DIR,0.8500000000000001,0.75,1
high,15,0.3333,0.2667,0.14,"High=15, Low=215",BSAM,0.8500000000000001,0.75,1
high,15,0.5833,0.4667,0.0704,"High=15, Low=215",DILA,0.8500000000000001,0.75,1
high,12,0.4167,0.4167,0.0795,"High=12, Low=172",Control,0.8500000000000001,1.0,1
high,15,0.4667,0.4667,0.1019,"High=15, Low=215",DIR,0.8500000000000001,1.0,1
high,15,0.4,0.4,0.14,"High=15, Low=215",BSAM,0.8500000000000001,1.0,1
high,15,0.6,0.6,0.0704,"High=15, Low=215",DILA,0.8500000000000001,1.0,1
high,12,0.4,0.5,0.0795,"High=12, Low=172",Control,0.8500000000000001,1.25,1
high,15,0.4211,0.5333,0.1019,"High=15, Low=215",DIR,0.8500000000000001,1.25,1
high,15,0.3158,0.4,0.14,"High=15, Low=215",BSAM,0.8500000000000001,1.25,1
high,15,0.5789,0.7333,0.0704,"High=15, Low=215",DILA,0.8500000000000001,1.25,1
high,12,0.3889,0.5833,0.0795,"High=12, Low=172",Control,0.8500000000000001,1.5,1
high,15,0.3478,0.5333,0.1019,"High=15, Low=215",DIR,0.8500000000000001,1.5,1
high,15,0.2609,0.4,0.14,"High=15, Low=215",BSAM,0.8500000000000001,1.5,1
high,15,0.4783,0.7333,0.0704,"High=15, Low=215",DILA,0.8500000000000001,1.5,1
high,12,0.4762,0.8333,0.0795,"High=12, Low=172",Control,0.8500000000000001,1.75,1
high,15,0.2963,0.5333,0.1019,"High=15, Low=215",DIR,0.8500000000000001,1.75,1
high,15,0.2593,0.4667,0.14,"High=15, Low=215",BSAM,0.8500000000000001,1.75,1
high,15,0.4074,0.7333,0.0704,"High=15, Low=215",DILA,0.8500000000000001,1.75,1
high,12,0.4167,0.8333,0.0795,"High=12, Low=172",Control,0.8500000000000001,2.0,1
high,15,0.2667,0.5333,0.1019,"High=15, Low=215",DIR,0.8500000000000001,2.0,1
high,15,0.2667,0.5333,0.14,"High=15, Low=215",BSAM,0.8500000000000001,2.0,1
high,15,0.3667,0.7333,0.0704,"High=15, Low=215",DILA,0.8500000000000001,2.0,1
high,12,0.3704,0.8333,0.0795,"High=12, Low=172",Control,0.8500000000000001,2.25,1
high,15,0.2941,0.6667,0.1019,"High=15, Low=215",DIR,0.8500000000000001,2.25,1
high,15,0.2353,0.5333,0.14,"High=15, Low=215",BSAM,0.8500000000000001,2.25,1
high,15,0.3529,0.8,0.0704,"High=15, Low=215",DILA,0.8500000000000001,2.25,1
high,12,0.3333,0.8333,0.0795,"High=12, Low=172",Control,0.8500000000000001,2.5,1
high,15,0.2632,0.6667,0.1019,"High=15, Low=215",DIR,0.8500000000000001,2.5,1
high,15,0.2632,0.6667,0.14,"High=15, Low=215",BSAM,0.8500000000000001,2.5,1
high,15,0.3158,0.8,0.0704,"High=15, Low=215",DILA,0.8500000000000001,2.5,1
high,12,0.303,0.8333,0.0795,"High=12, Low=172",Control,0.8500000000000001,2.75,1
high,15,0.2381,0.6667,0.1019,"High=15, Low=215",DIR,0.8500000000000001,2.75,1
high,15,0.2381,0.6667,0.14,"High=15, Low=215",BSAM,0.8500000000000001,2.75,1
high,15,0.2857,0.8,0.0704,"High=15, Low=215",DILA,0.8500000000000001,2.75,1
high,12,0.2778,0.8333,0.0795,"High=12, Low=172",Control,0.8500000000000001,3.0,1
high,15,0.2222,0.6667,0.1019,"High=15, Low=215",DIR,0.8500000000000001,3.0,1
high,15,0.2222,0.6667,0.14,"High=15, Low=215",BSAM,0.8500000000000001,3.0,1
high,15,0.2889,0.8667,0.0704,"High=15, Low=215",DILA,0.8500000000000001,3.0,1
high,4,0.0,0.0,0.1839,"High=4, Low=128",Control,0.9,0.5,1
high,5,0.0,0.0,0.2678,"High=5, Low=160",DIR,0.9,0.5,1
high,5,0.0,0.0,0.3036,"High=5, Low=160",BSAM,0.9,0.5,1
high,5,0.0,0.0,0.1919,"High=5, Low=160",DILA,0.9,0.5,1
high,4,0.0,0.0,0.1839,"High=4, Low=128",Control,0.9,0.75,1
high,5,0.0,0.0,0.2678,"High=5, Low=160",DIR,0.9,0.75,1
high,5,0.0,0.0,0.3036,"High=5, Low=160",BSAM,0.9,0.75,1
high,5,0.0,0.0,0.1919,"High=5, Low=160",DILA,0.9,0.75,1
high,4,0.0,0.0,0.1839,"High=4, Low=128",Control,0.9,1.0,1
high,5,0.0,0.0,0.2678,"High=5, Low=160",DIR,0.9,1.0,1
high,5,0.0,0.0,0.3036,"High=5, Low=160",BSAM,0.9,1.0,1
high,5,0.0,0.0,0.1919,"High=5, Low=160",DILA,0.9,1.0,1
high,4,0.2,0.25,0.1839,"High=4, Low=128",Control,0.9,1.25,1
high,5,0.0,0.0,0.2678,"High=5, Low=160",DIR,0.9,1.25,1
high,5,0.0,0.0,0.3036,"High=5, Low=160",BSAM,0.9,1.25,1
high,5,0.0,0.0,0.1919,"High=5, Low=160",DILA,0.9,1.25,1
high,4,0.1667,0.25,0.1839,"High=4, Low=128",Control,0.9,1.5,1
high,5,0.0,0.0,0.2678,"High=5, Low=160",DIR,0.9,1.5,1
high,5,0.0,0.0,0.3036,"High=5, Low=160",BSAM,0.9,1.5,1
high,5,0.0,0.0,0.1919,"High=5, Low=160",DILA,0.9,1.5,1
high,4,0.1429,0.25,0.1839,"High=4, Low=128",Control,0.9,1.75,1
high,5,0.0,0.0,0.2678,"High=5, Low=160",DIR,0.9,1.75,1
high,5,0.0,0.0,0.3036,"High=5, Low=160",BSAM,0.9,1.75,1
high,5,0.0,0.0,0.1919,"High=5, Low=160",DILA,0.9,1.75,1
high,4,0.125,0.25,0.1839,"High=4, Low=128",Control,0.9,2.0,1
high,5,0.0,0.0,0.2678,"High=5, Low=160",DIR,0.9,2.0,1
high,5,0.0,0.0,0.3036,"High=5, Low=160",BSAM,0.9,2.0,1
high,5,0.0,0.0,0.1919,"High=5, Low=160",DILA,0.9,2.0,1
high,4,0.1111,0.25,0.1839,"High=4, Low=128",Control,0.9,2.25,1
high,5,0.0,0.0,0.2678,"High=5, Low=160",DIR,0.9,2.25,1
high,5,0.0,0.0,0.3036,"High=5, Low=160",BSAM,0.9,2.25,1
high,5,0.0,0.0,0.1919,"High=5, Low=160",DILA,0.9,2.25,1
high,4,0.1,0.25,0.1839,"High=4, Low=128",Control,0.9,2.5,1
high,5,0.0,0.0,0.2678,"High=5, Low=160",DIR,0.9,2.5,1
high,5,0.0,0.0,0.3036,"High=5, Low=160",BSAM,0.9,2.5,1
high,5,0.0,0.0,0.1919,"High=5, Low=160",DILA,0.9,2.5,1
high,4,0.0909,0.25,0.1839,"High=4, Low=128",Control,0.9,2.75,1
high,5,0.0,0.0,0.2678,"High=5, Low=160",DIR,0.9,2.75,1
high,5,0.0,0.0,0.3036,"High=5, Low=160",BSAM,0.9,2.75,1
high,5,0.0,0.0,0.1919,"High=5, Low=160",DILA,0.9,2.75,1
high,4,0.0833,0.25,0.1839,"High=4, Low=128",Control,0.9,3.0,1
high,5,0.0,0.0,0.2678,"High=5, Low=160",DIR,0.9,3.0,1
high,5,0.0,0.0,0.3036,"High=5, Low=160",BSAM,0.9,3.0,1
high,5,0.0,0.0,0.1919,"High=5, Low=160",DILA,0.9,3.0,1
high,804,0.8756,0.4378,0.0918,"High=804, Low=3300",Control,0.5,0.5,2
high,670,0.8746,0.4373,0.0872,"High=670, Low=2750",DIR,0.5,0.5,2
high,670,0.8597,0.4299,0.0741,"High=670, Low=2750",BSAM,0.5,0.5,2
high,670,0.9164,0.4582,0.0648,"High=670, Low=2750",DILA,0.5,0.5,2
high,804,0.7695,0.5771,0.0918,"High=804, Low=3300",Control,0.5,0.75,2
high,670,0.7594,0.5701,0.0872,"High=670, Low=2750",DIR,0.5,0.75,2
high,670,0.7535,0.5657,0.0741,"High=670, Low=2750",BSAM,0.5,0.75,2
high,670,0.835,0.6269,0.0648,"High=670, Low=2750",DILA,0.5,0.75,2
high,804,0.6816,0.6816,0.0918,"High=804, Low=3300",Control,0.5,1.0,2
high,670,0.6627,0.6627,0.0872,"High=670, Low=2750",DIR,0.5,1.0,2
high,670,0.6866,0.6866,0.0741,"High=670, Low=2750",BSAM,0.5,1.0,2
high,670,0.7239,0.7239,0.0648,"High=670, Low=2750",DILA,0.5,1.0,2
high,804,0.596,0.745,0.0918,"High=804, Low=3300",Control,0.5,1.25,2
high,670,0.58,0.7254,0.0872,"High=670, Low=2750",DIR,0.5,1.25,2
high,670,0.6158,0.7701,0.0741,"High=670, Low=2750",BSAM,0.5,1.25,2
high,670,0.6408,0.8015,0.0648,"High=670, Low=2750",DILA,0.5,1.25,2
high,804,0.5282,0.7923,0.0918,"High=804, Low=3300",Control,0.5,1.5,2
high,670,0.5154,0.7731,0.0872,"High=670, Low=2750",DIR,0.5,1.5,2
high,670,0.5453,0.8179,0.0741,"High=670, Low=2750",BSAM,0.5,1.5,2
high,670,0.5701,0.8552,0.0648,"High=670, Low=2750",DILA,0.5,1.5,2
high,804,0.479,0.8383,0.0918,"High=804, Low=3300",Control,0.5,1.75,2
high,670,0.4621,0.809,0.0872,"High=670, Low=2750",DIR,0.5,1.75,2
high,670,0.4859,0.8507,0.0741,"High=670, Low=2750",BSAM,0.5,1.75,2
high,670,0.4987,0.8731,0.0648,"High=670, Low=2750",DILA,0.5,1.75,2
high,804,0.4272,0.8545,0.0918,"High=804, Low=3300",Control,0.5,2.0,2
high,670,0.4164,0.8328,0.0872,"High=670, Low=2750",DIR,0.5,2.0,2
high,670,0.4403,0.8806,0.0741,"High=670, Low=2750",BSAM,0.5,2.0,2
high,670,0.447,0.894,0.0648,"High=670, Low=2750",DILA,0.5,2.0,2
high,804,0.3881,0.8731,0.0918,"High=804, Low=3300",Control,0.5,2.25,2
high,670,0.378,0.8507,0.0872,"High=670, Low=2750",DIR,0.5,2.25,2
high,670,0.3972,0.894,0.0741,"High=670, Low=2750",BSAM,0.5,2.25,2
high,670,0.4005,0.9015,0.0648,"High=670, Low=2750",DILA,0.5,2.25,2
high,804,0.3537,0.8843,0.0918,"High=804, Low=3300",Control,0.5,2.5,2
high,670,0.3439,0.8597,0.0872,"High=670, Low=2750",DIR,0.5,2.5,2
high,670,0.3606,0.9015,0.0741,"High=670, Low=2750",BSAM,0.5,2.5,2
high,670,0.3636,0.909,0.0648,"High=670, Low=2750",DILA,0.5,2.5,2
high,804,0.3315,0.9117,0.0918,"High=804, Low=3300",Control,0.5,2.75,2
high,670,0.3185,0.8761,0.0872,"High=670, Low=2750",DIR,0.5,2.75,2
high,670,0.3304,0.909,0.0741,"High=670, Low=2750",BSAM,0.5,2.75,2
high,670,0.3332,0.9164,0.0648,"High=670, Low=2750",DILA,0.5,2.75,2
high,804,0.3064,0.9192,0.0918,"High=804, Low=3300",Control,0.5,3.0,2
high,670,0.2945,0.8836,0.0872,"High=670, Low=2750",DIR,0.5,3.0,2
high,670,0.3055,0.9164,0.0741,"High=670, Low=2750",BSAM,0.5,3.0,2
high,670,0.308,0.9239,0.0648,"High=670, Low=2750",DILA,0.5,3.0,2
high,702,0.8775,0.4387,0.0952,"High=702, Low=2988",Control,0.55,0.5,2
high,585,0.8669,0.4342,0.0888,"High=585, Low=2490",DIR,0.55,0.5,2
high,585,0.8771,0.4393,0.0778,"High=585, Low=2490",BSAM,0.55,0.5,2
high,585,0.9215,0.4615,0.0678,"High=585, Low=2490",DILA,0.55,0.5,2
high,702,0.7571,0.5684,0.0952,"High=702, Low=2988",Control,0.55,0.75,2
high,585,0.7677,0.5761,0.0888,"High=585, Low=2490",DIR,0.55,0.75,2
high,585,0.7563,0.5675,0.0778,"High=585, Low=2490",BSAM,0.55,0.75,2
high,585,0.8383,0.6291,0.0678,"High=585, Low=2490",DILA,0.55,0.75,2
high,702,0.6695,0.6695,0.0952,"High=702, Low=2988",Control,0.55,1.0,2
high,585,0.6615,0.6615,0.0888,"High=585, Low=2490",DIR,0.55,1.0,2
high,585,0.6735,0.6735,0.0778,"High=585, Low=2490",BSAM,0.55,1.0,2
high,585,0.7179,0.7179,0.0678,"High=585, Low=2490",DILA,0.55,1.0,2
high,702,0.5923,0.7407,0.0952,"High=702, Low=2988",Control,0.55,1.25,2
high,585,0.5765,0.7214,0.0888,"High=585, Low=2490",DIR,0.55,1.25,2
high,585,0.5984,0.7487,0.0778,"High=585, Low=2490",BSAM,0.55,1.25,2
high,585,0.6216,0.7778,0.0678,"High=585, Low=2490",DILA,0.55,1.25,2
high,702,0.5176,0.7764,0.0952,"High=702, Low=2988",Control,0.55,1.5,2
high,585,0.508,0.7624,0.0888,"High=585, Low=2490",DIR,0.55,1.5,2
high,585,0.5444,0.8171,0.0778,"High=585, Low=2490",BSAM,0.55,1.5,2
high,585,0.5604,0.841,0.0678,"High=585, Low=2490",DILA,0.55,1.5,2
high,702,0.4638,0.812,0.0952,"High=702, Low=2988",Control,0.55,1.75,2
high,585,0.4541,0.7949,0.0888,"High=585, Low=2490",DIR,0.55,1.75,2
high,585,0.4844,0.8479,0.0778,"High=585, Low=2490",BSAM,0.55,1.75,2
high,585,0.4961,0.8684,0.0678,"High=585, Low=2490",DILA,0.55,1.75,2
high,702,0.4245,0.849,0.0952,"High=702, Low=2988",Control,0.55,2.0,2
high,585,0.4128,0.8256,0.0888,"High=585, Low=2490",DIR,0.55,2.0,2
high,585,0.4325,0.865,0.0778,"High=585, Low=2490",BSAM,0.55,2.0,2
high,585,0.4402,0.8803,0.0678,"High=585, Low=2490",DILA,0.55,2.0,2
high,702,0.3835,0.8632,0.0952,"High=702, Low=2988",Control,0.55,2.25,2
high,585,0.3759,0.8462,0.0888,"High=585, Low=2490",DIR,0.55,2.25,2
high,585,0.3933,0.8855,0.0778,"High=585, Low=2490",BSAM,0.55,2.25,2
high,585,0.3986,0.8974,0.0678,"High=585, Low=2490",DILA,0.55,2.25,2
high,702,0.3493,0.8732,0.0952,"High=702, Low=2988",Control,0.55,2.5,2
high,585,0.3445,0.8615,0.0888,"High=585, Low=2490",DIR,0.55,2.5,2
high,585,0.3575,0.894,0.0778,"High=585, Low=2490",BSAM,0.55,2.5,2
high,585,0.3609,0.9026,0.0678,"High=585, Low=2490",DILA,0.55,2.5,2
high,702,0.3206,0.8818,0.0952,"High=702, Low=2988",Control,0.55,2.75,2
high,585,0.3163,0.8701,0.0888,"High=585, Low=2490",DIR,0.55,2.75,2
high,585,0.3269,0.8991,0.0778,"High=585, Low=2490",BSAM,0.55,2.75,2
high,585,0.3313,0.9111,0.0678,"High=585, Low=2490",DILA,0.55,2.75,2
high,702,0.3006,0.9017,0.0952,"High=702, Low=2988",Control,0.55,3.0,2
high,585,0.294,0.8821,0.0888,"High=585, Low=2490",DIR,0.55,3.0,2
high,585,0.3014,0.9043,0.0778,"High=585, Low=2490",BSAM,0.55,3.0,2
high,585,0.3048,0.9145,0.0678,"High=585, Low=2490",DILA,0.55,3.0,2
high,600,0.8533,0.4267,0.1001,"High=600, Low=2598",Control,0.6,0.5,2
high,500,0.876,0.438,0.0926,"High=500, Low=2165",DIR,0.6,0.5,2
high,500,0.88,0.44,0.0832,"High=500, Low=2165",BSAM,0.6,0.5,2
high,500,0.928,0.464,0.0715,"High=500, Low=2165",DILA,0.6,0.5,2
high,600,0.7533,0.565,0.1001,"High=600, Low=2598",Control,0.6,0.75,2
high,500,0.7813,0.586,0.0926,"High=500, Low=2165",DIR,0.6,0.75,2
high,500,0.7627,0.572,0.0832,"High=500, Low=2165",BSAM,0.6,0.75,2
high,500,0.8427,0.632,0.0715,"High=500, Low=2165",DILA,0.6,0.75,2
high,600,0.6533,0.6533,0.1001,"High=600, Low=2598",Control,0.6,1.0,2
high,500,0.664,0.664,0.0926,"High=500, Low=2165",DIR,0.6,1.0,2
high,500,0.67,0.67,0.0832,"High=500, Low=2165",BSAM,0.6,1.0,2
high,500,0.734,0.734,0.0715,"High=500, Low=2165",DILA,0.6,1.0,2
high,600,0.5893,0.7367,0.1001,"High=600, Low=2598",Control,0.6,1.25,2
high,500,0.5728,0.716,0.0926,"High=500, Low=2165",DIR,0.6,1.25,2
high,500,0.5856,0.732,0.0832,"High=500, Low=2165",BSAM,0.6,1.25,2
high,500,0.6288,0.786,0.0715,"High=500, Low=2165",DILA,0.6,1.25,2
high,600,0.52,0.78,0.1001,"High=600, Low=2598",Control,0.6,1.5,2
high,500,0.5107,0.766,0.0926,"High=500, Low=2165",DIR,0.6,1.5,2
high,500,0.52,0.78,0.0832,"High=500, Low=2165",BSAM,0.6,1.5,2
high,500,0.552,0.828,0.0715,"High=500, Low=2165",DILA,0.6,1.5,2
high,600,0.4571,0.8,0.1001,"High=600, Low=2598",Control,0.6,1.75,2
high,500,0.4537,0.794,0.0926,"High=500, Low=2165",DIR,0.6,1.75,2
high,500,0.4754,0.832,0.0832,"High=500, Low=2165",BSAM,0.6,1.75,2
high,500,0.4937,0.864,0.0715,"High=500, Low=2165",DILA,0.6,1.75,2
high,600,0.4133,0.8267,0.1001,"High=600, Low=2598",Control,0.6,2.0,2
high,500,0.406,0.812,0.0926,"High=500, Low=2165",DIR,0.6,2.0,2
high,500,0.426,0.852,0.0832,"High=500, Low=2165",BSAM,0.6,2.0,2
high,500,0.439,0.878,0.0715,"High=500, Low=2165",DILA,0.6,2.0,2
high,600,0.3778,0.85,0.1001,"High=600, Low=2598",Control,0.6,2.25,2
high,500,0.368,0.828,0.0926,"High=500, Low=2165",DIR,0.6,2.25,2
high,500,0.384,0.864,0.0832,"High=500, Low=2165",BSAM,0.6,2.25,2
high,500,0.3929,0.884,0.0715,"High=500, Low=2165",DILA,0.6,2.25,2
high,600,0.348,0.87,0.1001,"High=600, Low=2598",Control,0.6,2.5,2
high,500,0.34,0.85,0.0926,"High=500, Low=2165",DIR,0.6,2.5,2
high,500,0.3512,0.878,0.0832,"High=500, Low=2165",BSAM,0.6,2.5,2
high,500,0.356,0.89,0.0715,"High=500, Low=2165",DILA,0.6,2.5,2
high,600,0.3182,0.875,0.1001,"High=600, Low=2598",Control,0.6,2.75,2
high,500,0.312,0.858,0.0926,"High=500, Low=2165",DIR,0.6,2.75,2
high,500,0.3215,0.884,0.0832,"High=500, Low=2165",BSAM,0.6,2.75,2
high,500,0.3265,0.898,0.0715,"High=500, Low=2165",DILA,0.6,2.75,2
high,600,0.2933,0.88,0.1001,"High=600, Low=2598",Control,0.6,3.0,2
high,500,0.2893,0.868,0.0926,"High=500, Low=2165",DIR,0.6,3.0,2
high,500,0.2953,0.886,0.0832,"High=500, Low=2165",BSAM,0.6,3.0,2
high,500,0.3,0.9,0.0715,"High=500, Low=2165",DILA,0.6,3.0,2
high,498,0.8112,0.4056,0.1063,"High=498, Low=2208",Control,0.65,0.5,2
high,415,0.8269,0.4145,0.0957,"High=415, Low=1840",DIR,0.65,0.5,2
high,415,0.8462,0.4241,0.0886,"High=415, Low=1840",BSAM,0.65,0.5,2
high,415,0.8798,0.441,0.0749,"High=415, Low=1840",DILA,0.65,0.5,2
high,498,0.738,0.5542,0.1063,"High=498, Low=2208",Control,0.65,0.75,2
high,415,0.7596,0.5711,0.0957,"High=415, Low=1840",DIR,0.65,0.75,2
high,415,0.734,0.5518,0.0886,"High=415, Low=1840",BSAM,0.65,0.75,2
high,415,0.8205,0.6169,0.0749,"High=415, Low=1840",DILA,0.65,0.75,2
high,498,0.6325,0.6325,0.1063,"High=498, Low=2208",Control,0.65,1.0,2
high,415,0.6699,0.6699,0.0957,"High=415, Low=1840",DIR,0.65,1.0,2
high,415,0.641,0.641,0.0886,"High=415, Low=1840",BSAM,0.65,1.0,2
high,415,0.7157,0.7157,0.0749,"High=415, Low=1840",DILA,0.65,1.0,2
high,498,0.5602,0.7008,0.1063,"High=498, Low=2208",Control,0.65,1.25,2
high,415,0.5626,0.7036,0.0957,"High=415, Low=1840",DIR,0.65,1.25,2
high,415,0.5684,0.7108,0.0886,"High=415, Low=1840",BSAM,0.65,1.25,2
high,415,0.6281,0.7855,0.0749,"High=415, Low=1840",DILA,0.65,1.25,2
high,498,0.5047,0.757,0.1063,"High=498, Low=2208",Control,0.65,1.5,2
high,415,0.4944,0.7422,0.0957,"High=415, Low=1840",DIR,0.65,1.5,2
high,415,0.5056,0.759,0.0886,"High=415, Low=1840",BSAM,0.65,1.5,2
high,415,0.5393,0.8096,0.0749,"High=415, Low=1840",DILA,0.65,1.5,2
high,498,0.4507,0.7892,0.1063,"High=498, Low=2208",Control,0.65,1.75,2
high,415,0.4388,0.7687,0.0957,"High=415, Low=1840",DIR,0.65,1.75,2
high,415,0.4553,0.7976,0.0886,"High=415, Low=1840",BSAM,0.65,1.75,2
high,415,0.4814,0.8434,0.0749,"High=415, Low=1840",DILA,0.65,1.75,2
high,498,0.4016,0.8032,0.1063,"High=498, Low=2208",Control,0.65,2.0,2
high,415,0.406,0.812,0.0957,"High=415, Low=1840",DIR,0.65,2.0,2
high,415,0.4157,0.8313,0.0886,"High=415, Low=1840",BSAM,0.65,2.0,2
high,415,0.4313,0.8627,0.0749,"High=415, Low=1840",DILA,0.65,2.0,2
high,498,0.3675,0.8273,0.1063,"High=498, Low=2208",Control,0.65,2.25,2
high,415,0.3651,0.8217,0.0957,"High=415, Low=1840",DIR,0.65,2.25,2
high,415,0.379,0.853,0.0886,"High=415, Low=1840",BSAM,0.65,2.25,2
high,415,0.3887,0.8747,0.0749,"High=415, Low=1840",DILA,0.65,2.25,2
high,498,0.3365,0.8414,0.1063,"High=498, Low=2208",Control,0.65,2.5,2
high,415,0.3324,0.8313,0.0957,"High=415, Low=1840",DIR,0.65,2.5,2
high,415,0.3468,0.8675,0.0886,"High=415, Low=1840",BSAM,0.65,2.5,2
high,415,0.3536,0.8843,0.0749,"High=415, Low=1840",DILA,0.65,2.5,2
high,498,0.3146,0.8655,0.1063,"High=498, Low=2208",Control,0.65,2.75,2
high,415,0.3056,0.841,0.0957,"High=415, Low=1840",DIR,0.65,2.75,2
high,415,0.3161,0.8699,0.0886,"High=415, Low=1840",BSAM,0.65,2.75,2
high,415,0.324,0.8916,0.0749,"High=415, Low=1840",DILA,0.65,2.75,2
high,498,0.2925,0.8775,0.1063,"High=498, Low=2208",Control,0.65,3.0,2
high,415,0.2867,0.8602,0.0957,"High=415, Low=1840",DIR,0.65,3.0,2
high,415,0.294,0.8819,0.0886,"High=415, Low=1840",BSAM,0.65,3.0,2
high,415,0.298,0.894,0.0749,"High=415, Low=1840",DILA,0.65,3.0,2
high,372,0.8441,0.422,0.0941,"High=372, Low=1734",Control,0.7,0.5,2
high,310,0.8581,0.429,0.0763,"High=310, Low=1445",DIR,0.7,0.5,2
high,310,0.8774,0.4387,0.0755,"High=310, Low=1445",BSAM,0.7,0.5,2
high,310,0.9097,0.4548,0.0557,"High=310, Low=1445",DILA,0.7,0.5,2
high,372,0.7348,0.5511,0.0941,"High=372, Low=1734",Control,0.7,0.75,2
high,310,0.794,0.5968,0.0763,"High=310, Low=1445",DIR,0.7,0.75,2
high,310,0.7597,0.571,0.0755,"High=310, Low=1445",BSAM,0.7,0.75,2
high,310,0.8412,0.6323,0.0557,"High=310, Low=1445",DILA,0.7,0.75,2
high,372,0.6532,0.6532,0.0941,"High=372, Low=1734",Control,0.7,1.0,2
high,310,0.7065,0.7065,0.0763,"High=310, Low=1445",DIR,0.7,1.0,2
high,310,0.6645,0.6645,0.0755,"High=310, Low=1445",BSAM,0.7,1.0,2
high,310,0.7484,0.7484,0.0557,"High=310, Low=1445",DILA,0.7,1.0,2
high,372,0.5677,0.7097,0.0941,"High=372, Low=1734",Control,0.7,1.25,2
high,310,0.616,0.771,0.0763,"High=310, Low=1445",DIR,0.7,1.25,2
high,310,0.5747,0.7194,0.0755,"High=310, Low=1445",BSAM,0.7,1.25,2
high,310,0.6418,0.8032,0.0557,"High=310, Low=1445",DILA,0.7,1.25,2
high,372,0.5,0.75,0.0941,"High=372, Low=1734",Control,0.7,1.5,2
high,310,0.5312,0.7968,0.0763,"High=310, Low=1445",DIR,0.7,1.5,2
high,310,0.5075,0.7613,0.0755,"High=310, Low=1445",BSAM,0.7,1.5,2
high,310,0.5677,0.8516,0.0557,"High=310, Low=1445",DILA,0.7,1.5,2
high,372,0.4501,0.7876,0.0941,"High=372, Low=1734",Control,0.7,1.75,2
high,310,0.4659,0.8161,0.0763,"High=310, Low=1445",DIR,0.7,1.75,2
high,310,0.4549,0.7968,0.0755,"High=310, Low=1445",BSAM,0.7,1.75,2
high,310,0.5028,0.8806,0.0557,"High=310, Low=1445",DILA,0.7,1.75,2
high,372,0.4099,0.8199,0.0941,"High=372, Low=1734",Control,0.7,2.0,2
high,310,0.421,0.8419,0.0763,"High=310, Low=1445",DIR,0.7,2.0,2
high,310,0.4097,0.8194,0.0755,"High=310, Low=1445",BSAM,0.7,2.0,2
high,310,0.4435,0.8871,0.0557,"High=310, Low=1445",DILA,0.7,2.0,2
high,372,0.3716,0.836,0.0941,"High=372, Low=1734",Control,0.7,2.25,2
high,310,0.3811,0.8581,0.0763,"High=310, Low=1445",DIR,0.7,2.25,2
high,310,0.3754,0.8452,0.0755,"High=310, Low=1445",BSAM,0.7,2.25,2
high,310,0.3968,0.8935,0.0557,"High=310, Low=1445",DILA,0.7,2.25,2
high,372,0.3376,0.8441,0.0941,"High=372, Low=1734",Control,0.7,2.5,2
high,310,0.3484,0.871,0.0763,"High=310, Low=1445",DIR,0.7,2.5,2
high,310,0.3471,0.8677,0.0755,"High=310, Low=1445",BSAM,0.7,2.5,2
high,310,0.3587,0.8968,0.0557,"High=310, Low=1445",DILA,0.7,2.5,2
high,372,0.3118,0.8575,0.0941,"High=372, Low=1734",Control,0.7,2.75,2
high,310,0.3224,0.8871,0.0763,"High=310, Low=1445",DIR,0.7,2.75,2
high,310,0.3224,0.8871,0.0755,"High=310, Low=1445",BSAM,0.7,2.75,2
high,310,0.3306,0.9097,0.0557,"High=310, Low=1445",DILA,0.7,2.75,2
high,372,0.2903,0.871,0.0941,"High=372, Low=1734",Control,0.7,3.0,2
high,310,0.2968,0.8903,0.0763,"High=310, Low=1445",DIR,0.7,3.0,2
high,310,0.3,0.9,0.0755,"High=310, Low=1445",BSAM,0.7,3.0,2
high,310,0.3043,0.9129,0.0557,"High=310, Low=1445",DILA,0.7,3.0,2
high,288,0.8194,0.4097,0.0988,"High=288, Low=1446",Control,0.75,0.5,2
high,240,0.8333,0.4167,0.073,"High=240, Low=1205",DIR,0.75,0.5,2
high,240,0.8833,0.4417,0.0748,"High=240, Low=1205",BSAM,0.75,0.5,2
high,240,0.9167,0.4583,0.0585,"High=240, Low=1205",DILA,0.75,0.5,2
high,288,0.7361,0.5521,0.0988,"High=288, Low=1446",Control,0.75,0.75,2
high,240,0.7611,0.5708,0.073,"High=240, Low=1205",DIR,0.75,0.75,2
high,240,0.7889,0.5917,0.0748,"High=240, Low=1205",BSAM,0.75,0.75,2
high,240,0.8611,0.6458,0.0585,"High=240, Low=1205",DILA,0.75,0.75,2
high,288,0.625,0.625,0.0988,"High=288, Low=1446",Control,0.75,1.0,2
high,240,0.6875,0.6875,0.073,"High=240, Low=1205",DIR,0.75,1.0,2
high,240,0.6667,0.6667,0.0748,"High=240, Low=1205",BSAM,0.75,1.0,2
high,240,0.7417,0.7417,0.0585,"High=240, Low=1205",DILA,0.75,1.0,2
high,288,0.5583,0.6979,0.0988,"High=288, Low=1446",Control,0.75,1.25,2
high,240,0.61,0.7625,0.073,"High=240, Low=1205",DIR,0.75,1.25,2
high,240,0.5767,0.7208,0.0748,"High=240, Low=1205",BSAM,0.75,1.25,2
high,240,0.63,0.7875,0.0585,"High=240, Low=1205",DILA,0.75,1.25,2
high,288,0.4769,0.7153,0.0988,"High=288, Low=1446",Control,0.75,1.5,2
high,240,0.5333,0.8,0.073,"High=240, Low=1205",DIR,0.75,1.5,2
high,240,0.5028,0.7542,0.0748,"High=240, Low=1205",BSAM,0.75,1.5,2
high,240,0.5444,0.8167,0.0585,"High=240, Low=1205",DILA,0.75,1.5,2
high,288,0.4266,0.7465,0.0988,"High=288, Low=1446",Control,0.75,1.75,2
high,240,0.4714,0.825,0.073,"High=240, Low=1205",DIR,0.75,1.75,2
high,240,0.4429,0.775,0.0748,"High=240, Low=1205",BSAM,0.75,1.75,2
high,240,0.481,0.8417,0.0585,"High=240, Low=1205",DILA,0.75,1.75,2
high,288,0.3837,0.7674,0.0988,"High=288, Low=1446",Control,0.75,2.0,2
high,240,0.425,0.85,0.073,"High=240, Low=1205",DIR,0.75,2.0,2
high,240,0.4,0.8,0.0748,"High=240, Low=1205",BSAM,0.75,2.0,2
high,240,0.4354,0.8708,0.0585,"High=240, Low=1205",DILA,0.75,2.0,2
high,288,0.3534,0.7951,0.0988,"High=288, Low=1446",Control,0.75,2.25,2
high,240,0.3796,0.8542,0.073,"High=240, Low=1205",DIR,0.75,2.25,2
high,240,0.3593,0.8083,0.0748,"High=240, Low=1205",BSAM,0.75,2.25,2
high,240,0.3926,0.8833,0.0585,"High=240, Low=1205",DILA,0.75,2.25,2
high,288,0.3264,0.816,0.0988,"High=288, Low=1446",Control,0.75,2.5,2
high,240,0.3467,0.8667,0.073,"High=240, Low=1205",DIR,0.75,2.5,2
high,240,0.3267,0.8167,0.0748,"High=240, Low=1205",BSAM,0.75,2.5,2
high,240,0.355,0.8875,0.0585,"High=240, Low=1205",DILA,0.75,2.5,2
high,288,0.2992,0.8229,0.0988,"High=288, Low=1446",Control,0.75,2.75,2
high,240,0.3197,0.8792,0.073,"High=240, Low=1205",DIR,0.75,2.75,2
high,240,0.3045,0.8375,0.0748,"High=240, Low=1205",BSAM,0.75,2.75,2
high,240,0.3227,0.8875,0.0585,"High=240, Low=1205",DILA,0.75,2.75,2
high,288,0.2778,0.8333,0.0988,"High=288, Low=1446",Control,0.75,3.0,2
high,240,0.2958,0.8875,0.073,"High=240, Low=1205",DIR,0.75,3.0,2
high,240,0.2819,0.8458,0.0748,"High=240, Low=1205",BSAM,0.75,3.0,2
high,240,0.2958,0.8875,0.0585,"High=240, Low=1205",DILA,0.75,3.0,2
high,246,0.7886,0.3943,0.0988,"High=246, Low=1008",Control,0.8,0.5,2
high,205,0.7864,0.3951,0.0644,"High=205, Low=840",DIR,0.8,0.5,2
high,205,0.8447,0.4244,0.0695,"High=205, Low=840",BSAM,0.8,0.5,2
high,205,0.8932,0.4488,0.0547,"High=205, Low=840",DILA,0.8,0.5,2
high,246,0.7027,0.5285,0.0988,"High=246, Low=1008",Control,0.8,0.75,2
high,205,0.7403,0.5561,0.0644,"High=205, Low=840",DIR,0.8,0.75,2
high,205,0.7597,0.5707,0.0695,"High=205, Low=840",BSAM,0.8,0.75,2
high,205,0.8117,0.6098,0.0547,"High=205, Low=840",DILA,0.8,0.75,2
high,246,0.6179,0.6179,0.0988,"High=246, Low=1008",Control,0.8,1.0,2
high,205,0.6683,0.6683,0.0644,"High=205, Low=840",DIR,0.8,1.0,2
high,205,0.6683,0.6683,0.0695,"High=205, Low=840",BSAM,0.8,1.0,2
high,205,0.7171,0.7171,0.0547,"High=205, Low=840",DILA,0.8,1.0,2
high,246,0.5552,0.6951,0.0988,"High=246, Low=1008",Control,0.8,1.25,2
high,205,0.5992,0.7512,0.0644,"High=205, Low=840",DIR,0.8,1.25,2
high,205,0.5759,0.722,0.0695,"High=205, Low=840",BSAM,0.8,1.25,2
high,205,0.6031,0.7561,0.0547,"High=205, Low=840",DILA,0.8,1.25,2
high,246,0.4878,0.7317,0.0988,"High=246, Low=1008",Control,0.8,1.5,2
high,205,0.5422,0.8146,0.0644,"High=205, Low=840",DIR,0.8,1.5,2
high,205,0.5065,0.761,0.0695,"High=205, Low=840",BSAM,0.8,1.5,2
high,205,0.539,0.8098,0.0547,"High=205, Low=840",DILA,0.8,1.5,2
high,246,0.4269,0.748,0.0988,"High=246, Low=1008",Control,0.8,1.75,2
high,205,0.4819,0.8439,0.0644,"High=205, Low=840",DIR,0.8,1.75,2
high,205,0.454,0.7951,0.0695,"High=205, Low=840",BSAM,0.8,1.75,2
high,205,0.4763,0.8341,0.0547,"High=205, Low=840",DILA,0.8,1.75,2
high,246,0.3902,0.7805,0.0988,"High=246, Low=1008",Control,0.8,2.0,2
high,205,0.4317,0.8634,0.0644,"High=205, Low=840",DIR,0.8,2.0,2
high,205,0.4049,0.8098,0.0695,"High=205, Low=840",BSAM,0.8,2.0,2
high,205,0.4317,0.8634,0.0547,"High=205, Low=840",DILA,0.8,2.0,2
high,246,0.352,0.7927,0.0988,"High=246, Low=1008",Control,0.8,2.25,2
high,205,0.3939,0.8878,0.0644,"High=205, Low=840",DIR,0.8,2.25,2
high,205,0.368,0.8293,0.0695,"High=205, Low=840",BSAM,0.8,2.25,2
high,205,0.3939,0.8878,0.0547,"High=205, Low=840",DILA,0.8,2.25,2
high,246,0.3236,0.8089,0.0988,"High=246, Low=1008",Control,0.8,2.5,2
high,205,0.3548,0.8878,0.0644,"High=205, Low=840",DIR,0.8,2.5,2
high,205,0.3353,0.839,0.0695,"High=205, Low=840",BSAM,0.8,2.5,2
high,205,0.3626,0.9073,0.0547,"High=205, Low=840",DILA,0.8,2.5,2
high,246,0.3043,0.8374,0.0988,"High=246, Low=1008",Control,0.8,2.75,2
high,205,0.3262,0.8976,0.0644,"High=205, Low=840",DIR,0.8,2.75,2
high,205,0.3085,0.8488,0.0695,"High=205, Low=840",BSAM,0.8,2.75,2
high,205,0.3316,0.9122,0.0547,"High=205, Low=840",DILA,0.8,2.75,2
high,246,0.2859,0.8577,0.0988,"High=246, Low=1008",Control,0.8,3.0,2
high,205,0.3008,0.9024,0.0644,"High=205, Low=840",DIR,0.8,3.0,2
high,205,0.2862,0.8585,0.0695,"High=205, Low=840",BSAM,0.8,3.0,2
high,205,0.3057,0.9171,0.0547,"High=205, Low=840",DILA,0.8,3.0,2
high,156,0.6923,0.3462,0.1172,"High=156, Low=732",Control,0.8500000000000001,0.5,2
high,130,0.7231,0.3615,0.0755,"High=130, Low=610",DIR,0.8500000000000001,0.5,2
high,130,0.8154,0.4077,0.083,"High=130, Low=610",BSAM,0.8500000000000001,0.5,2
high,130,0.8769,0.4385,0.0621,"High=130, Low=610",DILA,0.8500000000000001,0.5,2
high,156,0.641,0.4808,0.1172,"High=156, Low=732",Control,0.8500000000000001,0.75,2
high,130,0.6633,0.5,0.0755,"High=130, Low=610",DIR,0.8500000000000001,0.75,2
high,130,0.6633,0.5,0.083,"High=130, Low=610",BSAM,0.8500000000000001,0.75,2
high,130,0.7857,0.5923,0.0621,"High=130, Low=610",DILA,0.8500000000000001,0.75,2
high,156,0.5577,0.5577,0.1172,"High=156, Low=732",Control,0.8500000000000001,1.0,2
high,130,0.5923,0.5923,0.0755,"High=130, Low=610",DIR,0.8500000000000001,1.0,2
high,130,0.5846,0.5846,0.083,"High=130, Low=610",BSAM,0.8500000000000001,1.0,2
high,130,0.6615,0.6615,0.0621,"High=130, Low=610",DILA,0.8500000000000001,1.0,2
high,156,0.4923,0.6154,0.1172,"High=156, Low=732",Control,0.8500000000000001,1.25,2
high,130,0.5215,0.6538,0.0755,"High=130, Low=610",DIR,0.8500000000000001,1.25,2
high,130,0.5215,0.6538,0.083,"High=130, Low=610",BSAM,0.8500000000000001,1.25,2
high,130,0.5644,0.7077,0.0621,"High=130, Low=610",DILA,0.8500000000000001,1.25,2
high,156,0.4487,0.6731,0.1172,"High=156, Low=732",Control,0.8500000000000001,1.5,2
high,130,0.4821,0.7231,0.0755,"High=130, Low=610",DIR,0.8500000000000001,1.5,2
high,130,0.4718,0.7077,0.083,"High=130, Low=610",BSAM,0.8500000000000001,1.5,2
high,130,0.5077,0.7615,0.0621,"High=130, Low=610",DILA,0.8500000000000001,1.5,2
high,156,0.3993,0.6987,0.1172,"High=156, Low=732",Control,0.8500000000000001,1.75,2
high,130,0.4254,0.7462,0.0755,"High=130, Low=610",DIR,0.8500000000000001,1.75,2
high,130,0.4123,0.7231,0.083,"High=130, Low=610",BSAM,0.8500000000000001,1.75,2
high,130,0.443,0.7769,0.0621,"High=130, Low=610",DILA,0.8500000000000001,1.75,2
high,156,0.3526,0.7051,0.1172,"High=156, Low=732",Control,0.8500000000000001,2.0,2
high,130,0.3846,0.7692,0.0755,"High=130, Low=610",DIR,0.8500000000000001,2.0,2
high,130,0.3731,0.7462,0.083,"High=130, Low=610",BSAM,0.8500000000000001,2.0,2
high,130,0.3923,0.7846,0.0621,"High=130, Low=610",DILA,0.8500000000000001,2.0,2
high,156,0.3162,0.7115,0.1172,"High=156, Low=732",Control,0.8500000000000001,2.25,2
high,130,0.3481,0.7846,0.0755,"High=130, Low=610",DIR,0.8500000000000001,2.25,2
high,130,0.3345,0.7538,0.083,"High=130, Low=610",BSAM,0.8500000000000001,2.25,2
high,130,0.3652,0.8231,0.0621,"High=130, Low=610",DILA,0.8500000000000001,2.25,2
high,156,0.2949,0.7372,0.1172,"High=156, Low=732",Control,0.8500000000000001,2.5,2
high,130,0.3292,0.8231,0.0755,"High=130, Low=610",DIR,0.8500000000000001,2.5,2
high,130,0.3077,0.7692,0.083,"High=130, Low=610",BSAM,0.8500000000000001,2.5,2
high,130,0.3385,0.8462,0.0621,"High=130, Low=610",DILA,0.8500000000000001,2.5,2
high,156,0.2681,0.7372,0.1172,"High=156, Low=732",Control,0.8500000000000001,2.75,2
high,130,0.3045,0.8385,0.0755,"High=130, Low=610",DIR,0.8500000000000001,2.75,2
high,130,0.2877,0.7923,0.083,"High=130, Low=610",BSAM,0.8500000000000001,2.75,2
high,130,0.3156,0.8692,0.0621,"High=130, Low=610",DILA,0.8500000000000001,2.75,2
high,156,0.2521,0.7564,0.1172,"High=156, Low=732",Control,0.8500000000000001,3.0,2
high,130,0.2846,0.8538,0.0755,"High=130, Low=610",DIR,0.8500000000000001,3.0,2
high,130,0.2692,0.8077,0.083,"High=130, Low=610",BSAM,0.8500000000000001,3.0,2
high,130,0.2974,0.8923,0.0621,"High=130, Low=610",DILA,0.8500000000000001,3.0,2
high,84,0.4524,0.2262,0.1596,"High=84, Low=450",Control,0.9,0.5,2
high,70,0.6286,0.3143,0.0907,"High=70, Low=375",DIR,0.9,0.5,2
high,70,0.6571,0.3286,0.1064,"High=70, Low=375",BSAM,0.9,0.5,2
high,70,0.7143,0.3571,0.0815,"High=70, Low=375",DILA,0.9,0.5,2
high,84,0.381,0.2857,0.1596,"High=84, Low=450",Control,0.9,0.75,2
high,70,0.5283,0.4,0.0907,"High=70, Low=375",DIR,0.9,0.75,2
high,70,0.6038,0.4571,0.1064,"High=70, Low=375",BSAM,0.9,0.75,2
high,70,0.6038,0.4571,0.0815,"High=70, Low=375",DILA,0.9,0.75,2
high,84,0.3571,0.3571,0.1596,"High=84, Low=450",Control,0.9,1.0,2
high,70,0.4714,0.4714,0.0907,"High=70, Low=375",DIR,0.9,1.0,2
high,70,0.5,0.5,0.1064,"High=70, Low=375",BSAM,0.9,1.0,2
high,70,0.5,0.5,0.0815,"High=70, Low=375",DILA,0.9,1.0,2
high,84,0.3429,0.4286,0.1596,"High=84, Low=450",Control,0.9,1.25,2
high,70,0.4091,0.5143,0.0907,"High=70, Low=375",DIR,0.9,1.25,2
high,70,0.3977,0.5,0.1064,"High=70, Low=375",BSAM,0.9,1.25,2
high,70,0.4318,0.5429,0.0815,"High=70, Low=375",DILA,0.9,1.25,2
high,84,0.3175,0.4762,0.1596,"High=84, Low=450",Control,0.9,1.5,2
high,70,0.381,0.5714,0.0907,"High=70, Low=375",DIR,0.9,1.5,2
high,70,0.3619,0.5429,0.1064,"High=70, Low=375",BSAM,0.9,1.5,2
high,70,0.381,0.5714,0.0815,"High=70, Low=375",DILA,0.9,1.5,2
high,84,0.2857,0.5,0.1596,"High=84, Low=450",Control,0.9,1.75,2
high,70,0.3415,0.6,0.0907,"High=70, Low=375",DIR,0.9,1.75,2
high,70,0.3171,0.5571,0.1064,"High=70, Low=375",BSAM,0.9,1.75,2
high,70,0.3333,0.5857,0.0815,"High=70, Low=375",DILA,0.9,1.75,2
high,84,0.2619,0.5238,0.1596,"High=84, Low=450",Control,0.9,2.0,2
high,70,0.3214,0.6429,0.0907,"High=70, Low=375",DIR,0.9,2.0,2
high,70,0.3,0.6,0.1064,"High=70, Low=375",BSAM,0.9,2.0,2
high,70,0.3,0.6,0.0815,"High=70, Low=375",DILA,0.9,2.0,2
high,84,0.2381,0.5357,0.1596,"High=84, Low=450",Control,0.9,2.25,2
high,70,0.2911,0.6571,0.0907,"High=70, Low=375",DIR,0.9,2.25,2
high,70,0.2722,0.6143,0.1064,"High=70, Low=375",BSAM,0.9,2.25,2
high,70,0.2911,0.6571,0.0815,"High=70, Low=375",DILA,0.9,2.25,2
high,84,0.2238,0.5595,0.1596,"High=84, Low=450",Control,0.9,2.5,2
high,70,0.2629,0.6571,0.0907,"High=70, Low=375",DIR,0.9,2.5,2
high,70,0.2629,0.6571,0.1064,"High=70, Low=375",BSAM,0.9,2.5,2
high,70,0.2686,0.6714,0.0815,"High=70, Low=375",DILA,0.9,2.5,2
high,84,0.2165,0.5952,0.1596,"High=84, Low=450",Control,0.9,2.75,2
high,70,0.2487,0.6857,0.0907,"High=70, Low=375",DIR,0.9,2.75,2
high,70,0.2383,0.6571,0.1064,"High=70, Low=375",BSAM,0.9,2.75,2
high,70,0.2539,0.7,0.0815,"High=70, Low=375",DILA,0.9,2.75,2
high,84,0.2063,0.619,0.1596,"High=84, Low=450",Control,0.9,3.0,2
high,70,0.2381,0.7143,0.0907,"High=70, Low=375",DIR,0.9,3.0,2
high,70,0.2238,0.6714,0.1064,"High=70, Low=375",BSAM,0.9,3.0,2
high,70,0.2381,0.7143,0.0815,"High=70, Low=375",DILA,0.9,3.0,2
high,156,0.9872,0.4936,0.0559,"High=156, Low=1278",Control,0.5,0.5,3
high,130,0.9692,0.4846,0.0698,"High=130, Low=1065",DIR,0.5,0.5,3
high,130,1.0,0.5,0.0493,"High=130, Low=1065",BSAM,0.5,0.5,3
high,130,1.0,0.5,0.0518,"High=130, Low=1065",DILA,0.5,0.5,3
high,156,0.9145,0.6859,0.0559,"High=156, Low=1278",Control,0.5,0.75,3
high,130,0.8367,0.6308,0.0698,"High=130, Low=1065",DIR,0.5,0.75,3
high,130,0.9592,0.7231,0.0493,"High=130, Low=1065",BSAM,0.5,0.75,3
high,130,0.9592,0.7231,0.0518,"High=130, Low=1065",DILA,0.5,0.75,3
high,156,0.8077,0.8077,0.0559,"High=156, Low=1278",Control,0.5,1.0,3
high,130,0.7923,0.7923,0.0698,"High=130, Low=1065",DIR,0.5,1.0,3
high,130,0.8538,0.8538,0.0493,"High=130, Low=1065",BSAM,0.5,1.0,3
high,130,0.8538,0.8538,0.0518,"High=130, Low=1065",DILA,0.5,1.0,3
high,156,0.7026,0.8782,0.0559,"High=156, Low=1278",Control,0.5,1.25,3
high,130,0.6748,0.8462,0.0698,"High=130, Low=1065",DIR,0.5,1.25,3
high,130,0.7301,0.9154,0.0493,"High=130, Low=1065",BSAM,0.5,1.25,3
high,130,0.7178,0.9,0.0518,"High=130, Low=1065",DILA,0.5,1.25,3
high,156,0.6111,0.9167,0.0559,"High=156, Low=1278",Control,0.5,1.5,3
high,130,0.6051,0.9077,0.0698,"High=130, Low=1065",DIR,0.5,1.5,3
high,130,0.6359,0.9538,0.0493,"High=130, Low=1065",BSAM,0.5,1.5,3
high,130,0.6154,0.9231,0.0518,"High=130, Low=1065",DILA,0.5,1.5,3
high,156,0.5421,0.9487,0.0559,"High=156, Low=1278",Control,0.5,1.75,3
high,130,0.5263,0.9231,0.0698,"High=130, Low=1065",DIR,0.5,1.75,3
high,130,0.5526,0.9692,0.0493,"High=130, Low=1065",BSAM,0.5,1.75,3
high,130,0.5482,0.9615,0.0518,"High=130, Low=1065",DILA,0.5,1.75,3
high,156,0.4776,0.9551,0.0559,"High=156, Low=1278",Control,0.5,2.0,3
high,130,0.4731,0.9462,0.0698,"High=130, Low=1065",DIR,0.5,2.0,3
high,130,0.4885,0.9769,0.0493,"High=130, Low=1065",BSAM,0.5,2.0,3
high,130,0.4923,0.9846,0.0518,"High=130, Low=1065",DILA,0.5,2.0,3
high,156,0.4274,0.9615,0.0559,"High=156, Low=1278",Control,0.5,2.25,3
high,130,0.4198,0.9462,0.0698,"High=130, Low=1065",DIR,0.5,2.25,3
high,130,0.4369,0.9846,0.0493,"High=130, Low=1065",BSAM,0.5,2.25,3
high,130,0.4369,0.9846,0.0518,"High=130, Low=1065",DILA,0.5,2.25,3
high,156,0.3897,0.9744,0.0559,"High=156, Low=1278",Control,0.5,2.5,3
high,130,0.3785,0.9462,0.0698,"High=130, Low=1065",DIR,0.5,2.5,3
high,130,0.3938,0.9846,0.0493,"High=130, Low=1065",BSAM,0.5,2.5,3
high,130,0.3938,0.9846,0.0518,"High=130, Low=1065",DILA,0.5,2.5,3
high,156,0.3543,0.9744,0.0559,"High=156, Low=1278",Control,0.5,2.75,3
high,130,0.3436,0.9462,0.0698,"High=130, Low=1065",DIR,0.5,2.75,3
high,130,0.3575,0.9846,0.0493,"High=130, Low=1065",BSAM,0.5,2.75,3
high,130,0.3575,0.9846,0.0518,"High=130, Low=1065",DILA,0.5,2.75,3
high,156,0.3291,0.9872,0.0559,"High=156, Low=1278",Control,0.5,3.0,3
high,130,0.3179,0.9538,0.0698,"High=130, Low=1065",DIR,0.5,3.0,3
high,130,0.3282,0.9846,0.0493,"High=130, Low=1065",BSAM,0.5,3.0,3
high,130,0.3282,0.9846,0.0518,"High=130, Low=1065",DILA,0.5,3.0,3
high,150,0.9867,0.4933,0.0563,"High=150, Low=1122",Control,0.55,0.5,3
high,125,0.9683,0.488,0.0688,"High=125, Low=935",DIR,0.55,0.5,3
high,125,1.0,0.504,0.0473,"High=125, Low=935",BSAM,0.55,0.5,3
high,125,1.0,0.504,0.0516,"High=125, Low=935",DILA,0.55,0.5,3
high,150,0.9115,0.6867,0.0563,"High=150, Low=1122",Control,0.55,0.75,3
high,125,0.8404,0.632,0.0688,"High=125, Low=935",DIR,0.55,0.75,3
high,125,0.9574,0.72,0.0473,"High=125, Low=935",BSAM,0.55,0.75,3
high,125,0.9574,0.72,0.0516,"High=125, Low=935",DILA,0.55,0.75,3
high,150,0.8333,0.8333,0.0563,"High=150, Low=1122",Control,0.55,1.0,3
high,125,0.816,0.816,0.0688,"High=125, Low=935",DIR,0.55,1.0,3
high,125,0.872,0.872,0.0473,"High=125, Low=935",BSAM,0.55,1.0,3
high,125,0.88,0.88,0.0516,"High=125, Low=935",DILA,0.55,1.0,3
high,150,0.7074,0.8867,0.0563,"High=150, Low=1122",Control,0.55,1.25,3
high,125,0.6879,0.864,0.0688,"High=125, Low=935",DIR,0.55,1.25,3
high,125,0.7516,0.944,0.0473,"High=125, Low=935",BSAM,0.55,1.25,3
high,125,0.7325,0.92,0.0516,"High=125, Low=935",DILA,0.55,1.25,3
high,150,0.6178,0.9267,0.0563,"High=150, Low=1122",Control,0.55,1.5,3
high,125,0.617,0.928,0.0688,"High=125, Low=935",DIR,0.55,1.5,3
high,125,0.6543,0.984,0.0473,"High=125, Low=935",BSAM,0.55,1.5,3
high,125,0.6277,0.944,0.0516,"High=125, Low=935",DILA,0.55,1.5,3
high,150,0.5437,0.9533,0.0563,"High=150, Low=1122",Control,0.55,1.75,3
high,125,0.5388,0.944,0.0688,"High=125, Low=935",DIR,0.55,1.75,3
high,125,0.5708,1.0,0.0473,"High=125, Low=935",BSAM,0.55,1.75,3
high,125,0.5571,0.976,0.0516,"High=125, Low=935",DILA,0.55,1.75,3
high,150,0.4833,0.9667,0.0563,"High=150, Low=1122",Control,0.55,2.0,3
high,125,0.476,0.952,0.0688,"High=125, Low=935",DIR,0.55,2.0,3
high,125,0.5,1.0,0.0473,"High=125, Low=935",BSAM,0.55,2.0,3
high,125,0.496,0.992,0.0516,"High=125, Low=935",DILA,0.55,2.0,3
high,150,0.432,0.9733,0.0563,"High=150, Low=1122",Control,0.55,2.25,3
high,125,0.4255,0.96,0.0688,"High=125, Low=935",DIR,0.55,2.25,3
high,125,0.4433,1.0,0.0473,"High=125, Low=935",BSAM,0.55,2.25,3
high,125,0.4397,0.992,0.0516,"High=125, Low=935",DILA,0.55,2.25,3
high,150,0.392,0.98,0.0563,"High=150, Low=1122",Control,0.55,2.5,3
high,125,0.3834,0.96,0.0688,"High=125, Low=935",DIR,0.55,2.5,3
high,125,0.3994,1.0,0.0473,"High=125, Low=935",BSAM,0.55,2.5,3
high,125,0.3962,0.992,0.0516,"High=125, Low=935",DILA,0.55,2.5,3
high,150,0.3559,0.98,0.0563,"High=150, Low=1122",Control,0.55,2.75,3
high,125,0.3488,0.96,0.0688,"High=125, Low=935",DIR,0.55,2.75,3
high,125,0.3634,1.0,0.0473,"High=125, Low=935",BSAM,0.55,2.75,3
high,125,0.3605,0.992,0.0516,"High=125, Low=935",DILA,0.55,2.75,3
high,150,0.3311,0.9933,0.0563,"High=150, Low=1122",Control,0.55,3.0,3
high,125,0.32,0.96,0.0688,"High=125, Low=935",DIR,0.55,3.0,3
high,125,0.3333,1.0,0.0473,"High=125, Low=935",BSAM,0.55,3.0,3
high,125,0.3307,0.992,0.0516,"High=125, Low=935",DILA,0.55,3.0,3
high,132,0.9545,0.4773,0.058,"High=132, Low=990",Control,0.6,0.5,3
high,110,0.9455,0.4727,0.0738,"High=110, Low=825",DIR,0.6,0.5,3
high,110,0.9636,0.4818,0.0501,"High=110, Low=825",BSAM,0.6,0.5,3
high,110,0.9636,0.4818,0.0524,"High=110, Low=825",DILA,0.6,0.5,3
high,132,0.899,0.6742,0.058,"High=132, Low=990",Control,0.6,0.75,3
high,110,0.8193,0.6182,0.0738,"High=110, Low=825",DIR,0.6,0.75,3
high,110,0.9157,0.6909,0.0501,"High=110, Low=825",BSAM,0.6,0.75,3
high,110,0.9157,0.6909,0.0524,"High=110, Low=825",DILA,0.6,0.75,3
high,132,0.7955,0.7955,0.058,"High=132, Low=990",Control,0.6,1.0,3
high,110,0.7364,0.7364,0.0738,"High=110, Low=825",DIR,0.6,1.0,3
high,110,0.8364,0.8364,0.0501,"High=110, Low=825",BSAM,0.6,1.0,3
high,110,0.8273,0.8273,0.0524,"High=110, Low=825",DILA,0.6,1.0,3
high,132,0.6788,0.8485,0.058,"High=132, Low=990",Control,0.6,1.25,3
high,110,0.6667,0.8364,0.0738,"High=110, Low=825",DIR,0.6,1.25,3
high,110,0.7174,0.9,0.0501,"High=110, Low=825",BSAM,0.6,1.25,3
high,110,0.7246,0.9091,0.0524,"High=110, Low=825",DILA,0.6,1.25,3
high,132,0.596,0.8939,0.058,"High=132, Low=990",Control,0.6,1.5,3
high,110,0.5879,0.8818,0.0738,"High=110, Low=825",DIR,0.6,1.5,3
high,110,0.6303,0.9455,0.0501,"High=110, Low=825",BSAM,0.6,1.5,3
high,110,0.6182,0.9273,0.0524,"High=110, Low=825",DILA,0.6,1.5,3
high,132,0.5325,0.9318,0.058,"High=132, Low=990",Control,0.6,1.75,3
high,110,0.5233,0.9182,0.0738,"High=110, Low=825",DIR,0.6,1.75,3
high,110,0.5596,0.9818,0.0501,"High=110, Low=825",BSAM,0.6,1.75,3
high,110,0.5389,0.9455,0.0524,"High=110, Low=825",DILA,0.6,1.75,3
high,132,0.4773,0.9545,0.058,"High=132, Low=990",Control,0.6,2.0,3
high,110,0.4682,0.9364,0.0738,"High=110, Low=825",DIR,0.6,2.0,3
high,110,0.5,1.0,0.0501,"High=110, Low=825",BSAM,0.6,2.0,3
high,110,0.4864,0.9727,0.0524,"High=110, Low=825",DILA,0.6,2.0,3
high,132,0.431,0.9697,0.058,"High=132, Low=990",Control,0.6,2.25,3
high,110,0.4194,0.9455,0.0738,"High=110, Low=825",DIR,0.6,2.25,3
high,110,0.4435,1.0,0.0501,"High=110, Low=825",BSAM,0.6,2.25,3
high,110,0.4395,0.9909,0.0524,"High=110, Low=825",DILA,0.6,2.25,3
high,132,0.3909,0.9773,0.058,"High=132, Low=990",Control,0.6,2.5,3
high,110,0.3818,0.9545,0.0738,"High=110, Low=825",DIR,0.6,2.5,3
high,110,0.4,1.0,0.0501,"High=110, Low=825",BSAM,0.6,2.5,3
high,110,0.3964,0.9909,0.0524,"High=110, Low=825",DILA,0.6,2.5,3
high,132,0.3554,0.9773,0.058,"High=132, Low=990",Control,0.6,2.75,3
high,110,0.3465,0.9545,0.0738,"High=110, Low=825",DIR,0.6,2.75,3
high,110,0.363,1.0,0.0501,"High=110, Low=825",BSAM,0.6,2.75,3
high,110,0.3597,0.9909,0.0524,"High=110, Low=825",DILA,0.6,2.75,3
high,132,0.3258,0.9773,0.058,"High=132, Low=990",Control,0.6,3.0,3
high,110,0.3182,0.9545,0.0738,"High=110, Low=825",DIR,0.6,3.0,3
high,110,0.3333,1.0,0.0501,"High=110, Low=825",BSAM,0.6,3.0,3
high,110,0.3303,0.9909,0.0524,"High=110, Low=825",DILA,0.6,3.0,3
high,132,0.9545,0.4773,0.058,"High=132, Low=840",Control,0.65,0.5,3
high,110,0.9455,0.4727,0.0738,"High=110, Low=700",DIR,0.65,0.5,3
high,110,0.9636,0.4818,0.0501,"High=110, Low=700",BSAM,0.65,0.5,3
high,110,0.9636,0.4818,0.0524,"High=110, Low=700",DILA,0.65,0.5,3
high,132,0.899,0.6742,0.058,"High=132, Low=840",Control,0.65,0.75,3
high,110,0.8193,0.6182,0.0738,"High=110, Low=700",DIR,0.65,0.75,3
high,110,0.9157,0.6909,0.0501,"High=110, Low=700",BSAM,0.65,0.75,3
high,110,0.9157,0.6909,0.0524,"High=110, Low=700",DILA,0.65,0.75,3
high,132,0.7955,0.7955,0.058,"High=132, Low=840",Control,0.65,1.0,3
high,110,0.7364,0.7364,0.0738,"High=110, Low=700",DIR,0.65,1.0,3
high,110,0.8364,0.8364,0.0501,"High=110, Low=700",BSAM,0.65,1.0,3
high,110,0.8273,0.8273,0.0524,"High=110, Low=700",DILA,0.65,1.0,3
high,132,0.6788,0.8485,0.058,"High=132, Low=840",Control,0.65,1.25,3
high,110,0.6667,0.8364,0.0738,"High=110, Low=700",DIR,0.65,1.25,3
high,110,0.7174,0.9,0.0501,"High=110, Low=700",BSAM,0.65,1.25,3
high,110,0.7246,0.9091,0.0524,"High=110, Low=700",DILA,0.65,1.25,3
high,132,0.596,0.8939,0.058,"High=132, Low=840",Control,0.65,1.5,3
high,110,0.5879,0.8818,0.0738,"High=110, Low=700",DIR,0.65,1.5,3
high,110,0.6303,0.9455,0.0501,"High=110, Low=700",BSAM,0.65,1.5,3
high,110,0.6182,0.9273,0.0524,"High=110, Low=700",DILA,0.65,1.5,3
high,132,0.5325,0.9318,0.058,"High=132, Low=840",Control,0.65,1.75,3
high,110,0.5233,0.9182,0.0738,"High=110, Low=700",DIR,0.65,1.75,3
high,110,0.5596,0.9818,0.0501,"High=110, Low=700",BSAM,0.65,1.75,3
high,110,0.5389,0.9455,0.0524,"High=110, Low=700",DILA,0.65,1.75,3
high,132,0.4773,0.9545,0.058,"High=132, Low=840",Control,0.65,2.0,3
high,110,0.4682,0.9364,0.0738,"High=110, Low=700",DIR,0.65,2.0,3
high,110,0.5,1.0,0.0501,"High=110, Low=700",BSAM,0.65,2.0,3
high,110,0.4864,0.9727,0.0524,"High=110, Low=700",DILA,0.65,2.0,3
high,132,0.431,0.9697,0.058,"High=132, Low=840",Control,0.65,2.25,3
high,110,0.4194,0.9455,0.0738,"High=110, Low=700",DIR,0.65,2.25,3
high,110,0.4435,1.0,0.0501,"High=110, Low=700",BSAM,0.65,2.25,3
high,110,0.4395,0.9909,0.0524,"High=110, Low=700",DILA,0.65,2.25,3
high,132,0.3909,0.9773,0.058,"High=132, Low=840",Control,0.65,2.5,3
high,110,0.3818,0.9545,0.0738,"High=110, Low=700",DIR,0.65,2.5,3
high,110,0.4,1.0,0.0501,"High=110, Low=700",BSAM,0.65,2.5,3
high,110,0.3964,0.9909,0.0524,"High=110, Low=700",DILA,0.65,2.5,3
high,132,0.3554,0.9773,0.058,"High=132, Low=840",Control,0.65,2.75,3
high,110,0.3465,0.9545,0.0738,"High=110, Low=700",DIR,0.65,2.75,3
high,110,0.363,1.0,0.0501,"High=110, Low=700",BSAM,0.65,2.75,3
high,110,0.3597,0.9909,0.0524,"High=110, Low=700",DILA,0.65,2.75,3
high,132,0.3258,0.9773,0.058,"High=132, Low=840",Control,0.65,3.0,3
high,110,0.3182,0.9545,0.0738,"High=110, Low=700",DIR,0.65,3.0,3
high,110,0.3333,1.0,0.0501,"High=110, Low=700",BSAM,0.65,3.0,3
high,110,0.3303,0.9909,0.0524,"High=110, Low=700",DILA,0.65,3.0,3
high,120,0.95,0.475,0.0583,"High=120, Low=618",Control,0.7,0.5,3
high,100,0.98,0.49,0.0754,"High=100, Low=515",DIR,0.7,0.5,3
high,100,0.98,0.49,0.0507,"High=100, Low=515",BSAM,0.7,0.5,3
high,100,0.98,0.49,0.0523,"High=100, Low=515",DILA,0.7,0.5,3
high,120,0.9111,0.6833,0.0583,"High=120, Low=618",Control,0.7,0.75,3
high,100,0.88,0.66,0.0754,"High=100, Low=515",DIR,0.7,0.75,3
high,100,0.92,0.69,0.0507,"High=100, Low=515",BSAM,0.7,0.75,3
high,100,0.9067,0.68,0.0523,"High=100, Low=515",DILA,0.7,0.75,3
high,120,0.7917,0.7917,0.0583,"High=120, Low=618",Control,0.7,1.0,3
high,100,0.73,0.73,0.0754,"High=100, Low=515",DIR,0.7,1.0,3
high,100,0.86,0.86,0.0507,"High=100, Low=515",BSAM,0.7,1.0,3
high,100,0.86,0.86,0.0523,"High=100, Low=515",DILA,0.7,1.0,3
high,120,0.7,0.875,0.0583,"High=120, Low=618",Control,0.7,1.25,3
high,100,0.688,0.86,0.0754,"High=100, Low=515",DIR,0.7,1.25,3
high,100,0.752,0.94,0.0507,"High=100, Low=515",BSAM,0.7,1.25,3
high,100,0.752,0.94,0.0523,"High=100, Low=515",DILA,0.7,1.25,3
high,120,0.5944,0.8917,0.0583,"High=120, Low=618",Control,0.7,1.5,3
high,100,0.6,0.9,0.0754,"High=100, Low=515",DIR,0.7,1.5,3
high,100,0.6467,0.97,0.0507,"High=100, Low=515",BSAM,0.7,1.5,3
high,100,0.6333,0.95,0.0523,"High=100, Low=515",DILA,0.7,1.5,3
high,120,0.5381,0.9417,0.0583,"High=120, Low=618",Control,0.7,1.75,3
high,100,0.5257,0.92,0.0754,"High=100, Low=515",DIR,0.7,1.75,3
high,100,0.5657,0.99,0.0507,"High=100, Low=515",BSAM,0.7,1.75,3
high,100,0.5486,0.96,0.0523,"High=100, Low=515",DILA,0.7,1.75,3
high,120,0.4792,0.9583,0.0583,"High=120, Low=618",Control,0.7,2.0,3
high,100,0.47,0.94,0.0754,"High=100, Low=515",DIR,0.7,2.0,3
high,100,0.5,1.0,0.0507,"High=100, Low=515",BSAM,0.7,2.0,3
high,100,0.485,0.97,0.0523,"High=100, Low=515",DILA,0.7,2.0,3
high,120,0.4333,0.975,0.0583,"High=120, Low=618",Control,0.7,2.25,3
high,100,0.4178,0.94,0.0754,"High=100, Low=515",DIR,0.7,2.25,3
high,100,0.4444,1.0,0.0507,"High=100, Low=515",BSAM,0.7,2.25,3
high,100,0.4356,0.98,0.0523,"High=100, Low=515",DILA,0.7,2.25,3
high,120,0.39,0.975,0.0583,"High=120, Low=618",Control,0.7,2.5,3
high,100,0.376,0.94,0.0754,"High=100, Low=515",DIR,0.7,2.5,3
high,100,0.4,1.0,0.0507,"High=100, Low=515",BSAM,0.7,2.5,3
high,100,0.396,0.99,0.0523,"High=100, Low=515",DILA,0.7,2.5,3
high,120,0.3545,0.975,0.0583,"High=120, Low=618",Control,0.7,2.75,3
high,100,0.3455,0.95,0.0754,"High=100, Low=515",DIR,0.7,2.75,3
high,100,0.3636,1.0,0.0507,"High=100, Low=515",BSAM,0.7,2.75,3
high,100,0.36,0.99,0.0523,"High=100, Low=515",DILA,0.7,2.75,3
high,120,0.325,0.975,0.0583,"High=120, Low=618",Control,0.7,3.0,3
high,100,0.3167,0.95,0.0754,"High=100, Low=515",DIR,0.7,3.0,3
high,100,0.3333,1.0,0.0507,"High=100, Low=515",BSAM,0.7,3.0,3
high,100,0.33,0.99,0.0523,"High=100, Low=515",DILA,0.7,3.0,3
high,108,0.9259,0.463,0.0554,"High=108, Low=474",Control,0.75,0.5,3
high,90,0.9333,0.4667,0.0748,"High=90, Low=395",DIR,0.75,0.5,3
high,90,1.0,0.5,0.0522,"High=90, Low=395",BSAM,0.75,0.5,3
high,90,0.9778,0.4889,0.0527,"High=90, Low=395",DILA,0.75,0.5,3
high,108,0.9136,0.6852,0.0554,"High=108, Low=474",Control,0.75,0.75,3
high,90,0.8824,0.6667,0.0748,"High=90, Low=395",DIR,0.75,0.75,3
high,90,0.9265,0.7,0.0522,"High=90, Low=395",BSAM,0.75,0.75,3
high,90,0.8676,0.6556,0.0527,"High=90, Low=395",DILA,0.75,0.75,3
high,108,0.8333,0.8333,0.0554,"High=108, Low=474",Control,0.75,1.0,3
high,90,0.7222,0.7222,0.0748,"High=90, Low=395",DIR,0.75,1.0,3
high,90,0.8222,0.8222,0.0522,"High=90, Low=395",BSAM,0.75,1.0,3
high,90,0.8222,0.8222,0.0527,"High=90, Low=395",DILA,0.75,1.0,3
high,108,0.7185,0.8981,0.0554,"High=108, Low=474",Control,0.75,1.25,3
high,90,0.6814,0.8556,0.0748,"High=90, Low=395",DIR,0.75,1.25,3
high,90,0.7257,0.9111,0.0522,"High=90, Low=395",BSAM,0.75,1.25,3
high,90,0.7257,0.9111,0.0527,"High=90, Low=395",DILA,0.75,1.25,3
high,108,0.6173,0.9259,0.0554,"High=108, Low=474",Control,0.75,1.5,3
high,90,0.6,0.9,0.0748,"High=90, Low=395",DIR,0.75,1.5,3
high,90,0.637,0.9556,0.0522,"High=90, Low=395",BSAM,0.75,1.5,3
high,90,0.6296,0.9444,0.0527,"High=90, Low=395",DILA,0.75,1.5,3
high,108,0.545,0.9537,0.0554,"High=108, Low=474",Control,0.75,1.75,3
high,90,0.5253,0.9222,0.0748,"High=90, Low=395",DIR,0.75,1.75,3
high,90,0.5633,0.9889,0.0522,"High=90, Low=395",BSAM,0.75,1.75,3
high,90,0.5443,0.9556,0.0527,"High=90, Low=395",DILA,0.75,1.75,3
high,108,0.4861,0.9722,0.0554,"High=108, Low=474",Control,0.75,2.0,3
high,90,0.4722,0.9444,0.0748,"High=90, Low=395",DIR,0.75,2.0,3
high,90,0.5,1.0,0.0522,"High=90, Low=395",BSAM,0.75,2.0,3
high,90,0.4833,0.9667,0.0527,"High=90, Low=395",DILA,0.75,2.0,3
high,108,0.4321,0.9722,0.0554,"High=108, Low=474",Control,0.75,2.25,3
high,90,0.4236,0.9556,0.0748,"High=90, Low=395",DIR,0.75,2.25,3
high,90,0.4433,1.0,0.0522,"High=90, Low=395",BSAM,0.75,2.25,3
high,90,0.4335,0.9778,0.0527,"High=90, Low=395",DILA,0.75,2.25,3
high,108,0.3963,0.9907,0.0554,"High=108, Low=474",Control,0.75,2.5,3
high,90,0.3822,0.9556,0.0748,"High=90, Low=395",DIR,0.75,2.5,3
high,90,0.4,1.0,0.0522,"High=90, Low=395",BSAM,0.75,2.5,3
high,90,0.3956,0.9889,0.0527,"High=90, Low=395",DILA,0.75,2.5,3
high,108,0.3603,0.9907,0.0554,"High=108, Low=474",Control,0.75,2.75,3
high,90,0.3468,0.9556,0.0748,"High=90, Low=395",DIR,0.75,2.75,3
high,90,0.3629,1.0,0.0522,"High=90, Low=395",BSAM,0.75,2.75,3
high,90,0.3629,1.0,0.0527,"High=90, Low=395",DILA,0.75,2.75,3
high,108,0.3302,0.9907,0.0554,"High=108, Low=474",Control,0.75,3.0,3
high,90,0.3185,0.9556,0.0748,"High=90, Low=395",DIR,0.75,3.0,3
high,90,0.3333,1.0,0.0522,"High=90, Low=395",BSAM,0.75,3.0,3
high,90,0.3333,1.0,0.0527,"High=90, Low=395",DILA,0.75,3.0,3
high,90,0.8,0.4,0.0538,"High=90, Low=300",Control,0.8,0.5,3
high,75,0.8158,0.4133,0.0747,"High=75, Low=250",DIR,0.8,0.5,3
high,75,0.7895,0.4,0.0532,"High=75, Low=250",BSAM,0.8,0.5,3
high,75,0.7895,0.4,0.0503,"High=75, Low=250",DILA,0.8,0.5,3
high,90,0.7941,0.6,0.0538,"High=90, Low=300",Control,0.8,0.75,3
high,75,0.7544,0.5733,0.0747,"High=75, Low=250",DIR,0.8,0.75,3
high,75,0.7719,0.5867,0.0532,"High=75, Low=250",BSAM,0.8,0.75,3
high,75,0.7719,0.5867,0.0503,"High=75, Low=250",DILA,0.8,0.75,3
high,90,0.7667,0.7667,0.0538,"High=90, Low=300",Control,0.8,1.0,3
high,75,0.6933,0.6933,0.0747,"High=75, Low=250",DIR,0.8,1.0,3
high,75,0.7333,0.7333,0.0532,"High=75, Low=250",BSAM,0.8,1.0,3
high,75,0.72,0.72,0.0503,"High=75, Low=250",DILA,0.8,1.0,3
high,90,0.6903,0.8667,0.0538,"High=90, Low=300",Control,0.8,1.25,3
high,75,0.5745,0.72,0.0747,"High=75, Low=250",DIR,0.8,1.25,3
high,75,0.6809,0.8533,0.0532,"High=75, Low=250",BSAM,0.8,1.25,3
high,75,0.6809,0.8533,0.0503,"High=75, Low=250",DILA,0.8,1.25,3
high,90,0.6296,0.9444,0.0538,"High=90, Low=300",Control,0.8,1.5,3
high,75,0.5664,0.8533,0.0747,"High=75, Low=250",DIR,0.8,1.5,3
high,75,0.6106,0.92,0.0532,"High=75, Low=250",BSAM,0.8,1.5,3
high,75,0.6106,0.92,0.0503,"High=75, Low=250",DILA,0.8,1.5,3
high,90,0.5443,0.9556,0.0538,"High=90, Low=300",Control,0.8,1.75,3
high,75,0.5076,0.8933,0.0747,"High=75, Low=250",DIR,0.8,1.75,3
high,75,0.553,0.9733,0.0532,"High=75, Low=250",BSAM,0.8,1.75,3
high,75,0.5379,0.9467,0.0503,"High=75, Low=250",DILA,0.8,1.75,3
high,90,0.4833,0.9667,0.0538,"High=90, Low=300",Control,0.8,2.0,3
high,75,0.4667,0.9333,0.0747,"High=75, Low=250",DIR,0.8,2.0,3
high,75,0.5,1.0,0.0532,"High=75, Low=250",BSAM,0.8,2.0,3
high,75,0.48,0.96,0.0503,"High=75, Low=250",DILA,0.8,2.0,3
high,90,0.4335,0.9778,0.0538,"High=90, Low=300",Control,0.8,2.25,3
high,75,0.4201,0.9467,0.0747,"High=75, Low=250",DIR,0.8,2.25,3
high,75,0.4438,1.0,0.0532,"High=75, Low=250",BSAM,0.8,2.25,3
high,75,0.426,0.96,0.0503,"High=75, Low=250",DILA,0.8,2.25,3
high,90,0.3911,0.9778,0.0538,"High=90, Low=300",Control,0.8,2.5,3
high,75,0.3777,0.9467,0.0747,"High=75, Low=250",DIR,0.8,2.5,3
high,75,0.3989,1.0,0.0532,"High=75, Low=250",BSAM,0.8,2.5,3
high,75,0.383,0.96,0.0503,"High=75, Low=250",DILA,0.8,2.5,3
high,90,0.3548,0.9778,0.0538,"High=90, Low=300",Control,0.8,2.75,3
high,75,0.3478,0.96,0.0747,"High=75, Low=250",DIR,0.8,2.75,3
high,75,0.3623,1.0,0.0532,"High=75, Low=250",BSAM,0.8,2.75,3
high,75,0.3575,0.9867,0.0503,"High=75, Low=250",DILA,0.8,2.75,3
high,90,0.3296,0.9889,0.0538,"High=90, Low=300",Control,0.8,3.0,3
high,75,0.32,0.96,0.0747,"High=75, Low=250",DIR,0.8,3.0,3
high,75,0.3333,1.0,0.0532,"High=75, Low=250",BSAM,0.8,3.0,3
high,75,0.3289,0.9867,0.0503,"High=75, Low=250",DILA,0.8,3.0,3
high,60,0.6,0.3,0.0489,"High=60, Low=252",Control,0.8500000000000001,0.5,3
high,50,0.56,0.28,0.0764,"High=50, Low=210",DIR,0.8500000000000001,0.5,3
high,50,0.64,0.32,0.0613,"High=50, Low=210",BSAM,0.8500000000000001,0.5,3
high,50,0.6,0.3,0.048,"High=50, Low=210",DILA,0.8500000000000001,0.5,3
high,60,0.5556,0.4167,0.0489,"High=60, Low=252",Control,0.8500000000000001,0.75,3
high,50,0.6316,0.48,0.0764,"High=50, Low=210",DIR,0.8500000000000001,0.75,3
high,50,0.5526,0.42,0.0613,"High=50, Low=210",BSAM,0.8500000000000001,0.75,3
high,50,0.6053,0.46,0.048,"High=50, Low=210",DILA,0.8500000000000001,0.75,3
high,60,0.5667,0.5667,0.0489,"High=60, Low=252",Control,0.8500000000000001,1.0,3
high,50,0.6,0.6,0.0764,"High=50, Low=210",DIR,0.8500000000000001,1.0,3
high,50,0.52,0.52,0.0613,"High=50, Low=210",BSAM,0.8500000000000001,1.0,3
high,50,0.64,0.64,0.048,"High=50, Low=210",DILA,0.8500000000000001,1.0,3
high,60,0.5867,0.7333,0.0489,"High=60, Low=252",Control,0.8500000000000001,1.25,3
high,50,0.5397,0.68,0.0764,"High=50, Low=210",DIR,0.8500000000000001,1.25,3
high,50,0.5397,0.68,0.0613,"High=50, Low=210",BSAM,0.8500000000000001,1.25,3
high,50,0.5714,0.72,0.048,"High=50, Low=210",DILA,0.8500000000000001,1.25,3
high,60,0.5556,0.8333,0.0489,"High=60, Low=252",Control,0.8500000000000001,1.5,3
high,50,0.48,0.72,0.0764,"High=50, Low=210",DIR,0.8500000000000001,1.5,3
high,50,0.48,0.72,0.0613,"High=50, Low=210",BSAM,0.8500000000000001,1.5,3
high,50,0.5467,0.82,0.048,"High=50, Low=210",DILA,0.8500000000000001,1.5,3
high,60,0.5143,0.9,0.0489,"High=60, Low=252",Control,0.8500000000000001,1.75,3
high,50,0.4318,0.76,0.0764,"High=50, Low=210",DIR,0.8500000000000001,1.75,3
high,50,0.4886,0.86,0.0613,"High=50, Low=210",BSAM,0.8500000000000001,1.75,3
high,50,0.4886,0.86,0.048,"High=50, Low=210",DILA,0.8500000000000001,1.75,3
high,60,0.4667,0.9333,0.0489,"High=60, Low=252",Control,0.8500000000000001,2.0,3
high,50,0.39,0.78,0.0764,"High=50, Low=210",DIR,0.8500000000000001,2.0,3
high,50,0.44,0.88,0.0613,"High=50, Low=210",BSAM,0.8500000000000001,2.0,3
high,50,0.45,0.9,0.048,"High=50, Low=210",DILA,0.8500000000000001,2.0,3
high,60,0.4296,0.9667,0.0489,"High=60, Low=252",Control,0.8500000000000001,2.25,3
high,50,0.3717,0.84,0.0764,"High=50, Low=210",DIR,0.8500000000000001,2.25,3
high,50,0.3982,0.9,0.0613,"High=50, Low=210",BSAM,0.8500000000000001,2.25,3
high,50,0.3982,0.9,0.048,"High=50, Low=210",DILA,0.8500000000000001,2.25,3
high,60,0.3867,0.9667,0.0489,"High=60, Low=252",Control,0.8500000000000001,2.5,3
high,50,0.352,0.88,0.0764,"High=50, Low=210",DIR,0.8500000000000001,2.5,3
high,50,0.384,0.96,0.0613,"High=50, Low=210",BSAM,0.8500000000000001,2.5,3
high,50,0.368,0.92,0.048,"High=50, Low=210",DILA,0.8500000000000001,2.5,3
high,60,0.3515,0.9667,0.0489,"High=60, Low=252",Control,0.8500000000000001,2.75,3
high,50,0.3188,0.88,0.0764,"High=50, Low=210",DIR,0.8500000000000001,2.75,3
high,50,0.3478,0.96,0.0613,"High=50, Low=210",BSAM,0.8500000000000001,2.75,3
high,50,0.3333,0.92,0.048,"High=50, Low=210",DILA,0.8500000000000001,2.75,3
high,60,0.3222,0.9667,0.0489,"High=60, Low=252",Control,0.8500000000000001,3.0,3
high,50,0.3067,0.92,0.0764,"High=50, Low=210",DIR,0.8500000000000001,3.0,3
high,50,0.3333,1.0,0.0613,"High=50, Low=210",BSAM,0.8500000000000001,3.0,3
high,50,0.3133,0.94,0.048,"High=50, Low=210",DILA,0.8500000000000001,3.0,3
high,36,0.5556,0.2778,0.064,"High=36, Low=162",Control,0.9,0.5,3
high,30,0.4667,0.2333,0.0846,"High=30, Low=135",DIR,0.9,0.5,3
high,30,0.5333,0.2667,0.0713,"High=30, Low=135",BSAM,0.9,0.5,3
high,30,0.5333,0.2667,0.0641,"High=30, Low=135",DILA,0.9,0.5,3
high,36,0.5556,0.4167,0.064,"High=36, Low=162",Control,0.9,0.75,3
high,30,0.4348,0.3333,0.0846,"High=30, Low=135",DIR,0.9,0.75,3
high,30,0.5217,0.4,0.0713,"High=30, Low=135",BSAM,0.9,0.75,3
high,30,0.5652,0.4333,0.0641,"High=30, Low=135",DILA,0.9,0.75,3
high,36,0.4722,0.4722,0.064,"High=36, Low=162",Control,0.9,1.0,3
high,30,0.4333,0.4333,0.0846,"High=30, Low=135",DIR,0.9,1.0,3
high,30,0.4333,0.4333,0.0713,"High=30, Low=135",BSAM,0.9,1.0,3
high,30,0.5333,0.5333,0.0641,"High=30, Low=135",DILA,0.9,1.0,3
high,36,0.4,0.5,0.064,"High=36, Low=162",Control,0.9,1.25,3
high,30,0.4474,0.5667,0.0846,"High=30, Low=135",DIR,0.9,1.25,3
high,30,0.3947,0.5,0.0713,"High=30, Low=135",BSAM,0.9,1.25,3
high,30,0.4737,0.6,0.0641,"High=30, Low=135",DILA,0.9,1.25,3
high,36,0.3704,0.5556,0.064,"High=36, Low=162",Control,0.9,1.5,3
high,30,0.3778,0.5667,0.0846,"High=30, Low=135",DIR,0.9,1.5,3
high,30,0.3556,0.5333,0.0713,"High=30, Low=135",BSAM,0.9,1.5,3
high,30,0.4222,0.6333,0.0641,"High=30, Low=135",DILA,0.9,1.5,3
high,36,0.3492,0.6111,0.064,"High=36, Low=162",Control,0.9,1.75,3
high,30,0.3774,0.6667,0.0846,"High=30, Low=135",DIR,0.9,1.75,3
high,30,0.3208,0.5667,0.0713,"High=30, Low=135",BSAM,0.9,1.75,3
high,30,0.3962,0.7,0.0641,"High=30, Low=135",DILA,0.9,1.75,3
high,36,0.3472,0.6944,0.064,"High=36, Low=162",Control,0.9,2.0,3
high,30,0.35,0.7,0.0846,"High=30, Low=135",DIR,0.9,2.0,3
high,30,0.3,0.6,0.0713,"High=30, Low=135",BSAM,0.9,2.0,3
high,30,0.35,0.7,0.0641,"High=30, Low=135",DILA,0.9,2.0,3
high,36,0.3086,0.6944,0.064,"High=36, Low=162",Control,0.9,2.25,3
high,30,0.3235,0.7333,0.0846,"High=30, Low=135",DIR,0.9,2.25,3
high,30,0.3088,0.7,0.0713,"High=30, Low=135",BSAM,0.9,2.25,3
high,30,0.3382,0.7667,0.0641,"High=30, Low=135",DILA,0.9,2.25,3
high,36,0.3,0.75,0.064,"High=36, Low=162",Control,0.9,2.5,3
high,30,0.2933,0.7333,0.0846,"High=30, Low=135",DIR,0.9,2.5,3
high,30,0.28,0.7,0.0713,"High=30, Low=135",BSAM,0.9,2.5,3
high,30,0.32,0.8,0.0641,"High=30, Low=135",DILA,0.9,2.5,3
high,36,0.2929,0.8056,0.064,"High=36, Low=162",Control,0.9,2.75,3
high,30,0.2771,0.7667,0.0846,"High=30, Low=135",DIR,0.9,2.75,3
high,30,0.2892,0.8,0.0713,"High=30, Low=135",BSAM,0.9,2.75,3
high,30,0.2892,0.8,0.0641,"High=30, Low=135",DILA,0.9,2.75,3
high,36,0.287,0.8611,0.064,"High=36, Low=162",Control,0.9,3.0,3
high,30,0.2556,0.7667,0.0846,"High=30, Low=135",DIR,0.9,3.0,3
high,30,0.2889,0.8667,0.0713,"High=30, Low=135",BSAM,0.9,3.0,3
high,30,0.2778,0.8333,0.0641,"High=30, Low=135",DILA,0.9,3.0,3
high,138,0.8696,0.4348,0.0841,"High=138, Low=945",Control,0.5,0.5,4
high,184,0.8587,0.4293,0.0918,"High=184, Low=1260",DIR,0.5,0.5,4
high,230,0.8348,0.4174,0.095,"High=230, Low=1575",BSAM,0.5,0.5,4
high,230,0.9217,0.4609,0.0776,"High=230, Low=1575",DILA,0.5,0.5,4
high,138,0.8269,0.6232,0.0841,"High=138, Low=945",Control,0.5,0.75,4
high,184,0.8116,0.6087,0.0918,"High=184, Low=1260",DIR,0.5,0.75,4
high,230,0.7457,0.5609,0.095,"High=230, Low=1575",BSAM,0.5,0.75,4
high,230,0.8671,0.6522,0.0776,"High=230, Low=1575",DILA,0.5,0.75,4
high,138,0.7319,0.7319,0.0841,"High=138, Low=945",Control,0.5,1.0,4
high,184,0.7283,0.7283,0.0918,"High=184, Low=1260",DIR,0.5,1.0,4
high,230,0.687,0.687,0.095,"High=230, Low=1575",BSAM,0.5,1.0,4
high,230,0.7652,0.7652,0.0776,"High=230, Low=1575",DILA,0.5,1.0,4
high,138,0.6358,0.7971,0.0841,"High=138, Low=945",Control,0.5,1.25,4
high,184,0.6304,0.788,0.0918,"High=184, Low=1260",DIR,0.5,1.25,4
high,230,0.5972,0.7478,0.095,"High=230, Low=1575",BSAM,0.5,1.25,4
high,230,0.6701,0.8391,0.0776,"High=230, Low=1575",DILA,0.5,1.25,4
high,138,0.5556,0.8333,0.0841,"High=138, Low=945",Control,0.5,1.5,4
high,184,0.5362,0.8043,0.0918,"High=184, Low=1260",DIR,0.5,1.5,4
high,230,0.5304,0.7957,0.095,"High=230, Low=1575",BSAM,0.5,1.5,4
high,230,0.5739,0.8609,0.0776,"High=230, Low=1575",DILA,0.5,1.5,4
high,138,0.4793,0.8406,0.0841,"High=138, Low=945",Control,0.5,1.75,4
high,184,0.4845,0.8478,0.0918,"High=184, Low=1260",DIR,0.5,1.75,4
high,230,0.469,0.8217,0.095,"High=230, Low=1575",BSAM,0.5,1.75,4
high,230,0.4988,0.8739,0.0776,"High=230, Low=1575",DILA,0.5,1.75,4
high,138,0.4203,0.8406,0.0841,"High=138, Low=945",Control,0.5,2.0,4
high,184,0.4348,0.8696,0.0918,"High=184, Low=1260",DIR,0.5,2.0,4
high,230,0.4174,0.8348,0.095,"High=230, Low=1575",BSAM,0.5,2.0,4
high,230,0.4435,0.887,0.0776,"High=230, Low=1575",DILA,0.5,2.0,4
high,138,0.3826,0.8623,0.0841,"High=138, Low=945",Control,0.5,2.25,4
high,184,0.3889,0.875,0.0918,"High=184, Low=1260",DIR,0.5,2.25,4
high,230,0.3745,0.8435,0.095,"High=230, Low=1575",BSAM,0.5,2.25,4
high,230,0.3958,0.8913,0.0776,"High=230, Low=1575",DILA,0.5,2.25,4
high,138,0.3507,0.8768,0.0841,"High=138, Low=945",Control,0.5,2.5,4
high,184,0.35,0.875,0.0918,"High=184, Low=1260",DIR,0.5,2.5,4
high,230,0.3443,0.8609,0.095,"High=230, Low=1575",BSAM,0.5,2.5,4
high,230,0.36,0.9,0.0776,"High=230, Low=1575",DILA,0.5,2.5,4
high,138,0.3211,0.8841,0.0841,"High=138, Low=945",Control,0.5,2.75,4
high,184,0.3221,0.8859,0.0918,"High=184, Low=1260",DIR,0.5,2.75,4
high,230,0.316,0.8696,0.095,"High=230, Low=1575",BSAM,0.5,2.75,4
high,230,0.3302,0.9087,0.0776,"High=230, Low=1575",DILA,0.5,2.75,4
high,138,0.2947,0.8841,0.0841,"High=138, Low=945",Control,0.5,3.0,4
high,184,0.2953,0.8859,0.0918,"High=184, Low=1260",DIR,0.5,3.0,4
high,230,0.2899,0.8696,0.095,"High=230, Low=1575",BSAM,0.5,3.0,4
high,230,0.3043,0.913,0.0776,"High=230, Low=1575",DILA,0.5,3.0,4
high,129,0.8769,0.4419,0.0863,"High=129, Low=816",Control,0.55,0.5,4
high,172,0.8605,0.4302,0.0957,"High=172, Low=1088",DIR,0.55,0.5,4
high,215,0.8519,0.4279,0.0976,"High=215, Low=1360",BSAM,0.55,0.5,4
high,215,0.9259,0.4651,0.0806,"High=215, Low=1360",DILA,0.55,0.5,4
high,129,0.8557,0.6434,0.0863,"High=129, Low=816",Control,0.55,0.75,4
high,172,0.7907,0.593,0.0957,"High=172, Low=1088",DIR,0.55,0.75,4
high,215,0.7407,0.5581,0.0976,"High=215, Low=1360",BSAM,0.55,0.75,4
high,215,0.8704,0.6558,0.0806,"High=215, Low=1360",DILA,0.55,0.75,4
high,129,0.7597,0.7597,0.0863,"High=129, Low=816",Control,0.55,1.0,4
high,172,0.7442,0.7442,0.0957,"High=172, Low=1088",DIR,0.55,1.0,4
high,215,0.7116,0.7116,0.0976,"High=215, Low=1360",BSAM,0.55,1.0,4
high,215,0.7953,0.7953,0.0806,"High=215, Low=1360",DILA,0.55,1.0,4
high,129,0.6481,0.814,0.0863,"High=129, Low=816",Control,0.55,1.25,4
high,172,0.6419,0.8023,0.0957,"High=172, Low=1088",DIR,0.55,1.25,4
high,215,0.6283,0.786,0.0976,"High=215, Low=1360",BSAM,0.55,1.25,4
high,215,0.684,0.8558,0.0806,"High=215, Low=1360",DILA,0.55,1.25,4
high,129,0.567,0.8527,0.0863,"High=129, Low=816",Control,0.55,1.5,4
high,172,0.5504,0.8256,0.0957,"High=172, Low=1088",DIR,0.55,1.5,4
high,215,0.5449,0.8186,0.0976,"High=215, Low=1360",BSAM,0.55,1.5,4
high,215,0.5759,0.8651,0.0806,"High=215, Low=1360",DILA,0.55,1.5,4
high,129,0.4912,0.8605,0.0863,"High=129, Low=816",Control,0.55,1.75,4
high,172,0.4784,0.8372,0.0957,"High=172, Low=1088",DIR,0.55,1.75,4
high,215,0.4801,0.8419,0.0976,"High=215, Low=1360",BSAM,0.55,1.75,4
high,215,0.5013,0.8791,0.0806,"High=215, Low=1360",DILA,0.55,1.75,4
high,129,0.4302,0.8605,0.0863,"High=129, Low=816",Control,0.55,2.0,4
high,172,0.4331,0.8663,0.0957,"High=172, Low=1088",DIR,0.55,2.0,4
high,215,0.4256,0.8512,0.0976,"High=215, Low=1360",BSAM,0.55,2.0,4
high,215,0.4465,0.893,0.0806,"High=215, Low=1360",DILA,0.55,2.0,4
high,129,0.3883,0.876,0.0863,"High=129, Low=816",Control,0.55,2.25,4
high,172,0.385,0.8663,0.0957,"High=172, Low=1088",DIR,0.55,2.25,4
high,215,0.3822,0.8605,0.0976,"High=215, Low=1360",BSAM,0.55,2.25,4
high,215,0.3967,0.893,0.0806,"High=215, Low=1360",DILA,0.55,2.25,4
high,129,0.3498,0.876,0.0863,"High=129, Low=816",Control,0.55,2.5,4
high,172,0.3488,0.8721,0.0957,"High=172, Low=1088",DIR,0.55,2.5,4
high,215,0.3439,0.8605,0.0976,"High=215, Low=1360",BSAM,0.55,2.5,4
high,215,0.3587,0.8977,0.0806,"High=215, Low=1360",DILA,0.55,2.5,4
high,129,0.3183,0.876,0.0863,"High=129, Low=816",Control,0.55,2.75,4
high,172,0.3171,0.8721,0.0957,"High=172, Low=1088",DIR,0.55,2.75,4
high,215,0.3142,0.8651,0.0976,"High=215, Low=1360",BSAM,0.55,2.75,4
high,215,0.326,0.8977,0.0806,"High=215, Low=1360",DILA,0.55,2.75,4
high,129,0.2946,0.8837,0.0863,"High=129, Low=816",Control,0.55,3.0,4
high,172,0.2926,0.8779,0.0957,"High=172, Low=1088",DIR,0.55,3.0,4
high,215,0.2915,0.8744,0.0976,"High=215, Low=1360",BSAM,0.55,3.0,4
high,215,0.3008,0.9023,0.0806,"High=215, Low=1360",DILA,0.55,3.0,4
high,114,0.8421,0.4211,0.0827,"High=114, Low=696",Control,0.6,0.5,4
high,152,0.8158,0.4079,0.0897,"High=152, Low=928",DIR,0.6,0.5,4
high,190,0.8,0.4,0.0974,"High=190, Low=1160",BSAM,0.6,0.5,4
high,190,0.8632,0.4316,0.083,"High=190, Low=1160",DILA,0.6,0.5,4
high,114,0.814,0.614,0.0827,"High=114, Low=696",Control,0.6,0.75,4
high,152,0.7719,0.5789,0.0897,"High=152, Low=928",DIR,0.6,0.75,4
high,190,0.7273,0.5474,0.0974,"High=190, Low=1160",BSAM,0.6,0.75,4
high,190,0.8112,0.6105,0.083,"High=190, Low=1160",DILA,0.6,0.75,4
high,114,0.7456,0.7456,0.0827,"High=114, Low=696",Control,0.6,1.0,4
high,152,0.7105,0.7105,0.0897,"High=152, Low=928",DIR,0.6,1.0,4
high,190,0.6842,0.6842,0.0974,"High=190, Low=1160",BSAM,0.6,1.0,4
high,190,0.7789,0.7789,0.083,"High=190, Low=1160",DILA,0.6,1.0,4
high,114,0.6573,0.8246,0.0827,"High=114, Low=696",Control,0.6,1.25,4
high,152,0.6368,0.7961,0.0897,"High=152, Low=928",DIR,0.6,1.25,4
high,190,0.6303,0.7895,0.0974,"High=190, Low=1160",BSAM,0.6,1.25,4
high,190,0.6681,0.8368,0.083,"High=190, Low=1160",DILA,0.6,1.25,4
high,114,0.5848,0.8772,0.0827,"High=114, Low=696",Control,0.6,1.5,4
high,152,0.557,0.8355,0.0897,"High=152, Low=928",DIR,0.6,1.5,4
high,190,0.5544,0.8316,0.0974,"High=190, Low=1160",BSAM,0.6,1.5,4
high,190,0.5825,0.8737,0.083,"High=190, Low=1160",DILA,0.6,1.5,4
high,114,0.51,0.8947,0.0827,"High=114, Low=696",Control,0.6,1.75,4
high,152,0.4887,0.8553,0.0897,"High=152, Low=928",DIR,0.6,1.75,4
high,190,0.4925,0.8632,0.0974,"High=190, Low=1160",BSAM,0.6,1.75,4
high,190,0.5075,0.8895,0.083,"High=190, Low=1160",DILA,0.6,1.75,4
high,114,0.4474,0.8947,0.0827,"High=114, Low=696",Control,0.6,2.0,4
high,152,0.4342,0.8684,0.0897,"High=152, Low=928",DIR,0.6,2.0,4
high,190,0.4368,0.8737,0.0974,"High=190, Low=1160",BSAM,0.6,2.0,4
high,190,0.4474,0.8947,0.083,"High=190, Low=1160",DILA,0.6,2.0,4
high,114,0.3969,0.8947,0.0827,"High=114, Low=696",Control,0.6,2.25,4
high,152,0.4006,0.9013,0.0897,"High=152, Low=928",DIR,0.6,2.25,4
high,190,0.3925,0.8842,0.0974,"High=190, Low=1160",BSAM,0.6,2.25,4
high,190,0.4019,0.9053,0.083,"High=190, Low=1160",DILA,0.6,2.25,4
high,114,0.3614,0.9035,0.0827,"High=114, Low=696",Control,0.6,2.5,4
high,152,0.3605,0.9013,0.0897,"High=152, Low=928",DIR,0.6,2.5,4
high,190,0.3558,0.8895,0.0974,"High=190, Low=1160",BSAM,0.6,2.5,4
high,190,0.3621,0.9053,0.083,"High=190, Low=1160",DILA,0.6,2.5,4
high,114,0.3312,0.9123,0.0827,"High=114, Low=696",Control,0.6,2.75,4
high,152,0.3301,0.9079,0.0897,"High=152, Low=928",DIR,0.6,2.75,4
high,190,0.3231,0.8895,0.0974,"High=190, Low=1160",BSAM,0.6,2.75,4
high,190,0.3308,0.9105,0.083,"High=190, Low=1160",DILA,0.6,2.75,4
high,114,0.3041,0.9123,0.0827,"High=114, Low=696",Control,0.6,3.0,4
high,152,0.3026,0.9079,0.0897,"High=152, Low=928",DIR,0.6,3.0,4
high,190,0.2982,0.8947,0.0974,"High=190, Low=1160",BSAM,0.6,3.0,4
high,190,0.3035,0.9105,0.083,"High=190, Low=1160",DILA,0.6,3.0,4
high,93,0.8936,0.4516,0.0967,"High=93, Low=564",Control,0.65,0.5,4
high,124,0.7581,0.379,0.1033,"High=124, Low=752",DIR,0.65,0.5,4
high,155,0.7564,0.3806,0.1134,"High=155, Low=940",BSAM,0.65,0.5,4
high,155,0.859,0.4323,0.0968,"High=155, Low=940",DILA,0.65,0.5,4
high,93,0.7714,0.5806,0.0967,"High=93, Low=564",Control,0.65,0.75,4
high,124,0.7204,0.5403,0.1033,"High=124, Low=752",DIR,0.65,0.75,4
high,155,0.6923,0.5226,0.1134,"High=155, Low=940",BSAM,0.65,0.75,4
high,155,0.7778,0.5871,0.0968,"High=155, Low=940",DILA,0.65,0.75,4
high,93,0.7097,0.7097,0.0967,"High=93, Low=564",Control,0.65,1.0,4
high,124,0.6774,0.6774,0.1033,"High=124, Low=752",DIR,0.65,1.0,4
high,155,0.6194,0.6194,0.1134,"High=155, Low=940",BSAM,0.65,1.0,4
high,155,0.7161,0.7161,0.0968,"High=155, Low=940",DILA,0.65,1.0,4
high,93,0.5983,0.7527,0.0967,"High=93, Low=564",Control,0.65,1.25,4
high,124,0.6129,0.7661,0.1033,"High=124, Low=752",DIR,0.65,1.25,4
high,155,0.5825,0.729,0.1134,"High=155, Low=940",BSAM,0.65,1.25,4
high,155,0.6443,0.8065,0.0968,"High=155, Low=940",DILA,0.65,1.25,4
high,93,0.5286,0.7957,0.0967,"High=93, Low=564",Control,0.65,1.5,4
high,124,0.5376,0.8065,0.1033,"High=124, Low=752",DIR,0.65,1.5,4
high,155,0.515,0.7742,0.1134,"High=155, Low=940",BSAM,0.65,1.5,4
high,155,0.5622,0.8452,0.0968,"High=155, Low=940",DILA,0.65,1.5,4
high,93,0.4785,0.8387,0.0967,"High=93, Low=564",Control,0.65,1.75,4
high,124,0.4654,0.8145,0.1033,"High=124, Low=752",DIR,0.65,1.75,4
high,155,0.4632,0.8129,0.1134,"High=155, Low=940",BSAM,0.65,1.75,4
high,155,0.489,0.8581,0.0968,"High=155, Low=940",DILA,0.65,1.75,4
high,93,0.4355,0.871,0.0967,"High=93, Low=564",Control,0.65,2.0,4
high,124,0.4113,0.8226,0.1033,"High=124, Low=752",DIR,0.65,2.0,4
high,155,0.4097,0.8194,0.1134,"High=155, Low=940",BSAM,0.65,2.0,4
high,155,0.429,0.8581,0.0968,"High=155, Low=940",DILA,0.65,2.0,4
high,93,0.3857,0.871,0.0967,"High=93, Low=564",Control,0.65,2.25,4
high,124,0.3692,0.8306,0.1033,"High=124, Low=752",DIR,0.65,2.25,4
high,155,0.3754,0.8452,0.1134,"High=155, Low=940",BSAM,0.65,2.25,4
high,155,0.3868,0.871,0.0968,"High=155, Low=940",DILA,0.65,2.25,4
high,93,0.3476,0.871,0.0967,"High=93, Low=564",Control,0.65,2.5,4
high,124,0.3419,0.8548,0.1033,"High=124, Low=752",DIR,0.65,2.5,4
high,155,0.3402,0.8516,0.1134,"High=155, Low=940",BSAM,0.65,2.5,4
high,155,0.3479,0.871,0.0968,"High=155, Low=940",DILA,0.65,2.5,4
high,93,0.3164,0.871,0.0967,"High=93, Low=564",Control,0.65,2.75,4
high,124,0.3196,0.879,0.1033,"High=124, Low=752",DIR,0.65,2.75,4
high,155,0.3091,0.8516,0.1134,"High=155, Low=940",BSAM,0.65,2.75,4
high,155,0.3208,0.8839,0.0968,"High=155, Low=940",DILA,0.65,2.75,4
high,93,0.2903,0.871,0.0967,"High=93, Low=564",Control,0.65,3.0,4
high,124,0.293,0.879,0.1033,"High=124, Low=752",DIR,0.65,3.0,4
high,155,0.2882,0.8645,0.1134,"High=155, Low=940",BSAM,0.65,3.0,4
high,155,0.2946,0.8839,0.0968,"High=155, Low=940",DILA,0.65,3.0,4
high,78,0.8974,0.4487,0.112,"High=78, Low=453",Control,0.7,0.5,4
high,104,0.8269,0.4135,0.1191,"High=104, Low=604",DIR,0.7,0.5,4
high,130,0.8462,0.4231,0.1291,"High=130, Low=755",BSAM,0.7,0.5,4
high,130,0.8462,0.4231,0.112,"High=130, Low=755",DILA,0.7,0.5,4
high,78,0.7627,0.5769,0.112,"High=78, Low=453",Control,0.7,0.75,4
high,104,0.7179,0.5385,0.1191,"High=104, Low=604",DIR,0.7,0.75,4
high,130,0.7245,0.5462,0.1291,"High=130, Low=755",BSAM,0.7,0.75,4
high,130,0.8061,0.6077,0.112,"High=130, Low=755",DILA,0.7,0.75,4
high,78,0.6538,0.6538,0.112,"High=78, Low=453",Control,0.7,1.0,4
high,104,0.625,0.625,0.1191,"High=104, Low=604",DIR,0.7,1.0,4
high,130,0.6077,0.6077,0.1291,"High=130, Low=755",BSAM,0.7,1.0,4
high,130,0.7,0.7,0.112,"High=130, Low=755",DILA,0.7,1.0,4
high,78,0.5714,0.7179,0.112,"High=78, Low=453",Control,0.7,1.25,4
high,104,0.5769,0.7212,0.1191,"High=104, Low=604",DIR,0.7,1.25,4
high,130,0.5215,0.6538,0.1291,"High=130, Low=755",BSAM,0.7,1.25,4
high,130,0.6012,0.7538,0.112,"High=130, Low=755",DILA,0.7,1.25,4
high,78,0.4872,0.7308,0.112,"High=78, Low=453",Control,0.7,1.5,4
high,104,0.5064,0.7596,0.1191,"High=104, Low=604",DIR,0.7,1.5,4
high,130,0.4923,0.7385,0.1291,"High=130, Low=755",BSAM,0.7,1.5,4
high,130,0.5333,0.8,0.112,"High=130, Low=755",DILA,0.7,1.5,4
high,78,0.438,0.7692,0.112,"High=78, Low=453",Control,0.7,1.75,4
high,104,0.4396,0.7692,0.1191,"High=104, Low=604",DIR,0.7,1.75,4
high,130,0.4342,0.7615,0.1291,"High=130, Low=755",BSAM,0.7,1.75,4
high,130,0.4693,0.8231,0.112,"High=130, Low=755",DILA,0.7,1.75,4
high,78,0.4038,0.8077,0.112,"High=78, Low=453",Control,0.7,2.0,4
high,104,0.3894,0.7788,0.1191,"High=104, Low=604",DIR,0.7,2.0,4
high,130,0.3923,0.7846,0.1291,"High=130, Low=755",BSAM,0.7,2.0,4
high,130,0.4154,0.8308,0.112,"High=130, Low=755",DILA,0.7,2.0,4
high,78,0.375,0.8462,0.112,"High=78, Low=453",Control,0.7,2.25,4
high,104,0.3462,0.7788,0.1191,"High=104, Low=604",DIR,0.7,2.25,4
high,130,0.3549,0.8,0.1291,"High=130, Low=755",BSAM,0.7,2.25,4
high,130,0.3686,0.8308,0.112,"High=130, Low=755",DILA,0.7,2.25,4
high,78,0.3385,0.8462,0.112,"High=78, Low=453",Control,0.7,2.5,4
high,104,0.3192,0.7981,0.1191,"High=104, Low=604",DIR,0.7,2.5,4
high,130,0.3231,0.8077,0.1291,"High=130, Low=755",BSAM,0.7,2.5,4
high,130,0.3323,0.8308,0.112,"High=130, Low=755",DILA,0.7,2.5,4
high,78,0.307,0.8462,0.112,"High=78, Low=453",Control,0.7,2.75,4
high,104,0.2937,0.8077,0.1191,"High=104, Low=604",DIR,0.7,2.75,4
high,130,0.2961,0.8154,0.1291,"High=130, Low=755",BSAM,0.7,2.75,4
high,130,0.3073,0.8462,0.112,"High=130, Low=755",DILA,0.7,2.75,4
high,78,0.2821,0.8462,0.112,"High=78, Low=453",Control,0.7,3.0,4
high,104,0.2788,0.8365,0.1191,"High=104, Low=604",DIR,0.7,3.0,4
high,130,0.2744,0.8231,0.1291,"High=130, Low=755",BSAM,0.7,3.0,4
high,130,0.2821,0.8462,0.112,"High=130, Low=755",DILA,0.7,3.0,4
high,66,0.8788,0.4394,0.1262,"High=66, Low=354",Control,0.75,0.5,4
high,88,0.8182,0.4091,0.1337,"High=88, Low=472",DIR,0.75,0.5,4
high,110,0.8545,0.4273,0.1443,"High=110, Low=590",BSAM,0.75,0.5,4
high,110,0.8,0.4,0.1284,"High=110, Low=590",DILA,0.75,0.5,4
high,66,0.76,0.5758,0.1262,"High=66, Low=354",Control,0.75,0.75,4
high,88,0.6818,0.5114,0.1337,"High=88, Low=472",DIR,0.75,0.75,4
high,110,0.6988,0.5273,0.1443,"High=110, Low=590",BSAM,0.75,0.75,4
high,110,0.759,0.5727,0.1284,"High=110, Low=590",DILA,0.75,0.75,4
high,66,0.6515,0.6515,0.1262,"High=66, Low=354",Control,0.75,1.0,4
high,88,0.5909,0.5909,0.1337,"High=88, Low=472",DIR,0.75,1.0,4
high,110,0.6273,0.6273,0.1443,"High=110, Low=590",BSAM,0.75,1.0,4
high,110,0.6636,0.6636,0.1284,"High=110, Low=590",DILA,0.75,1.0,4
high,66,0.5301,0.6667,0.1262,"High=66, Low=354",Control,0.75,1.25,4
high,88,0.5364,0.6705,0.1337,"High=88, Low=472",DIR,0.75,1.25,4
high,110,0.5435,0.6818,0.1443,"High=110, Low=590",BSAM,0.75,1.25,4
high,110,0.5652,0.7091,0.1284,"High=110, Low=590",DILA,0.75,1.25,4
high,66,0.4747,0.7121,0.1262,"High=66, Low=354",Control,0.75,1.5,4
high,88,0.4848,0.7273,0.1337,"High=88, Low=472",DIR,0.75,1.5,4
high,110,0.4667,0.7,0.1443,"High=110, Low=590",BSAM,0.75,1.5,4
high,110,0.4788,0.7182,0.1284,"High=110, Low=590",DILA,0.75,1.5,4
high,66,0.4052,0.7121,0.1262,"High=66, Low=354",Control,0.75,1.75,4
high,88,0.4221,0.7386,0.1337,"High=88, Low=472",DIR,0.75,1.75,4
high,110,0.4145,0.7273,0.1443,"High=110, Low=590",BSAM,0.75,1.75,4
high,110,0.4301,0.7545,0.1284,"High=110, Low=590",DILA,0.75,1.75,4
high,66,0.3636,0.7273,0.1262,"High=66, Low=354",Control,0.75,2.0,4
high,88,0.3693,0.7386,0.1337,"High=88, Low=472",DIR,0.75,2.0,4
high,110,0.3727,0.7455,0.1443,"High=110, Low=590",BSAM,0.75,2.0,4
high,110,0.3864,0.7727,0.1284,"High=110, Low=590",DILA,0.75,2.0,4
high,66,0.349,0.7879,0.1262,"High=66, Low=354",Control,0.75,2.25,4
high,88,0.3384,0.7614,0.1337,"High=88, Low=472",DIR,0.75,2.25,4
high,110,0.3306,0.7455,0.1443,"High=110, Low=590",BSAM,0.75,2.25,4
high,110,0.3508,0.7909,0.1284,"High=110, Low=590",DILA,0.75,2.25,4
high,66,0.3212,0.803,0.1262,"High=66, Low=354",Control,0.75,2.5,4
high,88,0.3045,0.7614,0.1337,"High=88, Low=472",DIR,0.75,2.5,4
high,110,0.3018,0.7545,0.1443,"High=110, Low=590",BSAM,0.75,2.5,4
high,110,0.32,0.8,0.1284,"High=110, Low=590",DILA,0.75,2.5,4
high,66,0.2967,0.8182,0.1262,"High=66, Low=354",Control,0.75,2.75,4
high,88,0.281,0.7727,0.1337,"High=88, Low=472",DIR,0.75,2.75,4
high,110,0.2772,0.7636,0.1443,"High=110, Low=590",BSAM,0.75,2.75,4
high,110,0.2904,0.8,0.1284,"High=110, Low=590",DILA,0.75,2.75,4
high,66,0.2727,0.8182,0.1262,"High=66, Low=354",Control,0.75,3.0,4
high,88,0.2614,0.7841,0.1337,"High=88, Low=472",DIR,0.75,3.0,4
high,110,0.2576,0.7727,0.1443,"High=110, Low=590",BSAM,0.75,3.0,4
high,110,0.2697,0.8091,0.1284,"High=110, Low=590",DILA,0.75,3.0,4
high,39,0.85,0.4359,0.1947,"High=39, Low=225",Control,0.8,0.5,4
high,52,0.8462,0.4231,0.2026,"High=52, Low=300",DIR,0.8,0.5,4
high,65,0.7273,0.3692,0.2212,"High=65, Low=375",BSAM,0.8,0.5,4
high,65,0.9091,0.4615,0.2014,"High=65, Low=375",DILA,0.8,0.5,4
high,39,0.6667,0.5128,0.1947,"High=39, Low=225",Control,0.8,0.75,4
high,52,0.7179,0.5385,0.2026,"High=52, Low=300",DIR,0.8,0.75,4
high,65,0.5918,0.4462,0.2212,"High=65, Low=375",BSAM,0.8,0.75,4
high,65,0.7347,0.5538,0.2014,"High=65, Low=375",DILA,0.8,0.75,4
high,39,0.5385,0.5385,0.1947,"High=39, Low=225",Control,0.8,1.0,4
high,52,0.5962,0.5962,0.2026,"High=52, Low=300",DIR,0.8,1.0,4
high,65,0.5077,0.5077,0.2212,"High=65, Low=375",BSAM,0.8,1.0,4
high,65,0.5538,0.5538,0.2014,"High=65, Low=375",DILA,0.8,1.0,4
high,39,0.4286,0.5385,0.1947,"High=39, Low=225",Control,0.8,1.25,4
high,52,0.4769,0.5962,0.2026,"High=52, Low=300",DIR,0.8,1.25,4
high,65,0.4146,0.5231,0.2212,"High=65, Low=375",BSAM,0.8,1.25,4
high,65,0.4512,0.5692,0.2014,"High=65, Low=375",DILA,0.8,1.25,4
high,39,0.3729,0.5641,0.1947,"High=39, Low=225",Control,0.8,1.5,4
high,52,0.3974,0.5962,0.2026,"High=52, Low=300",DIR,0.8,1.5,4
high,65,0.3673,0.5538,0.2212,"High=65, Low=375",BSAM,0.8,1.5,4
high,65,0.3878,0.5846,0.2014,"High=65, Low=375",DILA,0.8,1.5,4
high,39,0.3188,0.5641,0.1947,"High=39, Low=225",Control,0.8,1.75,4
high,52,0.3407,0.5962,0.2026,"High=52, Low=300",DIR,0.8,1.75,4
high,65,0.3246,0.5692,0.2212,"High=65, Low=375",BSAM,0.8,1.75,4
high,65,0.3333,0.5846,0.2014,"High=65, Low=375",DILA,0.8,1.75,4
high,39,0.2821,0.5641,0.1947,"High=39, Low=225",Control,0.8,2.0,4
high,52,0.2981,0.5962,0.2026,"High=52, Low=300",DIR,0.8,2.0,4
high,65,0.2846,0.5692,0.2212,"High=65, Low=375",BSAM,0.8,2.0,4
high,65,0.3077,0.6154,0.2014,"High=65, Low=375",DILA,0.8,2.0,4
high,39,0.25,0.5641,0.1947,"High=39, Low=225",Control,0.8,2.25,4
high,52,0.2735,0.6154,0.2026,"High=52, Low=300",DIR,0.8,2.25,4
high,65,0.2585,0.5846,0.2212,"High=65, Low=375",BSAM,0.8,2.25,4
high,65,0.2721,0.6154,0.2014,"High=65, Low=375",DILA,0.8,2.25,4
high,39,0.2347,0.5897,0.1947,"High=39, Low=225",Control,0.8,2.5,4
high,52,0.2462,0.6154,0.2026,"High=52, Low=300",DIR,0.8,2.5,4
high,65,0.2331,0.5846,0.2212,"High=65, Low=375",BSAM,0.8,2.5,4
high,65,0.2454,0.6154,0.2014,"High=65, Low=375",DILA,0.8,2.5,4
high,39,0.213,0.5897,0.1947,"High=39, Low=225",Control,0.8,2.75,4
high,52,0.2238,0.6154,0.2026,"High=52, Low=300",DIR,0.8,2.75,4
high,65,0.2235,0.6154,0.2212,"High=65, Low=375",BSAM,0.8,2.75,4
high,65,0.2235,0.6154,0.2014,"High=65, Low=375",DILA,0.8,2.75,4
high,39,0.1966,0.5897,0.1947,"High=39, Low=225",Control,0.8,3.0,4
high,52,0.2051,0.6154,0.2026,"High=52, Low=300",DIR,0.8,3.0,4
high,65,0.2051,0.6154,0.2212,"High=65, Low=375",BSAM,0.8,3.0,4
high,65,0.2103,0.6308,0.2014,"High=65, Low=375",DILA,0.8,3.0,4
high,33,0.8824,0.4545,0.2148,"High=33, Low=180",Control,0.8500000000000001,0.5,4
high,44,0.8636,0.4318,0.2254,"High=44, Low=240",DIR,0.8500000000000001,0.5,4
high,55,0.8214,0.4182,0.2412,"High=55, Low=300",BSAM,0.8500000000000001,0.5,4
high,55,0.9643,0.4909,0.2233,"High=55, Low=300",DILA,0.8500000000000001,0.5,4
high,33,0.8,0.6061,0.2148,"High=33, Low=180",Control,0.8500000000000001,0.75,4
high,44,0.7273,0.5455,0.2254,"High=44, Low=240",DIR,0.8500000000000001,0.75,4
high,55,0.6429,0.4909,0.2412,"High=55, Low=300",BSAM,0.8500000000000001,0.75,4
high,55,0.8095,0.6182,0.2233,"High=55, Low=300",DILA,0.8500000000000001,0.75,4
high,33,0.6061,0.6061,0.2148,"High=33, Low=180",Control,0.8500000000000001,1.0,4
high,44,0.6364,0.6364,0.2254,"High=44, Low=240",DIR,0.8500000000000001,1.0,4
high,55,0.5636,0.5636,0.2412,"High=55, Low=300",BSAM,0.8500000000000001,1.0,4
high,55,0.6364,0.6364,0.2233,"High=55, Low=300",DILA,0.8500000000000001,1.0,4
high,33,0.4762,0.6061,0.2148,"High=33, Low=180",Control,0.8500000000000001,1.25,4
high,44,0.5091,0.6364,0.2254,"High=44, Low=240",DIR,0.8500000000000001,1.25,4
high,55,0.4638,0.5818,0.2412,"High=55, Low=300",BSAM,0.8500000000000001,1.25,4
high,55,0.5072,0.6364,0.2233,"High=55, Low=300",DILA,0.8500000000000001,1.25,4
high,33,0.4,0.6061,0.2148,"High=33, Low=180",Control,0.8500000000000001,1.5,4
high,44,0.4242,0.6364,0.2254,"High=44, Low=240",DIR,0.8500000000000001,1.5,4
high,55,0.3976,0.6,0.2412,"High=55, Low=300",BSAM,0.8500000000000001,1.5,4
high,55,0.4217,0.6364,0.2233,"High=55, Low=300",DILA,0.8500000000000001,1.5,4
high,33,0.3621,0.6364,0.2148,"High=33, Low=180",Control,0.8500000000000001,1.75,4
high,44,0.3636,0.6364,0.2254,"High=44, Low=240",DIR,0.8500000000000001,1.75,4
high,55,0.3505,0.6182,0.2412,"High=55, Low=300",BSAM,0.8500000000000001,1.75,4
high,55,0.3608,0.6364,0.2233,"High=55, Low=300",DILA,0.8500000000000001,1.75,4
high,33,0.3182,0.6364,0.2148,"High=33, Low=180",Control,0.8500000000000001,2.0,4
high,44,0.3182,0.6364,0.2254,"High=44, Low=240",DIR,0.8500000000000001,2.0,4
high,55,0.3091,0.6182,0.2412,"High=55, Low=300",BSAM,0.8500000000000001,2.0,4
high,55,0.3182,0.6364,0.2233,"High=55, Low=300",DILA,0.8500000000000001,2.0,4
high,33,0.28,0.6364,0.2148,"High=33, Low=180",Control,0.8500000000000001,2.25,4
high,44,0.2828,0.6364,0.2254,"High=44, Low=240",DIR,0.8500000000000001,2.25,4
high,55,0.2742,0.6182,0.2412,"High=55, Low=300",BSAM,0.8500000000000001,2.25,4
high,55,0.2823,0.6364,0.2233,"High=55, Low=300",DILA,0.8500000000000001,2.25,4
high,33,0.253,0.6364,0.2148,"High=33, Low=180",Control,0.8500000000000001,2.5,4
high,44,0.2545,0.6364,0.2254,"High=44, Low=240",DIR,0.8500000000000001,2.5,4
high,55,0.2464,0.6182,0.2412,"High=55, Low=300",BSAM,0.8500000000000001,2.5,4
high,55,0.2536,0.6364,0.2233,"High=55, Low=300",DILA,0.8500000000000001,2.5,4
high,33,0.2308,0.6364,0.2148,"High=33, Low=180",Control,0.8500000000000001,2.75,4
high,44,0.2314,0.6364,0.2254,"High=44, Low=240",DIR,0.8500000000000001,2.75,4
high,55,0.2237,0.6182,0.2412,"High=55, Low=300",BSAM,0.8500000000000001,2.75,4
high,55,0.2303,0.6364,0.2233,"High=55, Low=300",DILA,0.8500000000000001,2.75,4
high,33,0.2121,0.6364,0.2148,"High=33, Low=180",Control,0.8500000000000001,3.0,4
high,44,0.2121,0.6364,0.2254,"High=44, Low=240",DIR,0.8500000000000001,3.0,4
high,55,0.2061,0.6182,0.2412,"High=55, Low=300",BSAM,0.8500000000000001,3.0,4
high,55,0.2121,0.6364,0.2233,"High=55, Low=300",DILA,0.8500000000000001,3.0,4
high,21,0.7273,0.381,0.3278,"High=21, Low=111",Control,0.9,0.5,4
high,28,0.7143,0.3571,0.3434,"High=28, Low=148",DIR,0.9,0.5,4
high,35,0.6667,0.3429,0.3612,"High=35, Low=185",BSAM,0.9,0.5,4
high,35,0.7222,0.3714,0.3401,"High=35, Low=185",DILA,0.9,0.5,4
high,21,0.5625,0.4286,0.3278,"High=21, Low=111",Control,0.9,0.75,4
high,28,0.5238,0.3929,0.3434,"High=28, Low=148",DIR,0.9,0.75,4
high,35,0.4815,0.3714,0.3612,"High=35, Low=185",BSAM,0.9,0.75,4
high,35,0.5185,0.4,0.3401,"High=35, Low=185",DILA,0.9,0.75,4
high,21,0.4286,0.4286,0.3278,"High=21, Low=111",Control,0.9,1.0,4
high,28,0.3929,0.3929,0.3434,"High=28, Low=148",DIR,0.9,1.0,4
high,35,0.4,0.4,0.3612,"High=35, Low=185",BSAM,0.9,1.0,4
high,35,0.4286,0.4286,0.3401,"High=35, Low=185",DILA,0.9,1.0,4
high,21,0.3333,0.4286,0.3278,"High=21, Low=111",Control,0.9,1.25,4
high,28,0.3143,0.3929,0.3434,"High=28, Low=148",DIR,0.9,1.25,4
high,35,0.3182,0.4,0.3612,"High=35, Low=185",BSAM,0.9,1.25,4
high,35,0.3409,0.4286,0.3401,"High=35, Low=185",DILA,0.9,1.25,4
high,21,0.2812,0.4286,0.3278,"High=21, Low=111",Control,0.9,1.5,4
high,28,0.2619,0.3929,0.3434,"High=28, Low=148",DIR,0.9,1.5,4
high,35,0.2642,0.4,0.3612,"High=35, Low=185",BSAM,0.9,1.5,4
high,35,0.283,0.4286,0.3401,"High=35, Low=185",DILA,0.9,1.5,4
high,21,0.2432,0.4286,0.3278,"High=21, Low=111",Control,0.9,1.75,4
high,28,0.2449,0.4286,0.3434,"High=28, Low=148",DIR,0.9,1.75,4
high,35,0.2258,0.4,0.3612,"High=35, Low=185",BSAM,0.9,1.75,4
high,35,0.2419,0.4286,0.3401,"High=35, Low=185",DILA,0.9,1.75,4
high,21,0.2143,0.4286,0.3278,"High=21, Low=111",Control,0.9,2.0,4
high,28,0.2143,0.4286,0.3434,"High=28, Low=148",DIR,0.9,2.0,4
high,35,0.2,0.4,0.3612,"High=35, Low=185",BSAM,0.9,2.0,4
high,35,0.2143,0.4286,0.3401,"High=35, Low=185",DILA,0.9,2.0,4
high,21,0.1875,0.4286,0.3278,"High=21, Low=111",Control,0.9,2.25,4
high,28,0.1905,0.4286,0.3434,"High=28, Low=148",DIR,0.9,2.25,4
high,35,0.1772,0.4,0.3612,"High=35, Low=185",BSAM,0.9,2.25,4
high,35,0.1899,0.4286,0.3401,"High=35, Low=185",DILA,0.9,2.25,4
high,21,0.1698,0.4286,0.3278,"High=21, Low=111",Control,0.9,2.5,4
high,28,0.1714,0.4286,0.3434,"High=28, Low=148",DIR,0.9,2.5,4
high,35,0.1591,0.4,0.3612,"High=35, Low=185",BSAM,0.9,2.5,4
high,35,0.1705,0.4286,0.3401,"High=35, Low=185",DILA,0.9,2.5,4
high,21,0.1552,0.4286,0.3278,"High=21, Low=111",Control,0.9,2.75,4
high,28,0.1558,0.4286,0.3434,"High=28, Low=148",DIR,0.9,2.75,4
high,35,0.1443,0.4,0.3612,"High=35, Low=185",BSAM,0.9,2.75,4
high,35,0.1546,0.4286,0.3401,"High=35, Low=185",DILA,0.9,2.75,4
high,21,0.1429,0.4286,0.3278,"High=21, Low=111",Control,0.9,3.0,4
high,28,0.1429,0.4286,0.3434,"High=28, Low=148",DIR,0.9,3.0,4
high,35,0.1333,0.4,0.3612,"High=35, Low=185",BSAM,0.9,3.0,4
high,35,0.1429,0.4286,0.3401,"High=35, Low=185",DILA,0.9,3.0,4
