Discovery Mode,Tail Size (GT),Extrap. Precision,Tail Recall,Tail MAE,Breakdown,Method,Rel Threshold,Budget Ratio,Fold
high,540,0.8815,0.4407,0.0792,"High=540, Low=1250",Control,0.5,0.5,0
high,540,0.8519,0.4259,0.0814,"High=540, Low=1250",DIR,0.5,0.5,0
high,540,0.8778,0.4389,0.0788,"High=540, Low=1250",BSAM,0.5,0.5,0
high,540,0.8407,0.4204,0.0828,"High=540, Low=1250",DILA,0.5,0.5,0
high,540,0.7926,0.5944,0.0792,"High=540, Low=1250",Control,0.5,0.75,0
high,540,0.7827,0.587,0.0814,"High=540, Low=1250",DIR,0.5,0.75,0
high,540,0.8123,0.6093,0.0788,"High=540, Low=1250",BSAM,0.5,0.75,0
high,540,0.758,0.5685,0.0828,"High=540, Low=1250",DILA,0.5,0.75,0
high,540,0.713,0.713,0.0792,"High=540, Low=1250",Control,0.5,1.0,0
high,540,0.7,0.7,0.0814,"High=540, Low=1250",DIR,0.5,1.0,0
high,540,0.7389,0.7389,0.0788,"High=540, Low=1250",BSAM,0.5,1.0,0
high,540,0.6981,0.6981,0.0828,"High=540, Low=1250",DILA,0.5,1.0,0
high,540,0.6385,0.7981,0.0792,"High=540, Low=1250",Control,0.5,1.25,0
high,540,0.6222,0.7778,0.0814,"High=540, Low=1250",DIR,0.5,1.25,0
high,540,0.6519,0.8148,0.0788,"High=540, Low=1250",BSAM,0.5,1.25,0
high,540,0.6252,0.7815,0.0828,"High=540, Low=1250",DILA,0.5,1.25,0
high,540,0.5617,0.8426,0.0792,"High=540, Low=1250",Control,0.5,1.5,0
high,540,0.558,0.837,0.0814,"High=540, Low=1250",DIR,0.5,1.5,0
high,540,0.5716,0.8574,0.0788,"High=540, Low=1250",BSAM,0.5,1.5,0
high,540,0.5617,0.8426,0.0828,"High=540, Low=1250",DILA,0.5,1.5,0
high,540,0.5005,0.8759,0.0792,"High=540, Low=1250",Control,0.5,1.75,0
high,540,0.5058,0.8852,0.0814,"High=540, Low=1250",DIR,0.5,1.75,0
high,540,0.5111,0.8944,0.0788,"High=540, Low=1250",BSAM,0.5,1.75,0
high,540,0.5048,0.8833,0.0828,"High=540, Low=1250",DILA,0.5,1.75,0
high,540,0.4537,0.9074,0.0792,"High=540, Low=1250",Control,0.5,2.0,0
high,540,0.4546,0.9093,0.0814,"High=540, Low=1250",DIR,0.5,2.0,0
high,540,0.4574,0.9148,0.0788,"High=540, Low=1250",BSAM,0.5,2.0,0
high,540,0.4602,0.9204,0.0828,"High=540, Low=1250",DILA,0.5,2.0,0
high,540,0.4091,0.9204,0.0792,"High=540, Low=1250",Control,0.5,2.25,0
high,540,0.4115,0.9259,0.0814,"High=540, Low=1250",DIR,0.5,2.25,0
high,540,0.4132,0.9296,0.0788,"High=540, Low=1250",BSAM,0.5,2.25,0
high,540,0.4173,0.9389,0.0828,"High=540, Low=1250",DILA,0.5,2.25,0
high,540,0.3748,0.937,0.0792,"High=540, Low=1250",Control,0.5,2.5,0
high,540,0.377,0.9426,0.0814,"High=540, Low=1250",DIR,0.5,2.5,0
high,540,0.3763,0.9407,0.0788,"High=540, Low=1250",BSAM,0.5,2.5,0
high,540,0.3793,0.9481,0.0828,"High=540, Low=1250",DILA,0.5,2.5,0
high,540,0.3455,0.95,0.0792,"High=540, Low=1250",Control,0.5,2.75,0
high,540,0.3448,0.9481,0.0814,"High=540, Low=1250",DIR,0.5,2.75,0
high,540,0.3434,0.9444,0.0788,"High=540, Low=1250",BSAM,0.5,2.75,0
high,540,0.3475,0.9556,0.0828,"High=540, Low=1250",DILA,0.5,2.75,0
high,540,0.3173,0.9519,0.0792,"High=540, Low=1250",Control,0.5,3.0,0
high,540,0.3179,0.9537,0.0814,"High=540, Low=1250",DIR,0.5,3.0,0
high,540,0.3167,0.95,0.0788,"High=540, Low=1250",BSAM,0.5,3.0,0
high,540,0.3185,0.9556,0.0828,"High=540, Low=1250",DILA,0.5,3.0,0
high,465,0.8927,0.4473,0.0803,"High=465, Low=1120",Control,0.55,0.5,0
high,465,0.8884,0.4452,0.0807,"High=465, Low=1120",DIR,0.55,0.5,0
high,465,0.9056,0.4538,0.0785,"High=465, Low=1120",BSAM,0.55,0.5,0
high,465,0.8498,0.4258,0.0818,"High=465, Low=1120",DILA,0.55,0.5,0
high,465,0.8223,0.6172,0.0803,"High=465, Low=1120",Control,0.55,0.75,0
high,465,0.808,0.6065,0.0807,"High=465, Low=1120",DIR,0.55,0.75,0
high,465,0.8338,0.6258,0.0785,"High=465, Low=1120",BSAM,0.55,0.75,0
high,465,0.7736,0.5806,0.0818,"High=465, Low=1120",DILA,0.55,0.75,0
high,465,0.7118,0.7118,0.0803,"High=465, Low=1120",Control,0.55,1.0,0
high,465,0.7097,0.7097,0.0807,"High=465, Low=1120",DIR,0.55,1.0,0
high,465,0.7441,0.7441,0.0785,"High=465, Low=1120",BSAM,0.55,1.0,0
high,465,0.7097,0.7097,0.0818,"High=465, Low=1120",DILA,0.55,1.0,0
high,465,0.6357,0.7957,0.0803,"High=465, Low=1120",Control,0.55,1.25,0
high,465,0.622,0.7785,0.0807,"High=465, Low=1120",DIR,0.55,1.25,0
high,465,0.6581,0.8237,0.0785,"High=465, Low=1120",BSAM,0.55,1.25,0
high,465,0.6375,0.7978,0.0818,"High=465, Low=1120",DILA,0.55,1.25,0
high,465,0.5645,0.8473,0.0803,"High=465, Low=1120",Control,0.55,1.5,0
high,465,0.5573,0.8366,0.0807,"High=465, Low=1120",DIR,0.55,1.5,0
high,465,0.5788,0.8688,0.0785,"High=465, Low=1120",BSAM,0.55,1.5,0
high,465,0.5659,0.8495,0.0818,"High=465, Low=1120",DILA,0.55,1.5,0
high,465,0.5,0.8753,0.0803,"High=465, Low=1120",Control,0.55,1.75,0
high,465,0.5,0.8753,0.0807,"High=465, Low=1120",DIR,0.55,1.75,0
high,465,0.5111,0.8946,0.0785,"High=465, Low=1120",BSAM,0.55,1.75,0
high,465,0.5098,0.8925,0.0818,"High=465, Low=1120",DILA,0.55,1.75,0
high,465,0.4473,0.8946,0.0803,"High=465, Low=1120",Control,0.55,2.0,0
high,465,0.4581,0.9161,0.0807,"High=465, Low=1120",DIR,0.55,2.0,0
high,465,0.4602,0.9204,0.0785,"High=465, Low=1120",BSAM,0.55,2.0,0
high,465,0.4591,0.9183,0.0818,"High=465, Low=1120",DILA,0.55,2.0,0
high,465,0.4088,0.9204,0.0803,"High=465, Low=1120",Control,0.55,2.25,0
high,465,0.4164,0.9376,0.0807,"High=465, Low=1120",DIR,0.55,2.25,0
high,465,0.4136,0.9312,0.0785,"High=465, Low=1120",BSAM,0.55,2.25,0
high,465,0.4193,0.9441,0.0818,"High=465, Low=1120",DILA,0.55,2.25,0
high,465,0.3697,0.9247,0.0803,"High=465, Low=1120",Control,0.55,2.5,0
high,465,0.3792,0.9484,0.0807,"High=465, Low=1120",DIR,0.55,2.5,0
high,465,0.3758,0.9398,0.0785,"High=465, Low=1120",BSAM,0.55,2.5,0
high,465,0.3818,0.9548,0.0818,"High=465, Low=1120",DILA,0.55,2.5,0
high,465,0.3409,0.9376,0.0803,"High=465, Low=1120",Control,0.55,2.75,0
high,465,0.3479,0.957,0.0807,"High=465, Low=1120",DIR,0.55,2.75,0
high,465,0.3448,0.9484,0.0785,"High=465, Low=1120",BSAM,0.55,2.75,0
high,465,0.3503,0.9634,0.0818,"High=465, Low=1120",DILA,0.55,2.75,0
high,465,0.3168,0.9505,0.0803,"High=465, Low=1120",Control,0.55,3.0,0
high,465,0.3197,0.9591,0.0807,"High=465, Low=1120",DIR,0.55,3.0,0
high,465,0.319,0.957,0.0785,"High=465, Low=1120",BSAM,0.55,3.0,0
high,465,0.3233,0.9699,0.0818,"High=465, Low=1120",DILA,0.55,3.0,0
high,405,0.8719,0.437,0.0815,"High=405, Low=920",Control,0.6,0.5,0
high,405,0.8768,0.4395,0.0836,"High=405, Low=920",DIR,0.6,0.5,0
high,405,0.8966,0.4494,0.0814,"High=405, Low=920",BSAM,0.6,0.5,0
high,405,0.8276,0.4148,0.083,"High=405, Low=920",DILA,0.6,0.5,0
high,405,0.8092,0.6074,0.0815,"High=405, Low=920",Control,0.6,0.75,0
high,405,0.7895,0.5926,0.0836,"High=405, Low=920",DIR,0.6,0.75,0
high,405,0.8059,0.6049,0.0814,"High=405, Low=920",BSAM,0.6,0.75,0
high,405,0.773,0.5802,0.083,"High=405, Low=920",DILA,0.6,0.75,0
high,405,0.7136,0.7136,0.0815,"High=405, Low=920",Control,0.6,1.0,0
high,405,0.7037,0.7037,0.0836,"High=405, Low=920",DIR,0.6,1.0,0
high,405,0.7457,0.7457,0.0814,"High=405, Low=920",BSAM,0.6,1.0,0
high,405,0.6963,0.6963,0.083,"High=405, Low=920",DILA,0.6,1.0,0
high,405,0.6233,0.7802,0.0815,"High=405, Low=920",Control,0.6,1.25,0
high,405,0.6114,0.7654,0.0836,"High=405, Low=920",DIR,0.6,1.25,0
high,405,0.643,0.8049,0.0814,"High=405, Low=920",BSAM,0.6,1.25,0
high,405,0.6312,0.7901,0.083,"High=405, Low=920",DILA,0.6,1.25,0
high,405,0.5493,0.8247,0.0815,"High=405, Low=920",Control,0.6,1.5,0
high,405,0.5362,0.8049,0.0836,"High=405, Low=920",DIR,0.6,1.5,0
high,405,0.5724,0.8593,0.0814,"High=405, Low=920",BSAM,0.6,1.5,0
high,405,0.5641,0.8469,0.083,"High=405, Low=920",DILA,0.6,1.5,0
high,405,0.4951,0.8667,0.0815,"High=405, Low=920",Control,0.6,1.75,0
high,405,0.4852,0.8494,0.0836,"High=405, Low=920",DIR,0.6,1.75,0
high,405,0.5063,0.8864,0.0814,"High=405, Low=920",BSAM,0.6,1.75,0
high,405,0.5007,0.8765,0.083,"High=405, Low=920",DILA,0.6,1.75,0
high,405,0.4383,0.8765,0.0815,"High=405, Low=920",Control,0.6,2.0,0
high,405,0.4395,0.879,0.0836,"High=405, Low=920",DIR,0.6,2.0,0
high,405,0.4481,0.8963,0.0814,"High=405, Low=920",BSAM,0.6,2.0,0
high,405,0.4519,0.9037,0.083,"High=405, Low=920",DILA,0.6,2.0,0
high,405,0.3958,0.8914,0.0815,"High=405, Low=920",Control,0.6,2.25,0
high,405,0.4024,0.9062,0.0836,"High=405, Low=920",DIR,0.6,2.25,0
high,405,0.4068,0.916,0.0814,"High=405, Low=920",BSAM,0.6,2.25,0
high,405,0.4112,0.9259,0.083,"High=405, Low=920",DILA,0.6,2.25,0
high,405,0.3633,0.9086,0.0815,"High=405, Low=920",Control,0.6,2.5,0
high,405,0.3731,0.9333,0.0836,"High=405, Low=920",DIR,0.6,2.5,0
high,405,0.3702,0.9259,0.0814,"High=405, Low=920",BSAM,0.6,2.5,0
high,405,0.3771,0.9432,0.083,"High=405, Low=920",DILA,0.6,2.5,0
high,405,0.3366,0.9259,0.0815,"High=405, Low=920",Control,0.6,2.75,0
high,405,0.342,0.9407,0.0836,"High=405, Low=920",DIR,0.6,2.75,0
high,405,0.3384,0.9309,0.0814,"High=405, Low=920",BSAM,0.6,2.75,0
high,405,0.3465,0.9531,0.083,"High=405, Low=920",DILA,0.6,2.75,0
high,405,0.3119,0.9358,0.0815,"High=405, Low=920",Control,0.6,3.0,0
high,405,0.3169,0.9506,0.0836,"High=405, Low=920",DIR,0.6,3.0,0
high,405,0.3136,0.9407,0.0814,"High=405, Low=920",BSAM,0.6,3.0,0
high,405,0.3202,0.9605,0.083,"High=405, Low=920",DILA,0.6,3.0,0
high,365,0.8852,0.4438,0.0815,"High=365, Low=770",Control,0.65,0.5,0
high,365,0.8852,0.4438,0.0834,"High=365, Low=770",DIR,0.65,0.5,0
high,365,0.9071,0.4548,0.0818,"High=365, Low=770",BSAM,0.65,0.5,0
high,365,0.8251,0.4137,0.0859,"High=365, Low=770",DILA,0.65,0.5,0
high,365,0.8102,0.6082,0.0815,"High=365, Low=770",Control,0.65,0.75,0
high,365,0.7883,0.5918,0.0834,"High=365, Low=770",DIR,0.65,0.75,0
high,365,0.8066,0.6055,0.0818,"High=365, Low=770",BSAM,0.65,0.75,0
high,365,0.7774,0.5836,0.0859,"High=365, Low=770",DILA,0.65,0.75,0
high,365,0.7315,0.7315,0.0815,"High=365, Low=770",Control,0.65,1.0,0
high,365,0.7151,0.7151,0.0834,"High=365, Low=770",DIR,0.65,1.0,0
high,365,0.7397,0.7397,0.0818,"High=365, Low=770",BSAM,0.65,1.0,0
high,365,0.674,0.674,0.0859,"High=365, Low=770",DILA,0.65,1.0,0
high,365,0.6258,0.7836,0.0815,"High=365, Low=770",Control,0.65,1.25,0
high,365,0.6302,0.789,0.0834,"High=365, Low=770",DIR,0.65,1.25,0
high,365,0.6521,0.8164,0.0818,"High=365, Low=770",BSAM,0.65,1.25,0
high,365,0.6127,0.7671,0.0859,"High=365, Low=770",DILA,0.65,1.25,0
high,365,0.5493,0.8247,0.0815,"High=365, Low=770",Control,0.65,1.5,0
high,365,0.5511,0.8274,0.0834,"High=365, Low=770",DIR,0.65,1.5,0
high,365,0.5712,0.8575,0.0818,"High=365, Low=770",BSAM,0.65,1.5,0
high,365,0.5529,0.8301,0.0859,"High=365, Low=770",DILA,0.65,1.5,0
high,365,0.4914,0.8603,0.0815,"High=365, Low=770",Control,0.65,1.75,0
high,365,0.4851,0.8493,0.0834,"High=365, Low=770",DIR,0.65,1.75,0
high,365,0.5117,0.8959,0.0818,"High=365, Low=770",BSAM,0.65,1.75,0
high,365,0.4961,0.8685,0.0859,"High=365, Low=770",DILA,0.65,1.75,0
high,365,0.4466,0.8932,0.0815,"High=365, Low=770",Control,0.65,2.0,0
high,365,0.4438,0.8877,0.0834,"High=365, Low=770",DIR,0.65,2.0,0
high,365,0.4534,0.9068,0.0818,"High=365, Low=770",BSAM,0.65,2.0,0
high,365,0.4452,0.8904,0.0859,"High=365, Low=770",DILA,0.65,2.0,0
high,365,0.4002,0.9014,0.0815,"High=365, Low=770",Control,0.65,2.25,0
high,365,0.4002,0.9014,0.0834,"High=365, Low=770",DIR,0.65,2.25,0
high,365,0.4063,0.9151,0.0818,"High=365, Low=770",BSAM,0.65,2.25,0
high,365,0.4027,0.9068,0.0859,"High=365, Low=770",DILA,0.65,2.25,0
high,365,0.3625,0.9068,0.0815,"High=365, Low=770",Control,0.65,2.5,0
high,365,0.3669,0.9178,0.0834,"High=365, Low=770",DIR,0.65,2.5,0
high,365,0.3702,0.926,0.0818,"High=365, Low=770",BSAM,0.65,2.5,0
high,365,0.3691,0.9233,0.0859,"High=365, Low=770",DILA,0.65,2.5,0
high,365,0.3347,0.9205,0.0815,"High=365, Low=770",Control,0.65,2.75,0
high,365,0.3426,0.9425,0.0834,"High=365, Low=770",DIR,0.65,2.75,0
high,365,0.3386,0.9315,0.0818,"High=365, Low=770",BSAM,0.65,2.75,0
high,365,0.3416,0.9397,0.0859,"High=365, Low=770",DILA,0.65,2.75,0
high,365,0.3123,0.937,0.0815,"High=365, Low=770",Control,0.65,3.0,0
high,365,0.3151,0.9452,0.0834,"High=365, Low=770",DIR,0.65,3.0,0
high,365,0.3123,0.937,0.0818,"High=365, Low=770",BSAM,0.65,3.0,0
high,365,0.3178,0.9534,0.0859,"High=365, Low=770",DILA,0.65,3.0,0
high,295,0.9392,0.4712,0.0849,"High=295, Low=685",Control,0.7,0.5,0
high,295,0.8784,0.4407,0.0862,"High=295, Low=685",DIR,0.7,0.5,0
high,295,0.9122,0.4576,0.0852,"High=295, Low=685",BSAM,0.7,0.5,0
high,295,0.8108,0.4068,0.087,"High=295, Low=685",DILA,0.7,0.5,0
high,295,0.8153,0.6136,0.0849,"High=295, Low=685",Control,0.7,0.75,0
high,295,0.8153,0.6136,0.0862,"High=295, Low=685",DIR,0.7,0.75,0
high,295,0.8198,0.6169,0.0852,"High=295, Low=685",BSAM,0.7,0.75,0
high,295,0.7477,0.5627,0.087,"High=295, Low=685",DILA,0.7,0.75,0
high,295,0.7085,0.7085,0.0849,"High=295, Low=685",Control,0.7,1.0,0
high,295,0.6949,0.6949,0.0862,"High=295, Low=685",DIR,0.7,1.0,0
high,295,0.6881,0.6881,0.0852,"High=295, Low=685",BSAM,0.7,1.0,0
high,295,0.6644,0.6644,0.087,"High=295, Low=685",DILA,0.7,1.0,0
high,295,0.6098,0.7627,0.0849,"High=295, Low=685",Control,0.7,1.25,0
high,295,0.6043,0.7559,0.0862,"High=295, Low=685",DIR,0.7,1.25,0
high,295,0.626,0.7831,0.0852,"High=295, Low=685",BSAM,0.7,1.25,0
high,295,0.5799,0.7254,0.087,"High=295, Low=685",DILA,0.7,1.25,0
high,295,0.5237,0.7864,0.0849,"High=295, Low=685",Control,0.7,1.5,0
high,295,0.5395,0.8102,0.0862,"High=295, Low=685",DIR,0.7,1.5,0
high,295,0.5508,0.8271,0.0852,"High=295, Low=685",BSAM,0.7,1.5,0
high,295,0.526,0.7898,0.087,"High=295, Low=685",DILA,0.7,1.5,0
high,295,0.47,0.8237,0.0849,"High=295, Low=685",Control,0.7,1.75,0
high,295,0.4797,0.8407,0.0862,"High=295, Low=685",DIR,0.7,1.75,0
high,295,0.4855,0.8508,0.0852,"High=295, Low=685",BSAM,0.7,1.75,0
high,295,0.4758,0.8339,0.087,"High=295, Low=685",DILA,0.7,1.75,0
high,295,0.4288,0.8576,0.0849,"High=295, Low=685",Control,0.7,2.0,0
high,295,0.4254,0.8508,0.0862,"High=295, Low=685",DIR,0.7,2.0,0
high,295,0.4407,0.8814,0.0852,"High=295, Low=685",BSAM,0.7,2.0,0
high,295,0.4373,0.8746,0.087,"High=295, Low=685",DILA,0.7,2.0,0
high,295,0.3901,0.878,0.0849,"High=295, Low=685",Control,0.7,2.25,0
high,295,0.3855,0.8678,0.0862,"High=295, Low=685",DIR,0.7,2.25,0
high,295,0.3991,0.8983,0.0852,"High=295, Low=685",BSAM,0.7,2.25,0
high,295,0.3931,0.8847,0.087,"High=295, Low=685",DILA,0.7,2.25,0
high,295,0.3591,0.8983,0.0849,"High=295, Low=685",Control,0.7,2.5,0
high,295,0.3577,0.8949,0.0862,"High=295, Low=685",DIR,0.7,2.5,0
high,295,0.3645,0.9119,0.0852,"High=295, Low=685",BSAM,0.7,2.5,0
high,295,0.3604,0.9017,0.087,"High=295, Low=685",DILA,0.7,2.5,0
high,295,0.3264,0.8983,0.0849,"High=295, Low=685",Control,0.7,2.75,0
high,295,0.3276,0.9017,0.0862,"High=295, Low=685",DIR,0.7,2.75,0
high,295,0.3325,0.9153,0.0852,"High=295, Low=685",BSAM,0.7,2.75,0
high,295,0.3337,0.9186,0.087,"High=295, Low=685",DILA,0.7,2.75,0
high,295,0.3017,0.9051,0.0849,"High=295, Low=685",Control,0.7,3.0,0
high,295,0.3051,0.9153,0.0862,"High=295, Low=685",DIR,0.7,3.0,0
high,295,0.3085,0.9254,0.0852,"High=295, Low=685",BSAM,0.7,3.0,0
high,295,0.3107,0.9322,0.087,"High=295, Low=685",DILA,0.7,3.0,0
high,250,0.904,0.452,0.0859,"High=250, Low=585",Control,0.75,0.5,0
high,250,0.888,0.444,0.0853,"High=250, Low=585",DIR,0.75,0.5,0
high,250,0.904,0.452,0.0867,"High=250, Low=585",BSAM,0.75,0.5,0
high,250,0.816,0.408,0.0849,"High=250, Low=585",DILA,0.75,0.5,0
high,250,0.8298,0.624,0.0859,"High=250, Low=585",Control,0.75,0.75,0
high,250,0.7819,0.588,0.0853,"High=250, Low=585",DIR,0.75,0.75,0
high,250,0.8085,0.608,0.0867,"High=250, Low=585",BSAM,0.75,0.75,0
high,250,0.7287,0.548,0.0849,"High=250, Low=585",DILA,0.75,0.75,0
high,250,0.716,0.716,0.0859,"High=250, Low=585",Control,0.75,1.0,0
high,250,0.684,0.684,0.0853,"High=250, Low=585",DIR,0.75,1.0,0
high,250,0.704,0.704,0.0867,"High=250, Low=585",BSAM,0.75,1.0,0
high,250,0.66,0.66,0.0849,"High=250, Low=585",DILA,0.75,1.0,0
high,250,0.6102,0.764,0.0859,"High=250, Low=585",Control,0.75,1.25,0
high,250,0.5879,0.736,0.0853,"High=250, Low=585",DIR,0.75,1.25,0
high,250,0.607,0.76,0.0867,"High=250, Low=585",BSAM,0.75,1.25,0
high,250,0.5783,0.724,0.0849,"High=250, Low=585",DILA,0.75,1.25,0
high,250,0.5253,0.788,0.0859,"High=250, Low=585",Control,0.75,1.5,0
high,250,0.5253,0.788,0.0853,"High=250, Low=585",DIR,0.75,1.5,0
high,250,0.5333,0.8,0.0867,"High=250, Low=585",BSAM,0.75,1.5,0
high,250,0.512,0.768,0.0849,"High=250, Low=585",DILA,0.75,1.5,0
high,250,0.4543,0.796,0.0859,"High=250, Low=585",Control,0.75,1.75,0
high,250,0.4749,0.832,0.0853,"High=250, Low=585",DIR,0.75,1.75,0
high,250,0.4795,0.84,0.0867,"High=250, Low=585",BSAM,0.75,1.75,0
high,250,0.4658,0.816,0.0849,"High=250, Low=585",DILA,0.75,1.75,0
high,250,0.416,0.832,0.0859,"High=250, Low=585",Control,0.75,2.0,0
high,250,0.426,0.852,0.0853,"High=250, Low=585",DIR,0.75,2.0,0
high,250,0.43,0.86,0.0867,"High=250, Low=585",BSAM,0.75,2.0,0
high,250,0.426,0.852,0.0849,"High=250, Low=585",DILA,0.75,2.0,0
high,250,0.3801,0.856,0.0859,"High=250, Low=585",Control,0.75,2.25,0
high,250,0.3819,0.86,0.0853,"High=250, Low=585",DIR,0.75,2.25,0
high,250,0.389,0.876,0.0867,"High=250, Low=585",BSAM,0.75,2.25,0
high,250,0.389,0.876,0.0849,"High=250, Low=585",DILA,0.75,2.25,0
high,250,0.3488,0.872,0.0859,"High=250, Low=585",Control,0.75,2.5,0
high,250,0.3472,0.868,0.0853,"High=250, Low=585",DIR,0.75,2.5,0
high,250,0.36,0.9,0.0867,"High=250, Low=585",BSAM,0.75,2.5,0
high,250,0.3568,0.892,0.0849,"High=250, Low=585",DILA,0.75,2.5,0
high,250,0.3241,0.892,0.0859,"High=250, Low=585",Control,0.75,2.75,0
high,250,0.3212,0.884,0.0853,"High=250, Low=585",DIR,0.75,2.75,0
high,250,0.3299,0.908,0.0867,"High=250, Low=585",BSAM,0.75,2.75,0
high,250,0.327,0.9,0.0849,"High=250, Low=585",DILA,0.75,2.75,0
high,250,0.3,0.9,0.0859,"High=250, Low=585",Control,0.75,3.0,0
high,250,0.3013,0.904,0.0853,"High=250, Low=585",DIR,0.75,3.0,0
high,250,0.3067,0.92,0.0867,"High=250, Low=585",BSAM,0.75,3.0,0
high,250,0.3067,0.92,0.0849,"High=250, Low=585",DILA,0.75,3.0,0
high,185,0.8172,0.4108,0.0716,"High=185, Low=435",Control,0.8,0.5,0
high,185,0.7957,0.4,0.0713,"High=185, Low=435",DIR,0.8,0.5,0
high,185,0.7634,0.3838,0.0724,"High=185, Low=435",BSAM,0.8,0.5,0
high,185,0.7097,0.3568,0.0799,"High=185, Low=435",DILA,0.8,0.5,0
high,185,0.8058,0.6054,0.0716,"High=185, Low=435",Control,0.8,0.75,0
high,185,0.7698,0.5784,0.0713,"High=185, Low=435",DIR,0.8,0.75,0
high,185,0.7842,0.5892,0.0724,"High=185, Low=435",BSAM,0.8,0.75,0
high,185,0.6906,0.5189,0.0799,"High=185, Low=435",DILA,0.8,0.75,0
high,185,0.7351,0.7351,0.0716,"High=185, Low=435",Control,0.8,1.0,0
high,185,0.7081,0.7081,0.0713,"High=185, Low=435",DIR,0.8,1.0,0
high,185,0.7081,0.7081,0.0724,"High=185, Low=435",BSAM,0.8,1.0,0
high,185,0.6486,0.6486,0.0799,"High=185, Low=435",DILA,0.8,1.0,0
high,185,0.6595,0.827,0.0716,"High=185, Low=435",Control,0.8,1.25,0
high,185,0.6293,0.7892,0.0713,"High=185, Low=435",DIR,0.8,1.25,0
high,185,0.6422,0.8054,0.0724,"High=185, Low=435",BSAM,0.8,1.25,0
high,185,0.5819,0.7297,0.0799,"High=185, Low=435",DILA,0.8,1.25,0
high,185,0.5683,0.8541,0.0716,"High=185, Low=435",Control,0.8,1.5,0
high,185,0.5576,0.8378,0.0713,"High=185, Low=435",DIR,0.8,1.5,0
high,185,0.5576,0.8378,0.0724,"High=185, Low=435",BSAM,0.8,1.5,0
high,185,0.5216,0.7838,0.0799,"High=185, Low=435",DILA,0.8,1.5,0
high,185,0.5062,0.8865,0.0716,"High=185, Low=435",Control,0.8,1.75,0
high,185,0.4938,0.8649,0.0713,"High=185, Low=435",DIR,0.8,1.75,0
high,185,0.4907,0.8595,0.0724,"High=185, Low=435",BSAM,0.8,1.75,0
high,185,0.4691,0.8216,0.0799,"High=185, Low=435",DILA,0.8,1.75,0
high,185,0.4486,0.8973,0.0716,"High=185, Low=435",Control,0.8,2.0,0
high,185,0.4432,0.8865,0.0713,"High=185, Low=435",DIR,0.8,2.0,0
high,185,0.4459,0.8919,0.0724,"High=185, Low=435",BSAM,0.8,2.0,0
high,185,0.4189,0.8378,0.0799,"High=185, Low=435",DILA,0.8,2.0,0
high,185,0.3981,0.8973,0.0716,"High=185, Low=435",Control,0.8,2.25,0
high,185,0.4053,0.9135,0.0713,"High=185, Low=435",DIR,0.8,2.25,0
high,185,0.4125,0.9297,0.0724,"High=185, Low=435",BSAM,0.8,2.25,0
high,185,0.3813,0.8595,0.0799,"High=185, Low=435",DILA,0.8,2.25,0
high,185,0.365,0.9135,0.0716,"High=185, Low=435",Control,0.8,2.5,0
high,185,0.3672,0.9189,0.0713,"High=185, Low=435",DIR,0.8,2.5,0
high,185,0.3737,0.9351,0.0724,"High=185, Low=435",BSAM,0.8,2.5,0
high,185,0.3542,0.8865,0.0799,"High=185, Low=435",DILA,0.8,2.5,0
high,185,0.336,0.9243,0.0716,"High=185, Low=435",Control,0.8,2.75,0
high,185,0.3399,0.9351,0.0713,"High=185, Low=435",DIR,0.8,2.75,0
high,185,0.3418,0.9405,0.0724,"High=185, Low=435",BSAM,0.8,2.75,0
high,185,0.3281,0.9027,0.0799,"High=185, Low=435",DILA,0.8,2.75,0
high,185,0.3117,0.9351,0.0716,"High=185, Low=435",Control,0.8,3.0,0
high,185,0.3117,0.9351,0.0713,"High=185, Low=435",DIR,0.8,3.0,0
high,185,0.3171,0.9514,0.0724,"High=185, Low=435",BSAM,0.8,3.0,0
high,185,0.3045,0.9135,0.0799,"High=185, Low=435",DILA,0.8,3.0,0
high,110,0.6727,0.3364,0.0728,"High=110, Low=350",Control,0.8500000000000001,0.5,0
high,110,0.6545,0.3273,0.0731,"High=110, Low=350",DIR,0.8500000000000001,0.5,0
high,110,0.6364,0.3182,0.0778,"High=110, Low=350",BSAM,0.8500000000000001,0.5,0
high,110,0.6364,0.3182,0.0815,"High=110, Low=350",DILA,0.8500000000000001,0.5,0
high,110,0.6506,0.4909,0.0728,"High=110, Low=350",Control,0.8500000000000001,0.75,0
high,110,0.6024,0.4545,0.0731,"High=110, Low=350",DIR,0.8500000000000001,0.75,0
high,110,0.5663,0.4273,0.0778,"High=110, Low=350",BSAM,0.8500000000000001,0.75,0
high,110,0.5542,0.4182,0.0815,"High=110, Low=350",DILA,0.8500000000000001,0.75,0
high,110,0.5636,0.5636,0.0728,"High=110, Low=350",Control,0.8500000000000001,1.0,0
high,110,0.5182,0.5182,0.0731,"High=110, Low=350",DIR,0.8500000000000001,1.0,0
high,110,0.5,0.5,0.0778,"High=110, Low=350",BSAM,0.8500000000000001,1.0,0
high,110,0.5545,0.5545,0.0815,"High=110, Low=350",DILA,0.8500000000000001,1.0,0
high,110,0.5217,0.6545,0.0728,"High=110, Low=350",Control,0.8500000000000001,1.25,0
high,110,0.4638,0.5818,0.0731,"High=110, Low=350",DIR,0.8500000000000001,1.25,0
high,110,0.5,0.6273,0.0778,"High=110, Low=350",BSAM,0.8500000000000001,1.25,0
high,110,0.5,0.6273,0.0815,"High=110, Low=350",DILA,0.8500000000000001,1.25,0
high,110,0.4909,0.7364,0.0728,"High=110, Low=350",Control,0.8500000000000001,1.5,0
high,110,0.4545,0.6818,0.0731,"High=110, Low=350",DIR,0.8500000000000001,1.5,0
high,110,0.4727,0.7091,0.0778,"High=110, Low=350",BSAM,0.8500000000000001,1.5,0
high,110,0.4606,0.6909,0.0815,"High=110, Low=350",DILA,0.8500000000000001,1.5,0
high,110,0.4715,0.8273,0.0728,"High=110, Low=350",Control,0.8500000000000001,1.75,0
high,110,0.4249,0.7455,0.0731,"High=110, Low=350",DIR,0.8500000000000001,1.75,0
high,110,0.4404,0.7727,0.0778,"High=110, Low=350",BSAM,0.8500000000000001,1.75,0
high,110,0.4093,0.7182,0.0815,"High=110, Low=350",DILA,0.8500000000000001,1.75,0
high,110,0.4455,0.8909,0.0728,"High=110, Low=350",Control,0.8500000000000001,2.0,0
high,110,0.3955,0.7909,0.0731,"High=110, Low=350",DIR,0.8500000000000001,2.0,0
high,110,0.4227,0.8455,0.0778,"High=110, Low=350",BSAM,0.8500000000000001,2.0,0
high,110,0.3818,0.7636,0.0815,"High=110, Low=350",DILA,0.8500000000000001,2.0,0
high,110,0.4032,0.9091,0.0728,"High=110, Low=350",Control,0.8500000000000001,2.25,0
high,110,0.379,0.8545,0.0731,"High=110, Low=350",DIR,0.8500000000000001,2.25,0
high,110,0.3871,0.8727,0.0778,"High=110, Low=350",BSAM,0.8500000000000001,2.25,0
high,110,0.3548,0.8,0.0815,"High=110, Low=350",DILA,0.8500000000000001,2.25,0
high,110,0.3636,0.9091,0.0728,"High=110, Low=350",Control,0.8500000000000001,2.5,0
high,110,0.3564,0.8909,0.0731,"High=110, Low=350",DIR,0.8500000000000001,2.5,0
high,110,0.3527,0.8818,0.0778,"High=110, Low=350",BSAM,0.8500000000000001,2.5,0
high,110,0.3418,0.8545,0.0815,"High=110, Low=350",DILA,0.8500000000000001,2.5,0
high,110,0.3333,0.9182,0.0728,"High=110, Low=350",Control,0.8500000000000001,2.75,0
high,110,0.3234,0.8909,0.0731,"High=110, Low=350",DIR,0.8500000000000001,2.75,0
high,110,0.3234,0.8909,0.0778,"High=110, Low=350",BSAM,0.8500000000000001,2.75,0
high,110,0.3135,0.8636,0.0815,"High=110, Low=350",DILA,0.8500000000000001,2.75,0
high,110,0.3061,0.9182,0.0728,"High=110, Low=350",Control,0.8500000000000001,3.0,0
high,110,0.303,0.9091,0.0731,"High=110, Low=350",DIR,0.8500000000000001,3.0,0
high,110,0.297,0.8909,0.0778,"High=110, Low=350",BSAM,0.8500000000000001,3.0,0
high,110,0.2939,0.8818,0.0815,"High=110, Low=350",DILA,0.8500000000000001,3.0,0
high,50,0.64,0.32,0.0779,"High=50, Low=205",Control,0.9,0.5,0
high,50,0.68,0.34,0.0667,"High=50, Low=205",DIR,0.9,0.5,0
high,50,0.64,0.32,0.0902,"High=50, Low=205",BSAM,0.9,0.5,0
high,50,0.4,0.2,0.093,"High=50, Low=205",DILA,0.9,0.5,0
high,50,0.5789,0.44,0.0779,"High=50, Low=205",Control,0.9,0.75,0
high,50,0.6053,0.46,0.0667,"High=50, Low=205",DIR,0.9,0.75,0
high,50,0.6316,0.48,0.0902,"High=50, Low=205",BSAM,0.9,0.75,0
high,50,0.3947,0.3,0.093,"High=50, Low=205",DILA,0.9,0.75,0
high,50,0.54,0.54,0.0779,"High=50, Low=205",Control,0.9,1.0,0
high,50,0.52,0.52,0.0667,"High=50, Low=205",DIR,0.9,1.0,0
high,50,0.52,0.52,0.0902,"High=50, Low=205",BSAM,0.9,1.0,0
high,50,0.38,0.38,0.093,"High=50, Low=205",DILA,0.9,1.0,0
high,50,0.4762,0.6,0.0779,"High=50, Low=205",Control,0.9,1.25,0
high,50,0.4921,0.62,0.0667,"High=50, Low=205",DIR,0.9,1.25,0
high,50,0.4444,0.56,0.0902,"High=50, Low=205",BSAM,0.9,1.25,0
high,50,0.3968,0.5,0.093,"High=50, Low=205",DILA,0.9,1.25,0
high,50,0.4533,0.68,0.0779,"High=50, Low=205",Control,0.9,1.5,0
high,50,0.4533,0.68,0.0667,"High=50, Low=205",DIR,0.9,1.5,0
high,50,0.3867,0.58,0.0902,"High=50, Low=205",BSAM,0.9,1.5,0
high,50,0.3467,0.52,0.093,"High=50, Low=205",DILA,0.9,1.5,0
high,50,0.3977,0.7,0.0779,"High=50, Low=205",Control,0.9,1.75,0
high,50,0.4318,0.76,0.0667,"High=50, Low=205",DIR,0.9,1.75,0
high,50,0.3636,0.64,0.0902,"High=50, Low=205",BSAM,0.9,1.75,0
high,50,0.3295,0.58,0.093,"High=50, Low=205",DILA,0.9,1.75,0
high,50,0.35,0.7,0.0779,"High=50, Low=205",Control,0.9,2.0,0
high,50,0.41,0.82,0.0667,"High=50, Low=205",DIR,0.9,2.0,0
high,50,0.33,0.66,0.0902,"High=50, Low=205",BSAM,0.9,2.0,0
high,50,0.32,0.64,0.093,"High=50, Low=205",DILA,0.9,2.0,0
high,50,0.3363,0.76,0.0779,"High=50, Low=205",Control,0.9,2.25,0
high,50,0.3628,0.82,0.0667,"High=50, Low=205",DIR,0.9,2.25,0
high,50,0.3186,0.72,0.0902,"High=50, Low=205",BSAM,0.9,2.25,0
high,50,0.3097,0.7,0.093,"High=50, Low=205",DILA,0.9,2.25,0
high,50,0.32,0.8,0.0779,"High=50, Low=205",Control,0.9,2.5,0
high,50,0.336,0.84,0.0667,"High=50, Low=205",DIR,0.9,2.5,0
high,50,0.296,0.74,0.0902,"High=50, Low=205",BSAM,0.9,2.5,0
high,50,0.296,0.74,0.093,"High=50, Low=205",DILA,0.9,2.5,0
high,50,0.3116,0.86,0.0779,"High=50, Low=205",Control,0.9,2.75,0
high,50,0.3116,0.86,0.0667,"High=50, Low=205",DIR,0.9,2.75,0
high,50,0.2971,0.82,0.0902,"High=50, Low=205",BSAM,0.9,2.75,0
high,50,0.2754,0.76,0.093,"High=50, Low=205",DILA,0.9,2.75,0
high,50,0.3,0.9,0.0779,"High=50, Low=205",Control,0.9,3.0,0
high,50,0.2867,0.86,0.0667,"High=50, Low=205",DIR,0.9,3.0,0
high,50,0.2867,0.86,0.0902,"High=50, Low=205",BSAM,0.9,3.0,0
high,50,0.2533,0.76,0.093,"High=50, Low=205",DILA,0.9,3.0,0
high,392,0.9184,0.4592,0.0803,"High=392, Low=956",Control,0.5,0.5,1
high,490,0.9143,0.4571,0.0795,"High=490, Low=1195",DIR,0.5,0.5,1
high,490,0.9347,0.4673,0.0789,"High=490, Low=1195",BSAM,0.5,0.5,1
high,490,0.902,0.451,0.0866,"High=490, Low=1195",DILA,0.5,0.5,1
high,392,0.8163,0.6122,0.0803,"High=392, Low=956",Control,0.5,0.75,1
high,490,0.8315,0.6245,0.0795,"High=490, Low=1195",DIR,0.5,0.75,1
high,490,0.8261,0.6204,0.0789,"High=490, Low=1195",BSAM,0.5,0.75,1
high,490,0.8016,0.602,0.0866,"High=490, Low=1195",DILA,0.5,0.75,1
high,392,0.727,0.727,0.0803,"High=392, Low=956",Control,0.5,1.0,1
high,490,0.7327,0.7327,0.0795,"High=490, Low=1195",DIR,0.5,1.0,1
high,490,0.7408,0.7408,0.0789,"High=490, Low=1195",BSAM,0.5,1.0,1
high,490,0.7082,0.7082,0.0866,"High=490, Low=1195",DILA,0.5,1.0,1
high,392,0.6367,0.7959,0.0803,"High=392, Low=956",Control,0.5,1.25,1
high,490,0.6411,0.802,0.0795,"High=490, Low=1195",DIR,0.5,1.25,1
high,490,0.6509,0.8143,0.0789,"High=490, Low=1195",BSAM,0.5,1.25,1
high,490,0.6232,0.7796,0.0866,"High=490, Low=1195",DILA,0.5,1.25,1
high,392,0.5731,0.8597,0.0803,"High=392, Low=956",Control,0.5,1.5,1
high,490,0.5673,0.851,0.0795,"High=490, Low=1195",DIR,0.5,1.5,1
high,490,0.5633,0.8449,0.0789,"High=490, Low=1195",BSAM,0.5,1.5,1
high,490,0.5497,0.8245,0.0866,"High=490, Low=1195",DILA,0.5,1.5,1
high,392,0.5117,0.8954,0.0803,"High=392, Low=956",Control,0.5,1.75,1
high,490,0.4965,0.8694,0.0795,"High=490, Low=1195",DIR,0.5,1.75,1
high,490,0.507,0.8878,0.0789,"High=490, Low=1195",BSAM,0.5,1.75,1
high,490,0.4918,0.8612,0.0866,"High=490, Low=1195",DILA,0.5,1.75,1
high,392,0.4579,0.9158,0.0803,"High=392, Low=956",Control,0.5,2.0,1
high,490,0.449,0.898,0.0795,"High=490, Low=1195",DIR,0.5,2.0,1
high,490,0.4561,0.9122,0.0789,"High=490, Low=1195",BSAM,0.5,2.0,1
high,490,0.4469,0.8939,0.0866,"High=490, Low=1195",DILA,0.5,2.0,1
high,392,0.4184,0.9413,0.0803,"High=392, Low=956",Control,0.5,2.25,1
high,490,0.4044,0.9102,0.0795,"High=490, Low=1195",DIR,0.5,2.25,1
high,490,0.408,0.9184,0.0789,"High=490, Low=1195",BSAM,0.5,2.25,1
high,490,0.4025,0.9061,0.0866,"High=490, Low=1195",DILA,0.5,2.25,1
high,392,0.3786,0.9464,0.0803,"High=392, Low=956",Control,0.5,2.5,1
high,490,0.3682,0.9204,0.0795,"High=490, Low=1195",DIR,0.5,2.5,1
high,490,0.3722,0.9306,0.0789,"High=490, Low=1195",BSAM,0.5,2.5,1
high,490,0.3682,0.9204,0.0866,"High=490, Low=1195",DILA,0.5,2.5,1
high,392,0.346,0.9515,0.0803,"High=392, Low=956",Control,0.5,2.75,1
high,490,0.3375,0.9286,0.0795,"High=490, Low=1195",DIR,0.5,2.75,1
high,490,0.3405,0.9367,0.0789,"High=490, Low=1195",BSAM,0.5,2.75,1
high,490,0.3375,0.9286,0.0866,"High=490, Low=1195",DILA,0.5,2.75,1
high,392,0.3189,0.9566,0.0803,"High=392, Low=956",Control,0.5,3.0,1
high,490,0.3136,0.9408,0.0795,"High=490, Low=1195",DIR,0.5,3.0,1
high,490,0.3177,0.9531,0.0789,"High=490, Low=1195",BSAM,0.5,3.0,1
high,490,0.3116,0.9347,0.0866,"High=490, Low=1195",DILA,0.5,3.0,1
high,348,0.9138,0.4569,0.0832,"High=348, Low=832",Control,0.55,0.5,1
high,435,0.9128,0.4575,0.0806,"High=435, Low=1040",DIR,0.55,0.5,1
high,435,0.9404,0.4713,0.0811,"High=435, Low=1040",BSAM,0.55,0.5,1
high,435,0.8945,0.4483,0.0888,"High=435, Low=1040",DILA,0.55,0.5,1
high,348,0.8276,0.6207,0.0832,"High=348, Low=832",Control,0.55,0.75,1
high,435,0.8349,0.6276,0.0806,"High=435, Low=1040",DIR,0.55,0.75,1
high,435,0.8532,0.6414,0.0811,"High=435, Low=1040",BSAM,0.55,0.75,1
high,435,0.792,0.5954,0.0888,"High=435, Low=1040",DILA,0.55,0.75,1
high,348,0.7126,0.7126,0.0832,"High=348, Low=832",Control,0.55,1.0,1
high,435,0.7333,0.7333,0.0806,"High=435, Low=1040",DIR,0.55,1.0,1
high,435,0.7241,0.7241,0.0811,"High=435, Low=1040",BSAM,0.55,1.0,1
high,435,0.7103,0.7103,0.0888,"High=435, Low=1040",DILA,0.55,1.0,1
high,348,0.6345,0.7931,0.0832,"High=348, Low=832",Control,0.55,1.25,1
high,435,0.6415,0.8023,0.0806,"High=435, Low=1040",DIR,0.55,1.25,1
high,435,0.6397,0.8,0.0811,"High=435, Low=1040",BSAM,0.55,1.25,1
high,435,0.6066,0.7586,0.0888,"High=435, Low=1040",DILA,0.55,1.25,1
high,348,0.5594,0.8391,0.0832,"High=348, Low=832",Control,0.55,1.5,1
high,435,0.5651,0.8483,0.0806,"High=435, Low=1040",DIR,0.55,1.5,1
high,435,0.5681,0.8529,0.0811,"High=435, Low=1040",BSAM,0.55,1.5,1
high,435,0.5391,0.8092,0.0888,"High=435, Low=1040",DILA,0.55,1.5,1
high,348,0.5008,0.8764,0.0832,"High=348, Low=832",Control,0.55,1.75,1
high,435,0.4987,0.8736,0.0806,"High=435, Low=1040",DIR,0.55,1.75,1
high,435,0.4987,0.8736,0.0811,"High=435, Low=1040",BSAM,0.55,1.75,1
high,435,0.4843,0.8483,0.0888,"High=435, Low=1040",DILA,0.55,1.75,1
high,348,0.4526,0.9052,0.0832,"High=348, Low=832",Control,0.55,2.0,1
high,435,0.4437,0.8874,0.0806,"High=435, Low=1040",DIR,0.55,2.0,1
high,435,0.4517,0.9034,0.0811,"High=435, Low=1040",BSAM,0.55,2.0,1
high,435,0.4356,0.8713,0.0888,"High=435, Low=1040",DILA,0.55,2.0,1
high,348,0.41,0.9224,0.0832,"High=348, Low=832",Control,0.55,2.25,1
high,435,0.4045,0.9103,0.0806,"High=435, Low=1040",DIR,0.55,2.25,1
high,435,0.4076,0.9172,0.0811,"High=435, Low=1040",BSAM,0.55,2.25,1
high,435,0.3984,0.8966,0.0888,"High=435, Low=1040",DILA,0.55,2.25,1
high,348,0.3747,0.9368,0.0832,"High=348, Low=832",Control,0.55,2.5,1
high,435,0.3676,0.9195,0.0806,"High=435, Low=1040",DIR,0.55,2.5,1
high,435,0.3686,0.9218,0.0811,"High=435, Low=1040",BSAM,0.55,2.5,1
high,435,0.3612,0.9034,0.0888,"High=435, Low=1040",DILA,0.55,2.5,1
high,348,0.3438,0.9454,0.0832,"High=348, Low=832",Control,0.55,2.75,1
high,435,0.3367,0.9264,0.0806,"High=435, Low=1040",DIR,0.55,2.75,1
high,435,0.3392,0.9333,0.0811,"High=435, Low=1040",BSAM,0.55,2.75,1
high,435,0.3333,0.9172,0.0888,"High=435, Low=1040",DILA,0.55,2.75,1
high,348,0.317,0.9511,0.0832,"High=348, Low=832",Control,0.55,3.0,1
high,435,0.3111,0.9333,0.0806,"High=435, Low=1040",DIR,0.55,3.0,1
high,435,0.3126,0.9379,0.0811,"High=435, Low=1040",BSAM,0.55,3.0,1
high,435,0.3096,0.9287,0.0888,"High=435, Low=1040",DILA,0.55,3.0,1
high,316,0.9241,0.462,0.079,"High=316, Low=716",Control,0.6,0.5,1
high,395,0.9242,0.4633,0.0774,"High=395, Low=895",DIR,0.6,0.5,1
high,395,0.9343,0.4684,0.0759,"High=395, Low=895",BSAM,0.6,0.5,1
high,395,0.9091,0.4557,0.0846,"High=395, Low=895",DILA,0.6,0.5,1
high,316,0.8523,0.6392,0.079,"High=316, Low=716",Control,0.6,0.75,1
high,395,0.8552,0.643,0.0774,"High=395, Low=895",DIR,0.6,0.75,1
high,395,0.8788,0.6608,0.0759,"High=395, Low=895",BSAM,0.6,0.75,1
high,395,0.8249,0.6203,0.0846,"High=395, Low=895",DILA,0.6,0.75,1
high,316,0.7278,0.7278,0.079,"High=316, Low=716",Control,0.6,1.0,1
high,395,0.7443,0.7443,0.0774,"High=395, Low=895",DIR,0.6,1.0,1
high,395,0.762,0.762,0.0759,"High=395, Low=895",BSAM,0.6,1.0,1
high,395,0.7342,0.7342,0.0846,"High=395, Low=895",DILA,0.6,1.0,1
high,316,0.6506,0.8133,0.079,"High=316, Low=716",Control,0.6,1.25,1
high,395,0.6599,0.8253,0.0774,"High=395, Low=895",DIR,0.6,1.25,1
high,395,0.6619,0.8278,0.0759,"High=395, Low=895",BSAM,0.6,1.25,1
high,395,0.6296,0.7873,0.0846,"High=395, Low=895",DILA,0.6,1.25,1
high,316,0.5717,0.8576,0.079,"High=316, Low=716",Control,0.6,1.5,1
high,395,0.5734,0.8608,0.0774,"High=395, Low=895",DIR,0.6,1.5,1
high,395,0.5852,0.8785,0.0759,"High=395, Low=895",BSAM,0.6,1.5,1
high,395,0.5531,0.8304,0.0846,"High=395, Low=895",DILA,0.6,1.5,1
high,316,0.5099,0.8924,0.079,"High=316, Low=716",Control,0.6,1.75,1
high,395,0.5043,0.8835,0.0774,"High=395, Low=895",DIR,0.6,1.75,1
high,395,0.5173,0.9063,0.0759,"High=395, Low=895",BSAM,0.6,1.75,1
high,395,0.4971,0.8709,0.0846,"High=395, Low=895",DILA,0.6,1.75,1
high,316,0.4557,0.9114,0.079,"High=316, Low=716",Control,0.6,2.0,1
high,395,0.4519,0.9038,0.0774,"High=395, Low=895",DIR,0.6,2.0,1
high,395,0.4608,0.9215,0.0759,"High=395, Low=895",BSAM,0.6,2.0,1
high,395,0.4494,0.8987,0.0846,"High=395, Low=895",DILA,0.6,2.0,1
high,316,0.4163,0.9367,0.079,"High=316, Low=716",Control,0.6,2.25,1
high,395,0.4072,0.9165,0.0774,"High=395, Low=895",DIR,0.6,2.25,1
high,395,0.4173,0.9392,0.0759,"High=395, Low=895",BSAM,0.6,2.25,1
high,395,0.4061,0.9139,0.0846,"High=395, Low=895",DILA,0.6,2.25,1
high,316,0.3785,0.9462,0.079,"High=316, Low=716",Control,0.6,2.5,1
high,395,0.3715,0.9291,0.0774,"High=395, Low=895",DIR,0.6,2.5,1
high,395,0.3785,0.9468,0.0759,"High=395, Low=895",BSAM,0.6,2.5,1
high,395,0.3715,0.9291,0.0846,"High=395, Low=895",DILA,0.6,2.5,1
high,316,0.3487,0.9589,0.079,"High=316, Low=716",Control,0.6,2.75,1
high,395,0.3395,0.9342,0.0774,"High=395, Low=895",DIR,0.6,2.75,1
high,395,0.345,0.9494,0.0759,"High=395, Low=895",BSAM,0.6,2.75,1
high,395,0.3404,0.9367,0.0846,"High=395, Low=895",DILA,0.6,2.75,1
high,316,0.3217,0.9652,0.079,"High=316, Low=716",Control,0.6,3.0,1
high,395,0.3122,0.9367,0.0774,"High=395, Low=895",DIR,0.6,3.0,1
high,395,0.3198,0.9595,0.0759,"High=395, Low=895",BSAM,0.6,3.0,1
high,395,0.3131,0.9392,0.0846,"High=395, Low=895",DILA,0.6,3.0,1
high,288,0.9167,0.4583,0.0795,"High=288, Low=596",Control,0.65,0.5,1
high,360,0.9278,0.4639,0.0781,"High=360, Low=745",DIR,0.65,0.5,1
high,360,0.9333,0.4667,0.0763,"High=360, Low=745",BSAM,0.65,0.5,1
high,360,0.9111,0.4556,0.083,"High=360, Low=745",DILA,0.65,0.5,1
high,288,0.8704,0.6528,0.0795,"High=288, Low=596",Control,0.65,0.75,1
high,360,0.8556,0.6417,0.0781,"High=360, Low=745",DIR,0.65,0.75,1
high,360,0.8741,0.6556,0.0763,"High=360, Low=745",BSAM,0.65,0.75,1
high,360,0.8333,0.625,0.083,"High=360, Low=745",DILA,0.65,0.75,1
high,288,0.7465,0.7465,0.0795,"High=288, Low=596",Control,0.65,1.0,1
high,360,0.7472,0.7472,0.0781,"High=360, Low=745",DIR,0.65,1.0,1
high,360,0.7528,0.7528,0.0763,"High=360, Low=745",BSAM,0.65,1.0,1
high,360,0.7361,0.7361,0.083,"High=360, Low=745",DILA,0.65,1.0,1
high,288,0.6444,0.8056,0.0795,"High=288, Low=596",Control,0.65,1.25,1
high,360,0.6556,0.8194,0.0781,"High=360, Low=745",DIR,0.65,1.25,1
high,360,0.6644,0.8306,0.0763,"High=360, Low=745",BSAM,0.65,1.25,1
high,360,0.6467,0.8083,0.083,"High=360, Low=745",DILA,0.65,1.25,1
high,288,0.5694,0.8542,0.0795,"High=288, Low=596",Control,0.65,1.5,1
high,360,0.5833,0.875,0.0781,"High=360, Low=745",DIR,0.65,1.5,1
high,360,0.5907,0.8861,0.0763,"High=360, Low=745",BSAM,0.65,1.5,1
high,360,0.5648,0.8472,0.083,"High=360, Low=745",DILA,0.65,1.5,1
high,288,0.504,0.8819,0.0795,"High=288, Low=596",Control,0.65,1.75,1
high,360,0.5095,0.8917,0.0781,"High=360, Low=745",DIR,0.65,1.75,1
high,360,0.5222,0.9139,0.0763,"High=360, Low=745",BSAM,0.65,1.75,1
high,360,0.5079,0.8889,0.083,"High=360, Low=745",DILA,0.65,1.75,1
high,288,0.4531,0.9062,0.0795,"High=288, Low=596",Control,0.65,2.0,1
high,360,0.4528,0.9056,0.0781,"High=360, Low=745",DIR,0.65,2.0,1
high,360,0.4611,0.9222,0.0763,"High=360, Low=745",BSAM,0.65,2.0,1
high,360,0.4583,0.9167,0.083,"High=360, Low=745",DILA,0.65,2.0,1
high,288,0.4105,0.9236,0.0795,"High=288, Low=596",Control,0.65,2.25,1
high,360,0.4074,0.9167,0.0781,"High=360, Low=745",DIR,0.65,2.25,1
high,360,0.4173,0.9389,0.0763,"High=360, Low=745",BSAM,0.65,2.25,1
high,360,0.4123,0.9278,0.083,"High=360, Low=745",DILA,0.65,2.25,1
high,288,0.3764,0.941,0.0795,"High=288, Low=596",Control,0.65,2.5,1
high,360,0.3733,0.9333,0.0781,"High=360, Low=745",DIR,0.65,2.5,1
high,360,0.3789,0.9472,0.0763,"High=360, Low=745",BSAM,0.65,2.5,1
high,360,0.3756,0.9389,0.083,"High=360, Low=745",DILA,0.65,2.5,1
high,288,0.346,0.9514,0.0795,"High=288, Low=596",Control,0.65,2.75,1
high,360,0.3424,0.9417,0.0781,"High=360, Low=745",DIR,0.65,2.75,1
high,360,0.3455,0.95,0.0763,"High=360, Low=745",BSAM,0.65,2.75,1
high,360,0.3434,0.9444,0.083,"High=360, Low=745",DILA,0.65,2.75,1
high,288,0.3194,0.9583,0.0795,"High=288, Low=596",Control,0.65,3.0,1
high,360,0.3139,0.9417,0.0781,"High=360, Low=745",DIR,0.65,3.0,1
high,360,0.3176,0.9528,0.0763,"High=360, Low=745",BSAM,0.65,3.0,1
high,360,0.3167,0.95,0.083,"High=360, Low=745",DILA,0.65,3.0,1
high,240,0.95,0.475,0.0809,"High=240, Low=496",Control,0.7,0.5,1
high,300,0.94,0.47,0.0804,"High=300, Low=620",DIR,0.7,0.5,1
high,300,0.94,0.47,0.0784,"High=300, Low=620",BSAM,0.7,0.5,1
high,300,0.9,0.45,0.0864,"High=300, Low=620",DILA,0.7,0.5,1
high,240,0.8556,0.6417,0.0809,"High=240, Low=496",Control,0.7,0.75,1
high,300,0.8578,0.6433,0.0804,"High=300, Low=620",DIR,0.7,0.75,1
high,300,0.8711,0.6533,0.0784,"High=300, Low=620",BSAM,0.7,0.75,1
high,300,0.8444,0.6333,0.0864,"High=300, Low=620",DILA,0.7,0.75,1
high,240,0.775,0.775,0.0809,"High=240, Low=496",Control,0.7,1.0,1
high,300,0.77,0.77,0.0804,"High=300, Low=620",DIR,0.7,1.0,1
high,300,0.7667,0.7667,0.0784,"High=300, Low=620",BSAM,0.7,1.0,1
high,300,0.73,0.73,0.0864,"High=300, Low=620",DILA,0.7,1.0,1
high,240,0.6667,0.8333,0.0809,"High=240, Low=496",Control,0.7,1.25,1
high,300,0.656,0.82,0.0804,"High=300, Low=620",DIR,0.7,1.25,1
high,300,0.656,0.82,0.0784,"High=300, Low=620",BSAM,0.7,1.25,1
high,300,0.6507,0.8133,0.0864,"High=300, Low=620",DILA,0.7,1.25,1
high,240,0.5806,0.8708,0.0809,"High=240, Low=496",Control,0.7,1.5,1
high,300,0.5756,0.8633,0.0804,"High=300, Low=620",DIR,0.7,1.5,1
high,300,0.5733,0.86,0.0784,"High=300, Low=620",BSAM,0.7,1.5,1
high,300,0.5711,0.8567,0.0864,"High=300, Low=620",DILA,0.7,1.5,1
high,240,0.5119,0.8958,0.0809,"High=240, Low=496",Control,0.7,1.75,1
high,300,0.5143,0.9,0.0804,"High=300, Low=620",DIR,0.7,1.75,1
high,300,0.5105,0.8933,0.0784,"High=300, Low=620",BSAM,0.7,1.75,1
high,300,0.501,0.8767,0.0864,"High=300, Low=620",DILA,0.7,1.75,1
high,240,0.4542,0.9083,0.0809,"High=240, Low=496",Control,0.7,2.0,1
high,300,0.4517,0.9033,0.0804,"High=300, Low=620",DIR,0.7,2.0,1
high,300,0.4583,0.9167,0.0784,"High=300, Low=620",BSAM,0.7,2.0,1
high,300,0.4483,0.8967,0.0864,"High=300, Low=620",DILA,0.7,2.0,1
high,240,0.4056,0.9125,0.0809,"High=240, Low=496",Control,0.7,2.25,1
high,300,0.4074,0.9167,0.0804,"High=300, Low=620",DIR,0.7,2.25,1
high,300,0.4119,0.9267,0.0784,"High=300, Low=620",BSAM,0.7,2.25,1
high,300,0.4104,0.9233,0.0864,"High=300, Low=620",DILA,0.7,2.25,1
high,240,0.37,0.925,0.0809,"High=240, Low=496",Control,0.7,2.5,1
high,300,0.3707,0.9267,0.0804,"High=300, Low=620",DIR,0.7,2.5,1
high,300,0.372,0.93,0.0784,"High=300, Low=620",BSAM,0.7,2.5,1
high,300,0.3733,0.9333,0.0864,"High=300, Low=620",DILA,0.7,2.5,1
high,240,0.3379,0.9292,0.0809,"High=240, Low=496",Control,0.7,2.75,1
high,300,0.3394,0.9333,0.0804,"High=300, Low=620",DIR,0.7,2.75,1
high,300,0.3406,0.9367,0.0784,"High=300, Low=620",BSAM,0.7,2.75,1
high,300,0.3406,0.9367,0.0864,"High=300, Low=620",DILA,0.7,2.75,1
high,240,0.3153,0.9458,0.0809,"High=240, Low=496",Control,0.7,3.0,1
high,300,0.3144,0.9433,0.0804,"High=300, Low=620",DIR,0.7,3.0,1
high,300,0.3144,0.9433,0.0784,"High=300, Low=620",BSAM,0.7,3.0,1
high,300,0.3156,0.9467,0.0864,"High=300, Low=620",DILA,0.7,3.0,1
high,196,0.9082,0.4541,0.0862,"High=196, Low=396",Control,0.75,0.5,1
high,245,0.9187,0.4612,0.0863,"High=245, Low=495",DIR,0.75,0.5,1
high,245,0.9512,0.4776,0.0824,"High=245, Low=495",BSAM,0.75,0.5,1
high,245,0.8862,0.4449,0.0907,"High=245, Low=495",DILA,0.75,0.5,1
high,196,0.8707,0.6531,0.0862,"High=196, Low=396",Control,0.75,0.75,1
high,245,0.8967,0.6735,0.0863,"High=245, Low=495",DIR,0.75,0.75,1
high,245,0.8859,0.6653,0.0824,"High=245, Low=495",BSAM,0.75,0.75,1
high,245,0.837,0.6286,0.0907,"High=245, Low=495",DILA,0.75,0.75,1
high,196,0.7551,0.7551,0.0862,"High=196, Low=396",Control,0.75,1.0,1
high,245,0.7714,0.7714,0.0863,"High=245, Low=495",DIR,0.75,1.0,1
high,245,0.7755,0.7755,0.0824,"High=245, Low=495",BSAM,0.75,1.0,1
high,245,0.751,0.751,0.0907,"High=245, Low=495",DILA,0.75,1.0,1
high,196,0.6531,0.8163,0.0862,"High=196, Low=396",Control,0.75,1.25,1
high,245,0.6482,0.8122,0.0863,"High=245, Low=495",DIR,0.75,1.25,1
high,245,0.671,0.8408,0.0824,"High=245, Low=495",BSAM,0.75,1.25,1
high,245,0.6612,0.8286,0.0907,"High=245, Low=495",DILA,0.75,1.25,1
high,196,0.5714,0.8571,0.0862,"High=196, Low=396",Control,0.75,1.5,1
high,245,0.5652,0.849,0.0863,"High=245, Low=495",DIR,0.75,1.5,1
high,245,0.5679,0.8531,0.0824,"High=245, Low=495",BSAM,0.75,1.5,1
high,245,0.5788,0.8694,0.0907,"High=245, Low=495",DILA,0.75,1.5,1
high,196,0.4927,0.8622,0.0862,"High=196, Low=396",Control,0.75,1.75,1
high,245,0.4895,0.8571,0.0863,"High=245, Low=495",DIR,0.75,1.75,1
high,245,0.5012,0.8776,0.0824,"High=245, Low=495",BSAM,0.75,1.75,1
high,245,0.5105,0.8939,0.0907,"High=245, Low=495",DILA,0.75,1.75,1
high,196,0.4439,0.8878,0.0862,"High=196, Low=396",Control,0.75,2.0,1
high,245,0.4388,0.8776,0.0863,"High=245, Low=495",DIR,0.75,2.0,1
high,245,0.449,0.898,0.0824,"High=245, Low=495",BSAM,0.75,2.0,1
high,245,0.451,0.902,0.0907,"High=245, Low=495",DILA,0.75,2.0,1
high,196,0.3991,0.898,0.0862,"High=196, Low=396",Control,0.75,2.25,1
high,245,0.3967,0.8939,0.0863,"High=245, Low=495",DIR,0.75,2.25,1
high,245,0.404,0.9102,0.0824,"High=245, Low=495",BSAM,0.75,2.25,1
high,245,0.4022,0.9061,0.0907,"High=245, Low=495",DILA,0.75,2.25,1
high,196,0.3633,0.9082,0.0862,"High=196, Low=396",Control,0.75,2.5,1
high,245,0.3589,0.898,0.0863,"High=245, Low=495",DIR,0.75,2.5,1
high,245,0.367,0.9184,0.0824,"High=245, Low=495",BSAM,0.75,2.5,1
high,245,0.3703,0.9265,0.0907,"High=245, Low=495",DILA,0.75,2.5,1
high,196,0.3321,0.9133,0.0862,"High=196, Low=396",Control,0.75,2.75,1
high,245,0.3323,0.9143,0.0863,"High=245, Low=495",DIR,0.75,2.75,1
high,245,0.3368,0.9265,0.0824,"High=245, Low=495",BSAM,0.75,2.75,1
high,245,0.3383,0.9306,0.0907,"High=245, Low=495",DILA,0.75,2.75,1
high,196,0.3095,0.9286,0.0862,"High=196, Low=396",Control,0.75,3.0,1
high,245,0.3075,0.9224,0.0863,"High=245, Low=495",DIR,0.75,3.0,1
high,245,0.3088,0.9265,0.0824,"High=245, Low=495",BSAM,0.75,3.0,1
high,245,0.3129,0.9388,0.0907,"High=245, Low=495",DILA,0.75,3.0,1
high,168,0.9048,0.4524,0.0805,"High=168, Low=324",Control,0.8,0.5,1
high,210,0.9048,0.4524,0.0813,"High=210, Low=405",DIR,0.8,0.5,1
high,210,0.9429,0.4714,0.0805,"High=210, Low=405",BSAM,0.8,0.5,1
high,210,0.8952,0.4476,0.0881,"High=210, Low=405",DILA,0.8,0.5,1
high,168,0.8889,0.6667,0.0805,"High=168, Low=324",Control,0.8,0.75,1
high,210,0.8924,0.6714,0.0813,"High=210, Low=405",DIR,0.8,0.75,1
high,210,0.8924,0.6714,0.0805,"High=210, Low=405",BSAM,0.8,0.75,1
high,210,0.8228,0.619,0.0881,"High=210, Low=405",DILA,0.8,0.75,1
high,168,0.7679,0.7679,0.0805,"High=168, Low=324",Control,0.8,1.0,1
high,210,0.7952,0.7952,0.0813,"High=210, Low=405",DIR,0.8,1.0,1
high,210,0.8095,0.8095,0.0805,"High=210, Low=405",BSAM,0.8,1.0,1
high,210,0.7524,0.7524,0.0881,"High=210, Low=405",DILA,0.8,1.0,1
high,168,0.6905,0.8631,0.0805,"High=168, Low=324",Control,0.8,1.25,1
high,210,0.6806,0.8524,0.0813,"High=210, Low=405",DIR,0.8,1.25,1
high,210,0.6844,0.8571,0.0805,"High=210, Low=405",BSAM,0.8,1.25,1
high,210,0.6616,0.8286,0.0881,"High=210, Low=405",DILA,0.8,1.25,1
high,168,0.5952,0.8929,0.0805,"High=168, Low=324",Control,0.8,1.5,1
high,210,0.581,0.8714,0.0813,"High=210, Low=405",DIR,0.8,1.5,1
high,210,0.6,0.9,0.0805,"High=210, Low=405",BSAM,0.8,1.5,1
high,210,0.6032,0.9048,0.0881,"High=210, Low=405",DILA,0.8,1.5,1
high,168,0.5238,0.9167,0.0805,"High=168, Low=324",Control,0.8,1.75,1
high,210,0.5082,0.8905,0.0813,"High=210, Low=405",DIR,0.8,1.75,1
high,210,0.519,0.9095,0.0805,"High=210, Low=405",BSAM,0.8,1.75,1
high,210,0.5245,0.919,0.0881,"High=210, Low=405",DILA,0.8,1.75,1
high,168,0.4583,0.9167,0.0805,"High=168, Low=324",Control,0.8,2.0,1
high,210,0.4476,0.8952,0.0813,"High=210, Low=405",DIR,0.8,2.0,1
high,210,0.4571,0.9143,0.0805,"High=210, Low=405",BSAM,0.8,2.0,1
high,210,0.4667,0.9333,0.0881,"High=210, Low=405",DILA,0.8,2.0,1
high,168,0.4127,0.9286,0.0805,"High=168, Low=324",Control,0.8,2.25,1
high,210,0.4017,0.9048,0.0813,"High=210, Low=405",DIR,0.8,2.25,1
high,210,0.4123,0.9286,0.0805,"High=210, Low=405",BSAM,0.8,2.25,1
high,210,0.4165,0.9381,0.0881,"High=210, Low=405",DILA,0.8,2.25,1
high,168,0.3762,0.9405,0.0805,"High=168, Low=324",Control,0.8,2.5,1
high,210,0.3695,0.9238,0.0813,"High=210, Low=405",DIR,0.8,2.5,1
high,210,0.3714,0.9286,0.0805,"High=210, Low=405",BSAM,0.8,2.5,1
high,210,0.3771,0.9429,0.0881,"High=210, Low=405",DILA,0.8,2.5,1
high,168,0.3442,0.9464,0.0805,"High=168, Low=324",Control,0.8,2.75,1
high,210,0.3356,0.9238,0.0813,"High=210, Low=405",DIR,0.8,2.75,1
high,210,0.3391,0.9333,0.0805,"High=210, Low=405",BSAM,0.8,2.75,1
high,210,0.3426,0.9429,0.0881,"High=210, Low=405",DILA,0.8,2.75,1
high,168,0.3175,0.9524,0.0805,"High=168, Low=324",Control,0.8,3.0,1
high,210,0.3095,0.9286,0.0813,"High=210, Low=405",DIR,0.8,3.0,1
high,210,0.3127,0.9381,0.0805,"High=210, Low=405",BSAM,0.8,3.0,1
high,210,0.3159,0.9476,0.0881,"High=210, Low=405",DILA,0.8,3.0,1
high,96,0.7083,0.3542,0.101,"High=96, Low=244",Control,0.8500000000000001,0.5,1
high,120,0.7,0.35,0.1017,"High=120, Low=305",DIR,0.8500000000000001,0.5,1
high,120,0.8,0.4,0.1081,"High=120, Low=305",BSAM,0.8500000000000001,0.5,1
high,120,0.5667,0.2833,0.1213,"High=120, Low=305",DILA,0.8500000000000001,0.5,1
high,96,0.6667,0.5,0.101,"High=96, Low=244",Control,0.8500000000000001,0.75,1
high,120,0.6667,0.5,0.1017,"High=120, Low=305",DIR,0.8500000000000001,0.75,1
high,120,0.6,0.45,0.1081,"High=120, Low=305",BSAM,0.8500000000000001,0.75,1
high,120,0.5222,0.3917,0.1213,"High=120, Low=305",DILA,0.8500000000000001,0.75,1
high,96,0.6042,0.6042,0.101,"High=96, Low=244",Control,0.8500000000000001,1.0,1
high,120,0.575,0.575,0.1017,"High=120, Low=305",DIR,0.8500000000000001,1.0,1
high,120,0.5333,0.5333,0.1081,"High=120, Low=305",BSAM,0.8500000000000001,1.0,1
high,120,0.5083,0.5083,0.1213,"High=120, Low=305",DILA,0.8500000000000001,1.0,1
high,96,0.5667,0.7083,0.101,"High=96, Low=244",Control,0.8500000000000001,1.25,1
high,120,0.5533,0.6917,0.1017,"High=120, Low=305",DIR,0.8500000000000001,1.25,1
high,120,0.5333,0.6667,0.1081,"High=120, Low=305",BSAM,0.8500000000000001,1.25,1
high,120,0.4667,0.5833,0.1213,"High=120, Low=305",DILA,0.8500000000000001,1.25,1
high,96,0.5,0.75,0.101,"High=96, Low=244",Control,0.8500000000000001,1.5,1
high,120,0.5167,0.775,0.1017,"High=120, Low=305",DIR,0.8500000000000001,1.5,1
high,120,0.4889,0.7333,0.1081,"High=120, Low=305",BSAM,0.8500000000000001,1.5,1
high,120,0.45,0.675,0.1213,"High=120, Low=305",DILA,0.8500000000000001,1.5,1
high,96,0.4524,0.7917,0.101,"High=96, Low=244",Control,0.8500000000000001,1.75,1
high,120,0.4667,0.8167,0.1017,"High=120, Low=305",DIR,0.8500000000000001,1.75,1
high,120,0.4667,0.8167,0.1081,"High=120, Low=305",BSAM,0.8500000000000001,1.75,1
high,120,0.419,0.7333,0.1213,"High=120, Low=305",DILA,0.8500000000000001,1.75,1
high,96,0.4219,0.8438,0.101,"High=96, Low=244",Control,0.8500000000000001,2.0,1
high,120,0.4208,0.8417,0.1017,"High=120, Low=305",DIR,0.8500000000000001,2.0,1
high,120,0.4208,0.8417,0.1081,"High=120, Low=305",BSAM,0.8500000000000001,2.0,1
high,120,0.3792,0.7583,0.1213,"High=120, Low=305",DILA,0.8500000000000001,2.0,1
high,96,0.3935,0.8854,0.101,"High=96, Low=244",Control,0.8500000000000001,2.25,1
high,120,0.3815,0.8583,0.1017,"High=120, Low=305",DIR,0.8500000000000001,2.25,1
high,120,0.3815,0.8583,0.1081,"High=120, Low=305",BSAM,0.8500000000000001,2.25,1
high,120,0.3556,0.8,0.1213,"High=120, Low=305",DILA,0.8500000000000001,2.25,1
high,96,0.3542,0.8854,0.101,"High=96, Low=244",Control,0.8500000000000001,2.5,1
high,120,0.35,0.875,0.1017,"High=120, Low=305",DIR,0.8500000000000001,2.5,1
high,120,0.3567,0.8917,0.1081,"High=120, Low=305",BSAM,0.8500000000000001,2.5,1
high,120,0.3367,0.8417,0.1213,"High=120, Low=305",DILA,0.8500000000000001,2.5,1
high,96,0.3258,0.8958,0.101,"High=96, Low=244",Control,0.8500000000000001,2.75,1
high,120,0.3182,0.875,0.1017,"High=120, Low=305",DIR,0.8500000000000001,2.75,1
high,120,0.3242,0.8917,0.1081,"High=120, Low=305",BSAM,0.8500000000000001,2.75,1
high,120,0.3152,0.8667,0.1213,"High=120, Low=305",DILA,0.8500000000000001,2.75,1
high,96,0.3021,0.9062,0.101,"High=96, Low=244",Control,0.8500000000000001,3.0,1
high,120,0.2917,0.875,0.1017,"High=120, Low=305",DIR,0.8500000000000001,3.0,1
high,120,0.2972,0.8917,0.1081,"High=120, Low=305",BSAM,0.8500000000000001,3.0,1
high,120,0.2917,0.875,0.1213,"High=120, Low=305",DILA,0.8500000000000001,3.0,1
high,48,0.75,0.375,0.1162,"High=48, Low=176",Control,0.9,0.5,1
high,60,0.6667,0.3333,0.1203,"High=60, Low=220",DIR,0.9,0.5,1
high,60,0.7333,0.3667,0.1379,"High=60, Low=220",BSAM,0.9,0.5,1
high,60,0.6,0.3,0.1474,"High=60, Low=220",DILA,0.9,0.5,1
high,48,0.6667,0.5,0.1162,"High=48, Low=176",Control,0.9,0.75,1
high,60,0.5778,0.4333,0.1203,"High=60, Low=220",DIR,0.9,0.75,1
high,60,0.6,0.45,0.1379,"High=60, Low=220",BSAM,0.9,0.75,1
high,60,0.5333,0.4,0.1474,"High=60, Low=220",DILA,0.9,0.75,1
high,48,0.5,0.5,0.1162,"High=48, Low=176",Control,0.9,1.0,1
high,60,0.5,0.5,0.1203,"High=60, Low=220",DIR,0.9,1.0,1
high,60,0.4833,0.4833,0.1379,"High=60, Low=220",BSAM,0.9,1.0,1
high,60,0.4167,0.4167,0.1474,"High=60, Low=220",DILA,0.9,1.0,1
high,48,0.45,0.5625,0.1162,"High=48, Low=176",Control,0.9,1.25,1
high,60,0.4267,0.5333,0.1203,"High=60, Low=220",DIR,0.9,1.25,1
high,60,0.4,0.5,0.1379,"High=60, Low=220",BSAM,0.9,1.25,1
high,60,0.3733,0.4667,0.1474,"High=60, Low=220",DILA,0.9,1.25,1
high,48,0.4167,0.625,0.1162,"High=48, Low=176",Control,0.9,1.5,1
high,60,0.4111,0.6167,0.1203,"High=60, Low=220",DIR,0.9,1.5,1
high,60,0.3444,0.5167,0.1379,"High=60, Low=220",BSAM,0.9,1.5,1
high,60,0.3111,0.4667,0.1474,"High=60, Low=220",DILA,0.9,1.5,1
high,48,0.4048,0.7083,0.1162,"High=48, Low=176",Control,0.9,1.75,1
high,60,0.3619,0.6333,0.1203,"High=60, Low=220",DIR,0.9,1.75,1
high,60,0.3048,0.5333,0.1379,"High=60, Low=220",BSAM,0.9,1.75,1
high,60,0.2857,0.5,0.1474,"High=60, Low=220",DILA,0.9,1.75,1
high,48,0.375,0.75,0.1162,"High=48, Low=176",Control,0.9,2.0,1
high,60,0.3167,0.6333,0.1203,"High=60, Low=220",DIR,0.9,2.0,1
high,60,0.3083,0.6167,0.1379,"High=60, Low=220",BSAM,0.9,2.0,1
high,60,0.275,0.55,0.1474,"High=60, Low=220",DILA,0.9,2.0,1
high,48,0.3519,0.7917,0.1162,"High=48, Low=176",Control,0.9,2.25,1
high,60,0.3111,0.7,0.1203,"High=60, Low=220",DIR,0.9,2.25,1
high,60,0.2889,0.65,0.1379,"High=60, Low=220",BSAM,0.9,2.25,1
high,60,0.2667,0.6,0.1474,"High=60, Low=220",DILA,0.9,2.25,1
high,48,0.325,0.8125,0.1162,"High=48, Low=176",Control,0.9,2.5,1
high,60,0.2867,0.7167,0.1203,"High=60, Low=220",DIR,0.9,2.5,1
high,60,0.2867,0.7167,0.1379,"High=60, Low=220",BSAM,0.9,2.5,1
high,60,0.26,0.65,0.1474,"High=60, Low=220",DILA,0.9,2.5,1
high,48,0.303,0.8333,0.1162,"High=48, Low=176",Control,0.9,2.75,1
high,60,0.2667,0.7333,0.1203,"High=60, Low=220",DIR,0.9,2.75,1
high,60,0.2606,0.7167,0.1379,"High=60, Low=220",BSAM,0.9,2.75,1
high,60,0.2545,0.7,0.1474,"High=60, Low=220",DILA,0.9,2.75,1
high,48,0.2778,0.8333,0.1162,"High=48, Low=176",Control,0.9,3.0,1
high,60,0.2556,0.7667,0.1203,"High=60, Low=220",DIR,0.9,3.0,1
high,60,0.25,0.75,0.1379,"High=60, Low=220",BSAM,0.9,3.0,1
high,60,0.2333,0.7,0.1474,"High=60, Low=220",DILA,0.9,3.0,1
high,465,0.8841,0.443,0.0921,"High=465, Low=1190",Control,0.5,0.5,2
high,372,0.8387,0.4194,0.0905,"High=372, Low=952",DIR,0.5,0.5,2
high,465,0.8412,0.4215,0.0903,"High=465, Low=1190",BSAM,0.5,0.5,2
high,465,0.8155,0.4086,0.0981,"High=465, Low=1190",DILA,0.5,0.5,2
high,465,0.7937,0.5957,0.0921,"High=465, Low=1190",Control,0.5,0.75,2
high,372,0.767,0.5753,0.0905,"High=372, Low=952",DIR,0.5,0.75,2
high,465,0.788,0.5914,0.0903,"High=465, Low=1190",BSAM,0.5,0.75,2
high,465,0.7536,0.5656,0.0981,"High=465, Low=1190",DILA,0.5,0.75,2
high,465,0.6817,0.6817,0.0921,"High=465, Low=1190",Control,0.5,1.0,2
high,372,0.6801,0.6801,0.0905,"High=372, Low=952",DIR,0.5,1.0,2
high,465,0.7247,0.7247,0.0903,"High=465, Low=1190",BSAM,0.5,1.0,2
high,465,0.671,0.671,0.0981,"High=465, Low=1190",DILA,0.5,1.0,2
high,465,0.6048,0.757,0.0921,"High=465, Low=1190",Control,0.5,1.25,2
high,372,0.5978,0.7473,0.0905,"High=372, Low=952",DIR,0.5,1.25,2
high,465,0.6478,0.8108,0.0903,"High=465, Low=1190",BSAM,0.5,1.25,2
high,465,0.5962,0.7462,0.0981,"High=465, Low=1190",DILA,0.5,1.25,2
high,465,0.5415,0.8129,0.0921,"High=465, Low=1190",Control,0.5,1.5,2
high,372,0.543,0.8145,0.0905,"High=372, Low=952",DIR,0.5,1.5,2
high,465,0.5602,0.8409,0.0903,"High=465, Low=1190",BSAM,0.5,1.5,2
high,465,0.5301,0.7957,0.0981,"High=465, Low=1190",DILA,0.5,1.5,2
high,465,0.4803,0.8409,0.0921,"High=465, Low=1190",Control,0.5,1.75,2
high,372,0.4916,0.8602,0.0905,"High=372, Low=952",DIR,0.5,1.75,2
high,465,0.4939,0.8645,0.0903,"High=465, Low=1190",BSAM,0.5,1.75,2
high,465,0.4742,0.8301,0.0981,"High=465, Low=1190",DILA,0.5,1.75,2
high,465,0.4344,0.8688,0.0921,"High=465, Low=1190",Control,0.5,2.0,2
high,372,0.4395,0.879,0.0905,"High=372, Low=952",DIR,0.5,2.0,2
high,465,0.4441,0.8882,0.0903,"High=465, Low=1190",BSAM,0.5,2.0,2
high,465,0.429,0.8581,0.0981,"High=465, Low=1190",DILA,0.5,2.0,2
high,465,0.3878,0.8731,0.0921,"High=465, Low=1190",Control,0.5,2.25,2
high,372,0.399,0.8978,0.0905,"High=372, Low=952",DIR,0.5,2.25,2
high,465,0.4011,0.9032,0.0903,"High=465, Low=1190",BSAM,0.5,2.25,2
high,465,0.3973,0.8946,0.0981,"High=465, Low=1190",DILA,0.5,2.25,2
high,465,0.356,0.8903,0.0921,"High=465, Low=1190",Control,0.5,2.5,2
high,372,0.3624,0.9059,0.0905,"High=372, Low=952",DIR,0.5,2.5,2
high,465,0.3646,0.9118,0.0903,"High=465, Low=1190",BSAM,0.5,2.5,2
high,465,0.3654,0.914,0.0981,"High=465, Low=1190",DILA,0.5,2.5,2
high,465,0.3284,0.9032,0.0921,"High=465, Low=1190",Control,0.5,2.75,2
high,372,0.3324,0.914,0.0905,"High=372, Low=952",DIR,0.5,2.75,2
high,465,0.3331,0.9161,0.0903,"High=465, Low=1190",BSAM,0.5,2.75,2
high,465,0.3378,0.929,0.0981,"High=465, Low=1190",DILA,0.5,2.75,2
high,465,0.3054,0.9161,0.0921,"High=465, Low=1190",Control,0.5,3.0,2
high,372,0.3073,0.922,0.0905,"High=372, Low=952",DIR,0.5,3.0,2
high,465,0.3061,0.9183,0.0903,"High=465, Low=1190",BSAM,0.5,3.0,2
high,465,0.3133,0.9398,0.0981,"High=465, Low=1190",DILA,0.5,3.0,2
high,405,0.9015,0.4519,0.0904,"High=405, Low=1055",Control,0.55,0.5,2
high,324,0.8272,0.4136,0.0922,"High=324, Low=844",DIR,0.55,0.5,2
high,405,0.8522,0.4272,0.0891,"High=405, Low=1055",BSAM,0.55,0.5,2
high,405,0.8276,0.4148,0.0978,"High=405, Low=1055",DILA,0.55,0.5,2
high,405,0.8059,0.6049,0.0904,"High=405, Low=1055",Control,0.55,0.75,2
high,324,0.7531,0.5648,0.0922,"High=324, Low=844",DIR,0.55,0.75,2
high,405,0.7763,0.5827,0.0891,"High=405, Low=1055",BSAM,0.55,0.75,2
high,405,0.7434,0.558,0.0978,"High=405, Low=1055",DILA,0.55,0.75,2
high,405,0.6938,0.6938,0.0904,"High=405, Low=1055",Control,0.55,1.0,2
high,324,0.6667,0.6667,0.0922,"High=324, Low=844",DIR,0.55,1.0,2
high,405,0.716,0.716,0.0891,"High=405, Low=1055",BSAM,0.55,1.0,2
high,405,0.6593,0.6593,0.0978,"High=405, Low=1055",DILA,0.55,1.0,2
high,405,0.6075,0.7605,0.0904,"High=405, Low=1055",Control,0.55,1.25,2
high,324,0.5852,0.7315,0.0922,"High=324, Low=844",DIR,0.55,1.25,2
high,405,0.645,0.8074,0.0891,"High=405, Low=1055",BSAM,0.55,1.25,2
high,405,0.5897,0.7383,0.0978,"High=405, Low=1055",DILA,0.55,1.25,2
high,405,0.5395,0.8099,0.0904,"High=405, Low=1055",Control,0.55,1.5,2
high,324,0.5206,0.7809,0.0922,"High=324, Low=844",DIR,0.55,1.5,2
high,405,0.5691,0.8543,0.0891,"High=405, Low=1055",BSAM,0.55,1.5,2
high,405,0.5312,0.7975,0.0978,"High=405, Low=1055",DILA,0.55,1.5,2
high,405,0.4838,0.8469,0.0904,"High=405, Low=1055",Control,0.55,1.75,2
high,324,0.4727,0.8272,0.0922,"High=324, Low=844",DIR,0.55,1.75,2
high,405,0.5021,0.879,0.0891,"High=405, Low=1055",BSAM,0.55,1.75,2
high,405,0.4711,0.8247,0.0978,"High=405, Low=1055",DILA,0.55,1.75,2
high,405,0.4346,0.8691,0.0904,"High=405, Low=1055",Control,0.55,2.0,2
high,324,0.4352,0.8704,0.0922,"High=324, Low=844",DIR,0.55,2.0,2
high,405,0.4481,0.8963,0.0891,"High=405, Low=1055",BSAM,0.55,2.0,2
high,405,0.4272,0.8543,0.0978,"High=405, Low=1055",DILA,0.55,2.0,2
high,405,0.3969,0.8938,0.0904,"High=405, Low=1055",Control,0.55,2.25,2
high,324,0.3964,0.892,0.0922,"High=324, Low=844",DIR,0.55,2.25,2
high,405,0.4079,0.9185,0.0891,"High=405, Low=1055",BSAM,0.55,2.25,2
high,405,0.3914,0.8815,0.0978,"High=405, Low=1055",DILA,0.55,2.25,2
high,405,0.3593,0.8988,0.0904,"High=405, Low=1055",Control,0.55,2.5,2
high,324,0.3642,0.9105,0.0922,"High=324, Low=844",DIR,0.55,2.5,2
high,405,0.3702,0.9259,0.0891,"High=405, Low=1055",BSAM,0.55,2.5,2
high,405,0.3633,0.9086,0.0978,"High=405, Low=1055",DILA,0.55,2.5,2
high,405,0.3312,0.9111,0.0904,"High=405, Low=1055",Control,0.55,2.75,2
high,324,0.3345,0.9198,0.0922,"High=324, Low=844",DIR,0.55,2.75,2
high,405,0.3411,0.9383,0.0891,"High=405, Low=1055",BSAM,0.55,2.75,2
high,405,0.3375,0.9284,0.0978,"High=405, Low=1055",DILA,0.55,2.75,2
high,405,0.3062,0.9185,0.0904,"High=405, Low=1055",Control,0.55,3.0,2
high,324,0.3097,0.929,0.0922,"High=324, Low=844",DIR,0.55,3.0,2
high,405,0.3144,0.9432,0.0891,"High=405, Low=1055",BSAM,0.55,3.0,2
high,405,0.3152,0.9457,0.0978,"High=405, Low=1055",DILA,0.55,3.0,2
high,360,0.8667,0.4333,0.0909,"High=360, Low=940",Control,0.6,0.5,2
high,288,0.8194,0.4097,0.0959,"High=288, Low=752",DIR,0.6,0.5,2
high,360,0.8278,0.4139,0.0928,"High=360, Low=940",BSAM,0.6,0.5,2
high,360,0.8222,0.4111,0.102,"High=360, Low=940",DILA,0.6,0.5,2
high,360,0.7667,0.575,0.0909,"High=360, Low=940",Control,0.6,0.75,2
high,288,0.7593,0.5694,0.0959,"High=288, Low=752",DIR,0.6,0.75,2
high,360,0.7741,0.5806,0.0928,"High=360, Low=940",BSAM,0.6,0.75,2
high,360,0.7222,0.5417,0.102,"High=360, Low=940",DILA,0.6,0.75,2
high,360,0.6806,0.6806,0.0909,"High=360, Low=940",Control,0.6,1.0,2
high,288,0.6736,0.6736,0.0959,"High=288, Low=752",DIR,0.6,1.0,2
high,360,0.6944,0.6944,0.0928,"High=360, Low=940",BSAM,0.6,1.0,2
high,360,0.6361,0.6361,0.102,"High=360, Low=940",DILA,0.6,1.0,2
high,360,0.5889,0.7361,0.0909,"High=360, Low=940",Control,0.6,1.25,2
high,288,0.5861,0.7326,0.0959,"High=288, Low=752",DIR,0.6,1.25,2
high,360,0.6222,0.7778,0.0928,"High=360, Low=940",BSAM,0.6,1.25,2
high,360,0.58,0.725,0.102,"High=360, Low=940",DILA,0.6,1.25,2
high,360,0.5259,0.7889,0.0909,"High=360, Low=940",Control,0.6,1.5,2
high,288,0.5162,0.7743,0.0959,"High=288, Low=752",DIR,0.6,1.5,2
high,360,0.5648,0.8472,0.0928,"High=360, Low=940",BSAM,0.6,1.5,2
high,360,0.5148,0.7722,0.102,"High=360, Low=940",DILA,0.6,1.5,2
high,360,0.4778,0.8361,0.0909,"High=360, Low=940",Control,0.6,1.75,2
high,288,0.4643,0.8125,0.0959,"High=288, Low=752",DIR,0.6,1.75,2
high,360,0.4984,0.8722,0.0928,"High=360, Low=940",BSAM,0.6,1.75,2
high,360,0.4667,0.8167,0.102,"High=360, Low=940",DILA,0.6,1.75,2
high,360,0.4306,0.8611,0.0909,"High=360, Low=940",Control,0.6,2.0,2
high,288,0.4201,0.8403,0.0959,"High=288, Low=752",DIR,0.6,2.0,2
high,360,0.4431,0.8861,0.0928,"High=360, Low=940",BSAM,0.6,2.0,2
high,360,0.4208,0.8417,0.102,"High=360, Low=940",DILA,0.6,2.0,2
high,360,0.3901,0.8778,0.0909,"High=360, Low=940",Control,0.6,2.25,2
high,288,0.3873,0.8715,0.0959,"High=288, Low=752",DIR,0.6,2.25,2
high,360,0.4,0.9,0.0928,"High=360, Low=940",BSAM,0.6,2.25,2
high,360,0.384,0.8639,0.102,"High=360, Low=940",DILA,0.6,2.25,2
high,360,0.3567,0.8917,0.0909,"High=360, Low=940",Control,0.6,2.5,2
high,288,0.3583,0.8958,0.0959,"High=288, Low=752",DIR,0.6,2.5,2
high,360,0.3667,0.9167,0.0928,"High=360, Low=940",BSAM,0.6,2.5,2
high,360,0.3556,0.8889,0.102,"High=360, Low=940",DILA,0.6,2.5,2
high,360,0.3263,0.8972,0.0909,"High=360, Low=940",Control,0.6,2.75,2
high,288,0.3295,0.9062,0.0959,"High=288, Low=752",DIR,0.6,2.75,2
high,360,0.3364,0.925,0.0928,"High=360, Low=940",BSAM,0.6,2.75,2
high,360,0.3303,0.9083,0.102,"High=360, Low=940",DILA,0.6,2.75,2
high,360,0.3009,0.9028,0.0909,"High=360, Low=940",Control,0.6,3.0,2
high,288,0.3044,0.9132,0.0959,"High=288, Low=752",DIR,0.6,3.0,2
high,360,0.3111,0.9333,0.0928,"High=360, Low=940",BSAM,0.6,3.0,2
high,360,0.3074,0.9222,0.102,"High=360, Low=940",DILA,0.6,3.0,2
high,310,0.871,0.4355,0.087,"High=310, Low=795",Control,0.65,0.5,2
high,248,0.871,0.4355,0.0884,"High=248, Low=636",DIR,0.65,0.5,2
high,310,0.8516,0.4258,0.0865,"High=310, Low=795",BSAM,0.65,0.5,2
high,310,0.8581,0.429,0.0997,"High=310, Low=795",DILA,0.65,0.5,2
high,310,0.7897,0.5935,0.087,"High=310, Low=795",Control,0.65,0.75,2
high,248,0.7634,0.5726,0.0884,"High=248, Low=636",DIR,0.65,0.75,2
high,310,0.7682,0.5774,0.0865,"High=310, Low=795",BSAM,0.65,0.75,2
high,310,0.7296,0.5484,0.0997,"High=310, Low=795",DILA,0.65,0.75,2
high,310,0.7065,0.7065,0.087,"High=310, Low=795",Control,0.65,1.0,2
high,248,0.6855,0.6855,0.0884,"High=248, Low=636",DIR,0.65,1.0,2
high,310,0.6871,0.6871,0.0865,"High=310, Low=795",BSAM,0.65,1.0,2
high,310,0.6452,0.6452,0.0997,"High=310, Low=795",DILA,0.65,1.0,2
high,310,0.616,0.771,0.087,"High=310, Low=795",Control,0.65,1.25,2
high,248,0.6161,0.7702,0.0884,"High=248, Low=636",DIR,0.65,1.25,2
high,310,0.6392,0.8,0.0865,"High=310, Low=795",BSAM,0.65,1.25,2
high,310,0.5773,0.7226,0.0997,"High=310, Low=795",DILA,0.65,1.25,2
high,310,0.5398,0.8097,0.087,"High=310, Low=795",Control,0.65,1.5,2
high,248,0.5403,0.8105,0.0884,"High=248, Low=636",DIR,0.65,1.5,2
high,310,0.5613,0.8419,0.0865,"High=310, Low=795",BSAM,0.65,1.5,2
high,310,0.5247,0.7871,0.0997,"High=310, Low=795",DILA,0.65,1.5,2
high,310,0.4807,0.8419,0.087,"High=310, Low=795",Control,0.65,1.75,2
high,248,0.4816,0.8427,0.0884,"High=248, Low=636",DIR,0.65,1.75,2
high,310,0.5083,0.8903,0.0865,"High=310, Low=795",BSAM,0.65,1.75,2
high,310,0.4715,0.8258,0.0997,"High=310, Low=795",DILA,0.65,1.75,2
high,310,0.4403,0.8806,0.087,"High=310, Low=795",Control,0.65,2.0,2
high,248,0.4315,0.8629,0.0884,"High=248, Low=636",DIR,0.65,2.0,2
high,310,0.4548,0.9097,0.0865,"High=310, Low=795",BSAM,0.65,2.0,2
high,310,0.4355,0.871,0.0997,"High=310, Low=795",DILA,0.65,2.0,2
high,310,0.4011,0.9032,0.087,"High=310, Low=795",Control,0.65,2.25,2
high,248,0.3978,0.8952,0.0884,"High=248, Low=636",DIR,0.65,2.25,2
high,310,0.4083,0.9194,0.0865,"High=310, Low=795",BSAM,0.65,2.25,2
high,310,0.3954,0.8903,0.0997,"High=310, Low=795",DILA,0.65,2.25,2
high,310,0.3665,0.9161,0.087,"High=310, Low=795",Control,0.65,2.5,2
high,248,0.3677,0.9194,0.0884,"High=248, Low=636",DIR,0.65,2.5,2
high,310,0.3742,0.9355,0.0865,"High=310, Low=795",BSAM,0.65,2.5,2
high,310,0.3652,0.9129,0.0997,"High=310, Low=795",DILA,0.65,2.5,2
high,310,0.3341,0.9194,0.087,"High=310, Low=795",Control,0.65,2.75,2
high,248,0.3446,0.9476,0.0884,"High=248, Low=636",DIR,0.65,2.75,2
high,310,0.3423,0.9419,0.0865,"High=310, Low=795",BSAM,0.65,2.75,2
high,310,0.3341,0.9194,0.0997,"High=310, Low=795",DILA,0.65,2.75,2
high,310,0.3097,0.929,0.087,"High=310, Low=795",Control,0.65,3.0,2
high,248,0.3159,0.9476,0.0884,"High=248, Low=636",DIR,0.65,3.0,2
high,310,0.3172,0.9516,0.0865,"High=310, Low=795",BSAM,0.65,3.0,2
high,310,0.3118,0.9355,0.0997,"High=310, Low=795",DILA,0.65,3.0,2
high,260,0.8615,0.4308,0.0892,"High=260, Low=685",Control,0.7,0.5,2
high,208,0.8365,0.4183,0.092,"High=208, Low=548",DIR,0.7,0.5,2
high,260,0.8385,0.4192,0.0887,"High=260, Low=685",BSAM,0.7,0.5,2
high,260,0.8615,0.4308,0.1007,"High=260, Low=685",DILA,0.7,0.5,2
high,260,0.7949,0.5962,0.0892,"High=260, Low=685",Control,0.7,0.75,2
high,208,0.7628,0.5721,0.092,"High=208, Low=548",DIR,0.7,0.75,2
high,260,0.7385,0.5538,0.0887,"High=260, Low=685",BSAM,0.7,0.75,2
high,260,0.7436,0.5577,0.1007,"High=260, Low=685",DILA,0.7,0.75,2
high,260,0.6808,0.6808,0.0892,"High=260, Low=685",Control,0.7,1.0,2
high,208,0.6635,0.6635,0.092,"High=208, Low=548",DIR,0.7,1.0,2
high,260,0.6731,0.6731,0.0887,"High=260, Low=685",BSAM,0.7,1.0,2
high,260,0.6385,0.6385,0.1007,"High=260, Low=685",DILA,0.7,1.0,2
high,260,0.6215,0.7769,0.0892,"High=260, Low=685",Control,0.7,1.25,2
high,208,0.5923,0.7404,0.092,"High=208, Low=548",DIR,0.7,1.25,2
high,260,0.6,0.75,0.0887,"High=260, Low=685",BSAM,0.7,1.25,2
high,260,0.56,0.7,0.1007,"High=260, Low=685",DILA,0.7,1.25,2
high,260,0.5385,0.8077,0.0892,"High=260, Low=685",Control,0.7,1.5,2
high,208,0.5353,0.8029,0.092,"High=208, Low=548",DIR,0.7,1.5,2
high,260,0.5487,0.8231,0.0887,"High=260, Low=685",BSAM,0.7,1.5,2
high,260,0.5077,0.7615,0.1007,"High=260, Low=685",DILA,0.7,1.5,2
high,260,0.4835,0.8462,0.0892,"High=260, Low=685",Control,0.7,1.75,2
high,208,0.4835,0.8462,0.092,"High=208, Low=548",DIR,0.7,1.75,2
high,260,0.4945,0.8654,0.0887,"High=260, Low=685",BSAM,0.7,1.75,2
high,260,0.4659,0.8154,0.1007,"High=260, Low=685",DILA,0.7,1.75,2
high,260,0.4327,0.8654,0.0892,"High=260, Low=685",Control,0.7,2.0,2
high,208,0.4399,0.8798,0.092,"High=208, Low=548",DIR,0.7,2.0,2
high,260,0.4519,0.9038,0.0887,"High=260, Low=685",BSAM,0.7,2.0,2
high,260,0.4192,0.8385,0.1007,"High=260, Low=685",DILA,0.7,2.0,2
high,260,0.3932,0.8846,0.0892,"High=260, Low=685",Control,0.7,2.25,2
high,208,0.3953,0.8894,0.092,"High=208, Low=548",DIR,0.7,2.25,2
high,260,0.4068,0.9154,0.0887,"High=260, Low=685",BSAM,0.7,2.25,2
high,260,0.3932,0.8846,0.1007,"High=260, Low=685",DILA,0.7,2.25,2
high,260,0.3631,0.9077,0.0892,"High=260, Low=685",Control,0.7,2.5,2
high,208,0.3615,0.9038,0.092,"High=208, Low=548",DIR,0.7,2.5,2
high,260,0.3723,0.9308,0.0887,"High=260, Low=685",BSAM,0.7,2.5,2
high,260,0.3631,0.9077,0.1007,"High=260, Low=685",DILA,0.7,2.5,2
high,260,0.3357,0.9231,0.0892,"High=260, Low=685",Control,0.7,2.75,2
high,208,0.3322,0.9135,0.092,"High=208, Low=548",DIR,0.7,2.75,2
high,260,0.3413,0.9385,0.0887,"High=260, Low=685",BSAM,0.7,2.75,2
high,260,0.3343,0.9192,0.1007,"High=260, Low=685",DILA,0.7,2.75,2
high,260,0.3103,0.9308,0.0892,"High=260, Low=685",Control,0.7,3.0,2
high,208,0.3141,0.9423,0.092,"High=208, Low=548",DIR,0.7,3.0,2
high,260,0.3179,0.9538,0.0887,"High=260, Low=685",BSAM,0.7,3.0,2
high,260,0.3103,0.9308,0.1007,"High=260, Low=685",DILA,0.7,3.0,2
high,220,0.8273,0.4136,0.0937,"High=220, Low=530",Control,0.75,0.5,2
high,176,0.8523,0.4261,0.0969,"High=176, Low=424",DIR,0.75,0.5,2
high,220,0.8,0.4,0.0927,"High=220, Low=530",BSAM,0.75,0.5,2
high,220,0.7909,0.3955,0.1028,"High=220, Low=530",DILA,0.75,0.5,2
high,220,0.7394,0.5545,0.0937,"High=220, Low=530",Control,0.75,0.75,2
high,176,0.7576,0.5682,0.0969,"High=176, Low=424",DIR,0.75,0.75,2
high,220,0.6848,0.5136,0.0927,"High=220, Low=530",BSAM,0.75,0.75,2
high,220,0.7091,0.5318,0.1028,"High=220, Low=530",DILA,0.75,0.75,2
high,220,0.6591,0.6591,0.0937,"High=220, Low=530",Control,0.75,1.0,2
high,176,0.642,0.642,0.0969,"High=176, Low=424",DIR,0.75,1.0,2
high,220,0.6364,0.6364,0.0927,"High=220, Low=530",BSAM,0.75,1.0,2
high,220,0.6273,0.6273,0.1028,"High=220, Low=530",DILA,0.75,1.0,2
high,220,0.5745,0.7182,0.0937,"High=220, Low=530",Control,0.75,1.25,2
high,176,0.5682,0.7102,0.0969,"High=176, Low=424",DIR,0.75,1.25,2
high,220,0.5745,0.7182,0.0927,"High=220, Low=530",BSAM,0.75,1.25,2
high,220,0.5564,0.6955,0.1028,"High=220, Low=530",DILA,0.75,1.25,2
high,220,0.5242,0.7864,0.0937,"High=220, Low=530",Control,0.75,1.5,2
high,176,0.5152,0.7727,0.0969,"High=176, Low=424",DIR,0.75,1.5,2
high,220,0.5121,0.7682,0.0927,"High=220, Low=530",BSAM,0.75,1.5,2
high,220,0.497,0.7455,0.1028,"High=220, Low=530",DILA,0.75,1.5,2
high,220,0.4649,0.8136,0.0937,"High=220, Low=530",Control,0.75,1.75,2
high,176,0.4675,0.8182,0.0969,"High=176, Low=424",DIR,0.75,1.75,2
high,220,0.4753,0.8318,0.0927,"High=220, Low=530",BSAM,0.75,1.75,2
high,220,0.4494,0.7864,0.1028,"High=220, Low=530",DILA,0.75,1.75,2
high,220,0.4136,0.8273,0.0937,"High=220, Low=530",Control,0.75,2.0,2
high,176,0.4205,0.8409,0.0969,"High=176, Low=424",DIR,0.75,2.0,2
high,220,0.4273,0.8545,0.0927,"High=220, Low=530",BSAM,0.75,2.0,2
high,220,0.4114,0.8227,0.1028,"High=220, Low=530",DILA,0.75,2.0,2
high,220,0.3798,0.8545,0.0937,"High=220, Low=530",Control,0.75,2.25,2
high,176,0.3914,0.8807,0.0969,"High=176, Low=424",DIR,0.75,2.25,2
high,220,0.3939,0.8864,0.0927,"High=220, Low=530",BSAM,0.75,2.25,2
high,220,0.3717,0.8364,0.1028,"High=220, Low=530",DILA,0.75,2.25,2
high,220,0.3473,0.8682,0.0937,"High=220, Low=530",Control,0.75,2.5,2
high,176,0.3591,0.8977,0.0969,"High=176, Low=424",DIR,0.75,2.5,2
high,220,0.3673,0.9182,0.0927,"High=220, Low=530",BSAM,0.75,2.5,2
high,220,0.3473,0.8682,0.1028,"High=220, Low=530",DILA,0.75,2.5,2
high,220,0.324,0.8909,0.0937,"High=220, Low=530",Control,0.75,2.75,2
high,176,0.3285,0.9034,0.0969,"High=176, Low=424",DIR,0.75,2.75,2
high,220,0.3355,0.9227,0.0927,"High=220, Low=530",BSAM,0.75,2.75,2
high,220,0.3289,0.9045,0.1028,"High=220, Low=530",DILA,0.75,2.75,2
high,220,0.3015,0.9045,0.0937,"High=220, Low=530",Control,0.75,3.0,2
high,176,0.3049,0.9148,0.0969,"High=176, Low=424",DIR,0.75,3.0,2
high,220,0.3106,0.9318,0.0927,"High=220, Low=530",BSAM,0.75,3.0,2
high,220,0.3045,0.9136,0.1028,"High=220, Low=530",DILA,0.75,3.0,2
high,160,0.875,0.4375,0.0941,"High=160, Low=420",Control,0.8,0.5,2
high,128,0.8906,0.4453,0.096,"High=128, Low=336",DIR,0.8,0.5,2
high,160,0.85,0.425,0.0891,"High=160, Low=420",BSAM,0.8,0.5,2
high,160,0.775,0.3875,0.1005,"High=160, Low=420",DILA,0.8,0.5,2
high,160,0.7833,0.5875,0.0941,"High=160, Low=420",Control,0.8,0.75,2
high,128,0.7708,0.5781,0.096,"High=128, Low=336",DIR,0.8,0.75,2
high,160,0.775,0.5813,0.0891,"High=160, Low=420",BSAM,0.8,0.75,2
high,160,0.7417,0.5563,0.1005,"High=160, Low=420",DILA,0.8,0.75,2
high,160,0.675,0.675,0.0941,"High=160, Low=420",Control,0.8,1.0,2
high,128,0.6953,0.6953,0.096,"High=128, Low=336",DIR,0.8,1.0,2
high,160,0.6562,0.6562,0.0891,"High=160, Low=420",BSAM,0.8,1.0,2
high,160,0.6625,0.6625,0.1005,"High=160, Low=420",DILA,0.8,1.0,2
high,160,0.595,0.7438,0.0941,"High=160, Low=420",Control,0.8,1.25,2
high,128,0.6,0.75,0.096,"High=128, Low=336",DIR,0.8,1.25,2
high,160,0.59,0.7375,0.0891,"High=160, Low=420",BSAM,0.8,1.25,2
high,160,0.58,0.725,0.1005,"High=160, Low=420",DILA,0.8,1.25,2
high,160,0.5292,0.7937,0.0941,"High=160, Low=420",Control,0.8,1.5,2
high,128,0.5208,0.7812,0.096,"High=128, Low=336",DIR,0.8,1.5,2
high,160,0.5333,0.8,0.0891,"High=160, Low=420",BSAM,0.8,1.5,2
high,160,0.5167,0.775,0.1005,"High=160, Low=420",DILA,0.8,1.5,2
high,160,0.475,0.8313,0.0941,"High=160, Low=420",Control,0.8,1.75,2
high,128,0.4732,0.8281,0.096,"High=128, Low=336",DIR,0.8,1.75,2
high,160,0.4821,0.8438,0.0891,"High=160, Low=420",BSAM,0.8,1.75,2
high,160,0.4714,0.825,0.1005,"High=160, Low=420",DILA,0.8,1.75,2
high,160,0.425,0.85,0.0941,"High=160, Low=420",Control,0.8,2.0,2
high,128,0.4336,0.8672,0.096,"High=128, Low=336",DIR,0.8,2.0,2
high,160,0.4375,0.875,0.0891,"High=160, Low=420",BSAM,0.8,2.0,2
high,160,0.4188,0.8375,0.1005,"High=160, Low=420",DILA,0.8,2.0,2
high,160,0.3833,0.8625,0.0941,"High=160, Low=420",Control,0.8,2.25,2
high,128,0.3924,0.8828,0.096,"High=128, Low=336",DIR,0.8,2.25,2
high,160,0.4,0.9,0.0891,"High=160, Low=420",BSAM,0.8,2.25,2
high,160,0.3833,0.8625,0.1005,"High=160, Low=420",DILA,0.8,2.25,2
high,160,0.3475,0.8688,0.0941,"High=160, Low=420",Control,0.8,2.5,2
high,128,0.3625,0.9062,0.096,"High=128, Low=336",DIR,0.8,2.5,2
high,160,0.3675,0.9187,0.0891,"High=160, Low=420",BSAM,0.8,2.5,2
high,160,0.355,0.8875,0.1005,"High=160, Low=420",DILA,0.8,2.5,2
high,160,0.3182,0.875,0.0941,"High=160, Low=420",Control,0.8,2.75,2
high,128,0.3295,0.9062,0.096,"High=128, Low=336",DIR,0.8,2.75,2
high,160,0.3364,0.925,0.0891,"High=160, Low=420",BSAM,0.8,2.75,2
high,160,0.3295,0.9062,0.1005,"High=160, Low=420",DILA,0.8,2.75,2
high,160,0.2979,0.8938,0.0941,"High=160, Low=420",Control,0.8,3.0,2
high,128,0.3073,0.9219,0.096,"High=128, Low=336",DIR,0.8,3.0,2
high,160,0.3125,0.9375,0.0891,"High=160, Low=420",BSAM,0.8,3.0,2
high,160,0.3021,0.9062,0.1005,"High=160, Low=420",DILA,0.8,3.0,2
high,70,0.5714,0.2857,0.1044,"High=70, Low=315",Control,0.8500000000000001,0.5,2
high,56,0.6071,0.3036,0.1348,"High=56, Low=252",DIR,0.8500000000000001,0.5,2
high,70,0.4857,0.2429,0.13,"High=70, Low=315",BSAM,0.8500000000000001,0.5,2
high,70,0.6286,0.3143,0.1047,"High=70, Low=315",DILA,0.8500000000000001,0.5,2
high,70,0.434,0.3286,0.1044,"High=70, Low=315",Control,0.8500000000000001,0.75,2
high,56,0.5,0.375,0.1348,"High=56, Low=252",DIR,0.8500000000000001,0.75,2
high,70,0.434,0.3286,0.13,"High=70, Low=315",BSAM,0.8500000000000001,0.75,2
high,70,0.566,0.4286,0.1047,"High=70, Low=315",DILA,0.8500000000000001,0.75,2
high,70,0.4571,0.4571,0.1044,"High=70, Low=315",Control,0.8500000000000001,1.0,2
high,56,0.4464,0.4464,0.1348,"High=56, Low=252",DIR,0.8500000000000001,1.0,2
high,70,0.4286,0.4286,0.13,"High=70, Low=315",BSAM,0.8500000000000001,1.0,2
high,70,0.4857,0.4857,0.1047,"High=70, Low=315",DILA,0.8500000000000001,1.0,2
high,70,0.3864,0.4857,0.1044,"High=70, Low=315",Control,0.8500000000000001,1.25,2
high,56,0.3857,0.4821,0.1348,"High=56, Low=252",DIR,0.8500000000000001,1.25,2
high,70,0.3977,0.5,0.13,"High=70, Low=315",BSAM,0.8500000000000001,1.25,2
high,70,0.4205,0.5286,0.1047,"High=70, Low=315",DILA,0.8500000000000001,1.25,2
high,70,0.4095,0.6143,0.1044,"High=70, Low=315",Control,0.8500000000000001,1.5,2
high,56,0.369,0.5536,0.1348,"High=56, Low=252",DIR,0.8500000000000001,1.5,2
high,70,0.3619,0.5429,0.13,"High=70, Low=315",BSAM,0.8500000000000001,1.5,2
high,70,0.3905,0.5857,0.1047,"High=70, Low=315",DILA,0.8500000000000001,1.5,2
high,70,0.3902,0.6857,0.1044,"High=70, Low=315",Control,0.8500000000000001,1.75,2
high,56,0.3265,0.5714,0.1348,"High=56, Low=252",DIR,0.8500000000000001,1.75,2
high,70,0.3415,0.6,0.13,"High=70, Low=315",BSAM,0.8500000000000001,1.75,2
high,70,0.3577,0.6286,0.1047,"High=70, Low=315",DILA,0.8500000000000001,1.75,2
high,70,0.3643,0.7286,0.1044,"High=70, Low=315",Control,0.8500000000000001,2.0,2
high,56,0.3125,0.625,0.1348,"High=56, Low=252",DIR,0.8500000000000001,2.0,2
high,70,0.3071,0.6143,0.13,"High=70, Low=315",BSAM,0.8500000000000001,2.0,2
high,70,0.35,0.7,0.1047,"High=70, Low=315",DILA,0.8500000000000001,2.0,2
high,70,0.3418,0.7714,0.1044,"High=70, Low=315",Control,0.8500000000000001,2.25,2
high,56,0.3175,0.7143,0.1348,"High=56, Low=252",DIR,0.8500000000000001,2.25,2
high,70,0.2911,0.6571,0.13,"High=70, Low=315",BSAM,0.8500000000000001,2.25,2
high,70,0.3228,0.7286,0.1047,"High=70, Low=315",DILA,0.8500000000000001,2.25,2
high,70,0.32,0.8,0.1044,"High=70, Low=315",Control,0.8500000000000001,2.5,2
high,56,0.2929,0.7321,0.1348,"High=56, Low=252",DIR,0.8500000000000001,2.5,2
high,70,0.2743,0.6857,0.13,"High=70, Low=315",BSAM,0.8500000000000001,2.5,2
high,70,0.3086,0.7714,0.1047,"High=70, Low=315",DILA,0.8500000000000001,2.5,2
high,70,0.3109,0.8571,0.1044,"High=70, Low=315",Control,0.8500000000000001,2.75,2
high,56,0.2662,0.7321,0.1348,"High=56, Low=252",DIR,0.8500000000000001,2.75,2
high,70,0.2591,0.7143,0.13,"High=70, Low=315",BSAM,0.8500000000000001,2.75,2
high,70,0.285,0.7857,0.1047,"High=70, Low=315",DILA,0.8500000000000001,2.75,2
high,70,0.2952,0.8857,0.1044,"High=70, Low=315",Control,0.8500000000000001,3.0,2
high,56,0.244,0.7321,0.1348,"High=56, Low=252",DIR,0.8500000000000001,3.0,2
high,70,0.2381,0.7143,0.13,"High=70, Low=315",BSAM,0.8500000000000001,3.0,2
high,70,0.281,0.8429,0.1047,"High=70, Low=315",DILA,0.8500000000000001,3.0,2
high,40,0.45,0.225,0.132,"High=40, Low=205",Control,0.9,0.5,2
high,32,0.5,0.25,0.1704,"High=32, Low=164",DIR,0.9,0.5,2
high,40,0.3,0.15,0.1714,"High=40, Low=205",BSAM,0.9,0.5,2
high,40,0.5,0.25,0.1135,"High=40, Low=205",DILA,0.9,0.5,2
high,40,0.3333,0.25,0.132,"High=40, Low=205",Control,0.9,0.75,2
high,32,0.3333,0.25,0.1704,"High=32, Low=164",DIR,0.9,0.75,2
high,40,0.2667,0.2,0.1714,"High=40, Low=205",BSAM,0.9,0.75,2
high,40,0.4333,0.325,0.1135,"High=40, Low=205",DILA,0.9,0.75,2
high,40,0.275,0.275,0.132,"High=40, Low=205",Control,0.9,1.0,2
high,32,0.3438,0.3438,0.1704,"High=32, Low=164",DIR,0.9,1.0,2
high,40,0.2,0.2,0.1714,"High=40, Low=205",BSAM,0.9,1.0,2
high,40,0.35,0.35,0.1135,"High=40, Low=205",DILA,0.9,1.0,2
high,40,0.26,0.325,0.132,"High=40, Low=205",Control,0.9,1.25,2
high,32,0.325,0.4062,0.1704,"High=32, Low=164",DIR,0.9,1.25,2
high,40,0.2,0.25,0.1714,"High=40, Low=205",BSAM,0.9,1.25,2
high,40,0.36,0.45,0.1135,"High=40, Low=205",DILA,0.9,1.25,2
high,40,0.2333,0.35,0.132,"High=40, Low=205",Control,0.9,1.5,2
high,32,0.2917,0.4375,0.1704,"High=32, Low=164",DIR,0.9,1.5,2
high,40,0.1667,0.25,0.1714,"High=40, Low=205",BSAM,0.9,1.5,2
high,40,0.3167,0.475,0.1135,"High=40, Low=205",DILA,0.9,1.5,2
high,40,0.2571,0.45,0.132,"High=40, Low=205",Control,0.9,1.75,2
high,32,0.2679,0.4688,0.1704,"High=32, Low=164",DIR,0.9,1.75,2
high,40,0.1857,0.325,0.1714,"High=40, Low=205",BSAM,0.9,1.75,2
high,40,0.3,0.525,0.1135,"High=40, Low=205",DILA,0.9,1.75,2
high,40,0.2375,0.475,0.132,"High=40, Low=205",Control,0.9,2.0,2
high,32,0.2656,0.5312,0.1704,"High=32, Low=164",DIR,0.9,2.0,2
high,40,0.2,0.4,0.1714,"High=40, Low=205",BSAM,0.9,2.0,2
high,40,0.275,0.55,0.1135,"High=40, Low=205",DILA,0.9,2.0,2
high,40,0.2111,0.475,0.132,"High=40, Low=205",Control,0.9,2.25,2
high,32,0.25,0.5625,0.1704,"High=32, Low=164",DIR,0.9,2.25,2
high,40,0.2111,0.475,0.1714,"High=40, Low=205",BSAM,0.9,2.25,2
high,40,0.2444,0.55,0.1135,"High=40, Low=205",DILA,0.9,2.25,2
high,40,0.23,0.575,0.132,"High=40, Low=205",Control,0.9,2.5,2
high,32,0.225,0.5625,0.1704,"High=32, Low=164",DIR,0.9,2.5,2
high,40,0.19,0.475,0.1714,"High=40, Low=205",BSAM,0.9,2.5,2
high,40,0.23,0.575,0.1135,"High=40, Low=205",DILA,0.9,2.5,2
high,40,0.2545,0.7,0.132,"High=40, Low=205",Control,0.9,2.75,2
high,32,0.2273,0.625,0.1704,"High=32, Low=164",DIR,0.9,2.75,2
high,40,0.1909,0.525,0.1714,"High=40, Low=205",BSAM,0.9,2.75,2
high,40,0.2182,0.6,0.1135,"High=40, Low=205",DILA,0.9,2.75,2
high,40,0.2417,0.725,0.132,"High=40, Low=205",Control,0.9,3.0,2
high,32,0.2083,0.625,0.1704,"High=32, Low=164",DIR,0.9,3.0,2
high,40,0.1917,0.575,0.1714,"High=40, Low=205",BSAM,0.9,3.0,2
high,40,0.2083,0.625,0.1135,"High=40, Low=205",DILA,0.9,3.0,2
high,435,0.8578,0.4299,0.0825,"High=435, Low=1075",Control,0.5,0.5,3
high,435,0.8532,0.4276,0.0791,"High=435, Low=1075",DIR,0.5,0.5,3
high,435,0.867,0.4345,0.079,"High=435, Low=1075",BSAM,0.5,0.5,3
high,435,0.8624,0.4322,0.0852,"High=435, Low=1075",DILA,0.5,0.5,3
high,435,0.7492,0.5632,0.0825,"High=435, Low=1075",Control,0.5,0.75,3
high,435,0.7523,0.5655,0.0791,"High=435, Low=1075",DIR,0.5,0.75,3
high,435,0.7706,0.5793,0.079,"High=435, Low=1075",BSAM,0.5,0.75,3
high,435,0.7431,0.5586,0.0852,"High=435, Low=1075",DILA,0.5,0.75,3
high,435,0.6851,0.6851,0.0825,"High=435, Low=1075",Control,0.5,1.0,3
high,435,0.6529,0.6529,0.0791,"High=435, Low=1075",DIR,0.5,1.0,3
high,435,0.6713,0.6713,0.079,"High=435, Low=1075",BSAM,0.5,1.0,3
high,435,0.6598,0.6598,0.0852,"High=435, Low=1075",DILA,0.5,1.0,3
high,435,0.6011,0.7517,0.0825,"High=435, Low=1075",Control,0.5,1.25,3
high,435,0.5772,0.7218,0.0791,"High=435, Low=1075",DIR,0.5,1.25,3
high,435,0.5846,0.731,0.079,"High=435, Low=1075",BSAM,0.5,1.25,3
high,435,0.5919,0.7402,0.0852,"High=435, Low=1075",DILA,0.5,1.25,3
high,435,0.5345,0.8023,0.0825,"High=435, Low=1075",Control,0.5,1.5,3
high,435,0.5391,0.8092,0.0791,"High=435, Low=1075",DIR,0.5,1.5,3
high,435,0.5345,0.8023,0.079,"High=435, Low=1075",BSAM,0.5,1.5,3
high,435,0.5268,0.7908,0.0852,"High=435, Low=1075",DILA,0.5,1.5,3
high,435,0.4856,0.8506,0.0825,"High=435, Low=1075",Control,0.5,1.75,3
high,435,0.4803,0.8414,0.0791,"High=435, Low=1075",DIR,0.5,1.75,3
high,435,0.4869,0.8529,0.079,"High=435, Low=1075",BSAM,0.5,1.75,3
high,435,0.4711,0.8253,0.0852,"High=435, Low=1075",DILA,0.5,1.75,3
high,435,0.4333,0.8667,0.0825,"High=435, Low=1075",Control,0.5,2.0,3
high,435,0.4402,0.8805,0.0791,"High=435, Low=1075",DIR,0.5,2.0,3
high,435,0.4471,0.8943,0.079,"High=435, Low=1075",BSAM,0.5,2.0,3
high,435,0.4276,0.8552,0.0852,"High=435, Low=1075",DILA,0.5,2.0,3
high,435,0.3963,0.892,0.0825,"High=435, Low=1075",Control,0.5,2.25,3
high,435,0.4004,0.9011,0.0791,"High=435, Low=1075",DIR,0.5,2.25,3
high,435,0.4086,0.9195,0.079,"High=435, Low=1075",BSAM,0.5,2.25,3
high,435,0.3963,0.892,0.0852,"High=435, Low=1075",DILA,0.5,2.25,3
high,435,0.364,0.9103,0.0825,"High=435, Low=1075",Control,0.5,2.5,3
high,435,0.3695,0.9241,0.0791,"High=435, Low=1075",DIR,0.5,2.5,3
high,435,0.3713,0.9287,0.079,"High=435, Low=1075",BSAM,0.5,2.5,3
high,435,0.3676,0.9195,0.0852,"High=435, Low=1075",DILA,0.5,2.5,3
high,435,0.3358,0.9241,0.0825,"High=435, Low=1075",Control,0.5,2.75,3
high,435,0.3417,0.9402,0.0791,"High=435, Low=1075",DIR,0.5,2.75,3
high,435,0.3409,0.9379,0.079,"High=435, Low=1075",BSAM,0.5,2.75,3
high,435,0.3409,0.9379,0.0852,"High=435, Low=1075",DILA,0.5,2.75,3
high,435,0.3134,0.9402,0.0825,"High=435, Low=1075",Control,0.5,3.0,3
high,435,0.3172,0.9517,0.0791,"High=435, Low=1075",DIR,0.5,3.0,3
high,435,0.3157,0.9471,0.079,"High=435, Low=1075",BSAM,0.5,3.0,3
high,435,0.3142,0.9425,0.0852,"High=435, Low=1075",DILA,0.5,3.0,3
high,360,0.8889,0.4444,0.0863,"High=360, Low=950",Control,0.55,0.5,3
high,360,0.8944,0.4472,0.0823,"High=360, Low=950",DIR,0.55,0.5,3
high,360,0.8889,0.4444,0.0804,"High=360, Low=950",BSAM,0.55,0.5,3
high,360,0.8889,0.4444,0.0877,"High=360, Low=950",DILA,0.55,0.5,3
high,360,0.7778,0.5833,0.0863,"High=360, Low=950",Control,0.55,0.75,3
high,360,0.7963,0.5972,0.0823,"High=360, Low=950",DIR,0.55,0.75,3
high,360,0.8037,0.6028,0.0804,"High=360, Low=950",BSAM,0.55,0.75,3
high,360,0.7741,0.5806,0.0877,"High=360, Low=950",DILA,0.55,0.75,3
high,360,0.675,0.675,0.0863,"High=360, Low=950",Control,0.55,1.0,3
high,360,0.6889,0.6889,0.0823,"High=360, Low=950",DIR,0.55,1.0,3
high,360,0.6917,0.6917,0.0804,"High=360, Low=950",BSAM,0.55,1.0,3
high,360,0.6861,0.6861,0.0877,"High=360, Low=950",DILA,0.55,1.0,3
high,360,0.6067,0.7583,0.0863,"High=360, Low=950",Control,0.55,1.25,3
high,360,0.5978,0.7472,0.0823,"High=360, Low=950",DIR,0.55,1.25,3
high,360,0.6067,0.7583,0.0804,"High=360, Low=950",BSAM,0.55,1.25,3
high,360,0.5956,0.7444,0.0877,"High=360, Low=950",DILA,0.55,1.25,3
high,360,0.5333,0.8,0.0863,"High=360, Low=950",Control,0.55,1.5,3
high,360,0.5241,0.7861,0.0823,"High=360, Low=950",DIR,0.55,1.5,3
high,360,0.5333,0.8,0.0804,"High=360, Low=950",BSAM,0.55,1.5,3
high,360,0.5389,0.8083,0.0877,"High=360, Low=950",DILA,0.55,1.5,3
high,360,0.4778,0.8361,0.0863,"High=360, Low=950",Control,0.55,1.75,3
high,360,0.4794,0.8389,0.0823,"High=360, Low=950",DIR,0.55,1.75,3
high,360,0.4762,0.8333,0.0804,"High=360, Low=950",BSAM,0.55,1.75,3
high,360,0.4794,0.8389,0.0877,"High=360, Low=950",DILA,0.55,1.75,3
high,360,0.4306,0.8611,0.0863,"High=360, Low=950",Control,0.55,2.0,3
high,360,0.4375,0.875,0.0823,"High=360, Low=950",DIR,0.55,2.0,3
high,360,0.4292,0.8583,0.0804,"High=360, Low=950",BSAM,0.55,2.0,3
high,360,0.4347,0.8694,0.0877,"High=360, Low=950",DILA,0.55,2.0,3
high,360,0.3901,0.8778,0.0863,"High=360, Low=950",Control,0.55,2.25,3
high,360,0.3975,0.8944,0.0823,"High=360, Low=950",DIR,0.55,2.25,3
high,360,0.3951,0.8889,0.0804,"High=360, Low=950",BSAM,0.55,2.25,3
high,360,0.3975,0.8944,0.0877,"High=360, Low=950",DILA,0.55,2.25,3
high,360,0.3567,0.8917,0.0863,"High=360, Low=950",Control,0.55,2.5,3
high,360,0.3678,0.9194,0.0823,"High=360, Low=950",DIR,0.55,2.5,3
high,360,0.3667,0.9167,0.0804,"High=360, Low=950",BSAM,0.55,2.5,3
high,360,0.3622,0.9056,0.0877,"High=360, Low=950",DILA,0.55,2.5,3
high,360,0.3343,0.9194,0.0863,"High=360, Low=950",Control,0.55,2.75,3
high,360,0.3384,0.9306,0.0823,"High=360, Low=950",DIR,0.55,2.75,3
high,360,0.3404,0.9361,0.0804,"High=360, Low=950",BSAM,0.55,2.75,3
high,360,0.3354,0.9222,0.0877,"High=360, Low=950",DILA,0.55,2.75,3
high,360,0.3093,0.9278,0.0863,"High=360, Low=950",Control,0.55,3.0,3
high,360,0.313,0.9389,0.0823,"High=360, Low=950",DIR,0.55,3.0,3
high,360,0.3148,0.9444,0.0804,"High=360, Low=950",BSAM,0.55,3.0,3
high,360,0.3139,0.9417,0.0877,"High=360, Low=950",DILA,0.55,3.0,3
high,315,0.8987,0.4508,0.0889,"High=315, Low=820",Control,0.6,0.5,3
high,315,0.8861,0.4444,0.086,"High=315, Low=820",DIR,0.6,0.5,3
high,315,0.9051,0.454,0.0839,"High=315, Low=820",BSAM,0.6,0.5,3
high,315,0.8924,0.4476,0.0903,"High=315, Low=820",DILA,0.6,0.5,3
high,315,0.789,0.5937,0.0889,"High=315, Low=820",Control,0.6,0.75,3
high,315,0.7848,0.5905,0.086,"High=315, Low=820",DIR,0.6,0.75,3
high,315,0.8017,0.6032,0.0839,"High=315, Low=820",BSAM,0.6,0.75,3
high,315,0.7848,0.5905,0.0903,"High=315, Low=820",DILA,0.6,0.75,3
high,315,0.6921,0.6921,0.0889,"High=315, Low=820",Control,0.6,1.0,3
high,315,0.7079,0.7079,0.086,"High=315, Low=820",DIR,0.6,1.0,3
high,315,0.7016,0.7016,0.0839,"High=315, Low=820",BSAM,0.6,1.0,3
high,315,0.6762,0.6762,0.0903,"High=315, Low=820",DILA,0.6,1.0,3
high,315,0.599,0.7492,0.0889,"High=315, Low=820",Control,0.6,1.25,3
high,315,0.6015,0.7524,0.086,"High=315, Low=820",DIR,0.6,1.25,3
high,315,0.6041,0.7556,0.0839,"High=315, Low=820",BSAM,0.6,1.25,3
high,315,0.599,0.7492,0.0903,"High=315, Low=820",DILA,0.6,1.25,3
high,315,0.5328,0.8,0.0889,"High=315, Low=820",Control,0.6,1.5,3
high,315,0.5201,0.781,0.086,"High=315, Low=820",DIR,0.6,1.5,3
high,315,0.5307,0.7968,0.0839,"High=315, Low=820",BSAM,0.6,1.5,3
high,315,0.5243,0.7873,0.0903,"High=315, Low=820",DILA,0.6,1.5,3
high,315,0.4728,0.8286,0.0889,"High=315, Low=820",Control,0.6,1.75,3
high,315,0.4583,0.8032,0.086,"High=315, Low=820",DIR,0.6,1.75,3
high,315,0.4746,0.8317,0.0839,"High=315, Low=820",BSAM,0.6,1.75,3
high,315,0.4783,0.8381,0.0903,"High=315, Low=820",DILA,0.6,1.75,3
high,315,0.4286,0.8571,0.0889,"High=315, Low=820",Control,0.6,2.0,3
high,315,0.4254,0.8508,0.086,"High=315, Low=820",DIR,0.6,2.0,3
high,315,0.427,0.854,0.0839,"High=315, Low=820",BSAM,0.6,2.0,3
high,315,0.4302,0.8603,0.0903,"High=315, Low=820",DILA,0.6,2.0,3
high,315,0.3893,0.8762,0.0889,"High=315, Low=820",Control,0.6,2.25,3
high,315,0.3921,0.8825,0.086,"High=315, Low=820",DIR,0.6,2.25,3
high,315,0.3879,0.873,0.0839,"High=315, Low=820",BSAM,0.6,2.25,3
high,315,0.3907,0.8794,0.0903,"High=315, Low=820",DILA,0.6,2.25,3
high,315,0.3541,0.8857,0.0889,"High=315, Low=820",Control,0.6,2.5,3
high,315,0.3579,0.8952,0.086,"High=315, Low=820",DIR,0.6,2.5,3
high,315,0.3553,0.8889,0.0839,"High=315, Low=820",BSAM,0.6,2.5,3
high,315,0.3591,0.8984,0.0903,"High=315, Low=820",DILA,0.6,2.5,3
high,315,0.3241,0.8921,0.0889,"High=315, Low=820",Control,0.6,2.75,3
high,315,0.331,0.9111,0.086,"High=315, Low=820",DIR,0.6,2.75,3
high,315,0.3287,0.9048,0.0839,"High=315, Low=820",BSAM,0.6,2.75,3
high,315,0.3299,0.9079,0.0903,"High=315, Low=820",DILA,0.6,2.75,3
high,315,0.3026,0.9079,0.0889,"High=315, Low=820",Control,0.6,3.0,3
high,315,0.309,0.927,0.086,"High=315, Low=820",DIR,0.6,3.0,3
high,315,0.309,0.927,0.0839,"High=315, Low=820",BSAM,0.6,3.0,3
high,315,0.3069,0.9206,0.0903,"High=315, Low=820",DILA,0.6,3.0,3
high,260,0.9077,0.4538,0.0927,"High=260, Low=725",Control,0.65,0.5,3
high,260,0.9154,0.4577,0.089,"High=260, Low=725",DIR,0.65,0.5,3
high,260,0.9077,0.4538,0.0856,"High=260, Low=725",BSAM,0.65,0.5,3
high,260,0.9,0.45,0.0929,"High=260, Low=725",DILA,0.65,0.5,3
high,260,0.8103,0.6077,0.0927,"High=260, Low=725",Control,0.65,0.75,3
high,260,0.8256,0.6192,0.089,"High=260, Low=725",DIR,0.65,0.75,3
high,260,0.8256,0.6192,0.0856,"High=260, Low=725",BSAM,0.65,0.75,3
high,260,0.8154,0.6115,0.0929,"High=260, Low=725",DILA,0.65,0.75,3
high,260,0.7038,0.7038,0.0927,"High=260, Low=725",Control,0.65,1.0,3
high,260,0.7269,0.7269,0.089,"High=260, Low=725",DIR,0.65,1.0,3
high,260,0.7269,0.7269,0.0856,"High=260, Low=725",BSAM,0.65,1.0,3
high,260,0.7,0.7,0.0929,"High=260, Low=725",DILA,0.65,1.0,3
high,260,0.6092,0.7615,0.0927,"High=260, Low=725",Control,0.65,1.25,3
high,260,0.6338,0.7923,0.089,"High=260, Low=725",DIR,0.65,1.25,3
high,260,0.6369,0.7962,0.0856,"High=260, Low=725",BSAM,0.65,1.25,3
high,260,0.6215,0.7769,0.0929,"High=260, Low=725",DILA,0.65,1.25,3
high,260,0.5436,0.8154,0.0927,"High=260, Low=725",Control,0.65,1.5,3
high,260,0.5462,0.8192,0.089,"High=260, Low=725",DIR,0.65,1.5,3
high,260,0.5538,0.8308,0.0856,"High=260, Low=725",BSAM,0.65,1.5,3
high,260,0.541,0.8115,0.0929,"High=260, Low=725",DILA,0.65,1.5,3
high,260,0.4835,0.8462,0.0927,"High=260, Low=725",Control,0.65,1.75,3
high,260,0.4747,0.8308,0.089,"High=260, Low=725",DIR,0.65,1.75,3
high,260,0.4857,0.85,0.0856,"High=260, Low=725",BSAM,0.65,1.75,3
high,260,0.4857,0.85,0.0929,"High=260, Low=725",DILA,0.65,1.75,3
high,260,0.4288,0.8577,0.0927,"High=260, Low=725",Control,0.65,2.0,3
high,260,0.4231,0.8462,0.089,"High=260, Low=725",DIR,0.65,2.0,3
high,260,0.4308,0.8615,0.0856,"High=260, Low=725",BSAM,0.65,2.0,3
high,260,0.4423,0.8846,0.0929,"High=260, Low=725",DILA,0.65,2.0,3
high,260,0.3897,0.8769,0.0927,"High=260, Low=725",Control,0.65,2.25,3
high,260,0.3846,0.8654,0.089,"High=260, Low=725",DIR,0.65,2.25,3
high,260,0.3915,0.8808,0.0856,"High=260, Low=725",BSAM,0.65,2.25,3
high,260,0.4034,0.9077,0.0929,"High=260, Low=725",DILA,0.65,2.25,3
high,260,0.3538,0.8846,0.0927,"High=260, Low=725",Control,0.65,2.5,3
high,260,0.3569,0.8923,0.089,"High=260, Low=725",DIR,0.65,2.5,3
high,260,0.3554,0.8885,0.0856,"High=260, Low=725",BSAM,0.65,2.5,3
high,260,0.3662,0.9154,0.0929,"High=260, Low=725",DILA,0.65,2.5,3
high,260,0.3245,0.8923,0.0927,"High=260, Low=725",Control,0.65,2.75,3
high,260,0.3287,0.9038,0.089,"High=260, Low=725",DIR,0.65,2.75,3
high,260,0.3245,0.8923,0.0856,"High=260, Low=725",BSAM,0.65,2.75,3
high,260,0.3371,0.9269,0.0929,"High=260, Low=725",DILA,0.65,2.75,3
high,260,0.2987,0.8962,0.0927,"High=260, Low=725",Control,0.65,3.0,3
high,260,0.3026,0.9077,0.089,"High=260, Low=725",DIR,0.65,3.0,3
high,260,0.3,0.9,0.0856,"High=260, Low=725",BSAM,0.65,3.0,3
high,260,0.309,0.9269,0.0929,"High=260, Low=725",DILA,0.65,3.0,3
high,245,0.9024,0.4531,0.0923,"High=245, Low=610",Control,0.7,0.5,3
high,245,0.9106,0.4571,0.0873,"High=245, Low=610",DIR,0.7,0.5,3
high,245,0.9024,0.4531,0.0861,"High=245, Low=610",BSAM,0.7,0.5,3
high,245,0.9106,0.4571,0.095,"High=245, Low=610",DILA,0.7,0.5,3
high,245,0.8098,0.6082,0.0923,"High=245, Low=610",Control,0.7,0.75,3
high,245,0.8424,0.6327,0.0873,"High=245, Low=610",DIR,0.7,0.75,3
high,245,0.8261,0.6204,0.0861,"High=245, Low=610",BSAM,0.7,0.75,3
high,245,0.8207,0.6163,0.095,"High=245, Low=610",DILA,0.7,0.75,3
high,245,0.7061,0.7061,0.0923,"High=245, Low=610",Control,0.7,1.0,3
high,245,0.7306,0.7306,0.0873,"High=245, Low=610",DIR,0.7,1.0,3
high,245,0.7265,0.7265,0.0861,"High=245, Low=610",BSAM,0.7,1.0,3
high,245,0.7224,0.7224,0.095,"High=245, Low=610",DILA,0.7,1.0,3
high,245,0.6124,0.7673,0.0923,"High=245, Low=610",Control,0.7,1.25,3
high,245,0.6417,0.8041,0.0873,"High=245, Low=610",DIR,0.7,1.25,3
high,245,0.645,0.8082,0.0861,"High=245, Low=610",BSAM,0.7,1.25,3
high,245,0.6221,0.7796,0.095,"High=245, Low=610",DILA,0.7,1.25,3
high,245,0.5435,0.8163,0.0923,"High=245, Low=610",Control,0.7,1.5,3
high,245,0.5462,0.8204,0.0873,"High=245, Low=610",DIR,0.7,1.5,3
high,245,0.5516,0.8286,0.0861,"High=245, Low=610",BSAM,0.7,1.5,3
high,245,0.5489,0.8245,0.095,"High=245, Low=610",DILA,0.7,1.5,3
high,245,0.4848,0.849,0.0923,"High=245, Low=610",Control,0.7,1.75,3
high,245,0.4802,0.8408,0.0873,"High=245, Low=610",DIR,0.7,1.75,3
high,245,0.4895,0.8571,0.0861,"High=245, Low=610",BSAM,0.7,1.75,3
high,245,0.4779,0.8367,0.095,"High=245, Low=610",DILA,0.7,1.75,3
high,245,0.4327,0.8653,0.0923,"High=245, Low=610",Control,0.7,2.0,3
high,245,0.4265,0.8531,0.0873,"High=245, Low=610",DIR,0.7,2.0,3
high,245,0.4347,0.8694,0.0861,"High=245, Low=610",BSAM,0.7,2.0,3
high,245,0.4347,0.8694,0.095,"High=245, Low=610",DILA,0.7,2.0,3
high,245,0.3877,0.8735,0.0923,"High=245, Low=610",Control,0.7,2.25,3
high,245,0.3859,0.8694,0.0873,"High=245, Low=610",DIR,0.7,2.25,3
high,245,0.3949,0.8898,0.0861,"High=245, Low=610",BSAM,0.7,2.25,3
high,245,0.4022,0.9061,0.095,"High=245, Low=610",DILA,0.7,2.25,3
high,245,0.3589,0.898,0.0923,"High=245, Low=610",Control,0.7,2.5,3
high,245,0.3573,0.8939,0.0873,"High=245, Low=610",DIR,0.7,2.5,3
high,245,0.3556,0.8898,0.0861,"High=245, Low=610",BSAM,0.7,2.5,3
high,245,0.3654,0.9143,0.095,"High=245, Low=610",DILA,0.7,2.5,3
high,245,0.3279,0.902,0.0923,"High=245, Low=610",Control,0.7,2.75,3
high,245,0.3338,0.9184,0.0873,"High=245, Low=610",DIR,0.7,2.75,3
high,245,0.3264,0.898,0.0861,"High=245, Low=610",BSAM,0.7,2.75,3
high,245,0.3353,0.9224,0.095,"High=245, Low=610",DILA,0.7,2.75,3
high,245,0.3007,0.902,0.0923,"High=245, Low=610",Control,0.7,3.0,3
high,245,0.3075,0.9224,0.0873,"High=245, Low=610",DIR,0.7,3.0,3
high,245,0.302,0.9061,0.0861,"High=245, Low=610",BSAM,0.7,3.0,3
high,245,0.3088,0.9265,0.095,"High=245, Low=610",DILA,0.7,3.0,3
high,195,0.898,0.4513,0.097,"High=195, Low=460",Control,0.75,0.5,3
high,195,0.9286,0.4667,0.0946,"High=195, Low=460",DIR,0.75,0.5,3
high,195,0.9082,0.4564,0.0922,"High=195, Low=460",BSAM,0.75,0.5,3
high,195,0.9286,0.4667,0.1038,"High=195, Low=460",DILA,0.75,0.5,3
high,195,0.8231,0.6205,0.097,"High=195, Low=460",Control,0.75,0.75,3
high,195,0.8707,0.6564,0.0946,"High=195, Low=460",DIR,0.75,0.75,3
high,195,0.8503,0.641,0.0922,"High=195, Low=460",BSAM,0.75,0.75,3
high,195,0.8435,0.6359,0.1038,"High=195, Low=460",DILA,0.75,0.75,3
high,195,0.7179,0.7179,0.097,"High=195, Low=460",Control,0.75,1.0,3
high,195,0.7538,0.7538,0.0946,"High=195, Low=460",DIR,0.75,1.0,3
high,195,0.759,0.759,0.0922,"High=195, Low=460",BSAM,0.75,1.0,3
high,195,0.7385,0.7385,0.1038,"High=195, Low=460",DILA,0.75,1.0,3
high,195,0.623,0.7795,0.097,"High=195, Low=460",Control,0.75,1.25,3
high,195,0.6434,0.8051,0.0946,"High=195, Low=460",DIR,0.75,1.25,3
high,195,0.6434,0.8051,0.0922,"High=195, Low=460",BSAM,0.75,1.25,3
high,195,0.6311,0.7897,0.1038,"High=195, Low=460",DILA,0.75,1.25,3
high,195,0.5358,0.8051,0.097,"High=195, Low=460",Control,0.75,1.5,3
high,195,0.5597,0.841,0.0946,"High=195, Low=460",DIR,0.75,1.5,3
high,195,0.5631,0.8462,0.0922,"High=195, Low=460",BSAM,0.75,1.5,3
high,195,0.5495,0.8256,0.1038,"High=195, Low=460",DILA,0.75,1.5,3
high,195,0.4766,0.8359,0.097,"High=195, Low=460",Control,0.75,1.75,3
high,195,0.4854,0.8513,0.0946,"High=195, Low=460",DIR,0.75,1.75,3
high,195,0.4912,0.8615,0.0922,"High=195, Low=460",BSAM,0.75,1.75,3
high,195,0.4854,0.8513,0.1038,"High=195, Low=460",DILA,0.75,1.75,3
high,195,0.4256,0.8513,0.097,"High=195, Low=460",Control,0.75,2.0,3
high,195,0.4282,0.8564,0.0946,"High=195, Low=460",DIR,0.75,2.0,3
high,195,0.4333,0.8667,0.0922,"High=195, Low=460",BSAM,0.75,2.0,3
high,195,0.4282,0.8564,0.1038,"High=195, Low=460",DILA,0.75,2.0,3
high,195,0.3895,0.8769,0.097,"High=195, Low=460",Control,0.75,2.25,3
high,195,0.3827,0.8615,0.0946,"High=195, Low=460",DIR,0.75,2.25,3
high,195,0.385,0.8667,0.0922,"High=195, Low=460",BSAM,0.75,2.25,3
high,195,0.385,0.8667,0.1038,"High=195, Low=460",DILA,0.75,2.25,3
high,195,0.3504,0.8769,0.097,"High=195, Low=460",Control,0.75,2.5,3
high,195,0.3443,0.8615,0.0946,"High=195, Low=460",DIR,0.75,2.5,3
high,195,0.3484,0.8718,0.0922,"High=195, Low=460",BSAM,0.75,2.5,3
high,195,0.3504,0.8769,0.1038,"High=195, Low=460",DILA,0.75,2.5,3
high,195,0.3203,0.8821,0.097,"High=195, Low=460",Control,0.75,2.75,3
high,195,0.3166,0.8718,0.0946,"High=195, Low=460",DIR,0.75,2.75,3
high,195,0.3184,0.8769,0.0922,"High=195, Low=460",BSAM,0.75,2.75,3
high,195,0.3259,0.8974,0.1038,"High=195, Low=460",DILA,0.75,2.75,3
high,195,0.2991,0.8974,0.097,"High=195, Low=460",Control,0.75,3.0,3
high,195,0.2957,0.8872,0.0946,"High=195, Low=460",DIR,0.75,3.0,3
high,195,0.2974,0.8923,0.0922,"High=195, Low=460",BSAM,0.75,3.0,3
high,195,0.3009,0.9026,0.1038,"High=195, Low=460",DILA,0.75,3.0,3
high,140,0.8571,0.4286,0.1044,"High=140, Low=360",Control,0.8,0.5,3
high,140,0.8429,0.4214,0.0988,"High=140, Low=360",DIR,0.8,0.5,3
high,140,0.8857,0.4429,0.0991,"High=140, Low=360",BSAM,0.8,0.5,3
high,140,0.8857,0.4429,0.1103,"High=140, Low=360",DILA,0.8,0.5,3
high,140,0.7619,0.5714,0.1044,"High=140, Low=360",Control,0.8,0.75,3
high,140,0.8,0.6,0.0988,"High=140, Low=360",DIR,0.8,0.75,3
high,140,0.7905,0.5929,0.0991,"High=140, Low=360",BSAM,0.8,0.75,3
high,140,0.781,0.5857,0.1103,"High=140, Low=360",DILA,0.8,0.75,3
high,140,0.6429,0.6429,0.1044,"High=140, Low=360",Control,0.8,1.0,3
high,140,0.6786,0.6786,0.0988,"High=140, Low=360",DIR,0.8,1.0,3
high,140,0.7071,0.7071,0.0991,"High=140, Low=360",BSAM,0.8,1.0,3
high,140,0.6643,0.6643,0.1103,"High=140, Low=360",DILA,0.8,1.0,3
high,140,0.5543,0.6929,0.1044,"High=140, Low=360",Control,0.8,1.25,3
high,140,0.5943,0.7429,0.0988,"High=140, Low=360",DIR,0.8,1.25,3
high,140,0.5943,0.7429,0.0991,"High=140, Low=360",BSAM,0.8,1.25,3
high,140,0.5829,0.7286,0.1103,"High=140, Low=360",DILA,0.8,1.25,3
high,140,0.4952,0.7429,0.1044,"High=140, Low=360",Control,0.8,1.5,3
high,140,0.5143,0.7714,0.0988,"High=140, Low=360",DIR,0.8,1.5,3
high,140,0.519,0.7786,0.0991,"High=140, Low=360",BSAM,0.8,1.5,3
high,140,0.5143,0.7714,0.1103,"High=140, Low=360",DILA,0.8,1.5,3
high,140,0.4408,0.7714,0.1044,"High=140, Low=360",Control,0.8,1.75,3
high,140,0.4571,0.8,0.0988,"High=140, Low=360",DIR,0.8,1.75,3
high,140,0.449,0.7857,0.0991,"High=140, Low=360",BSAM,0.8,1.75,3
high,140,0.4531,0.7929,0.1103,"High=140, Low=360",DILA,0.8,1.75,3
high,140,0.3929,0.7857,0.1044,"High=140, Low=360",Control,0.8,2.0,3
high,140,0.4143,0.8286,0.0988,"High=140, Low=360",DIR,0.8,2.0,3
high,140,0.4071,0.8143,0.0991,"High=140, Low=360",BSAM,0.8,2.0,3
high,140,0.4071,0.8143,0.1103,"High=140, Low=360",DILA,0.8,2.0,3
high,140,0.3556,0.8,0.1044,"High=140, Low=360",Control,0.8,2.25,3
high,140,0.3714,0.8357,0.0988,"High=140, Low=360",DIR,0.8,2.25,3
high,140,0.3683,0.8286,0.0991,"High=140, Low=360",BSAM,0.8,2.25,3
high,140,0.3683,0.8286,0.1103,"High=140, Low=360",DILA,0.8,2.25,3
high,140,0.3343,0.8357,0.1044,"High=140, Low=360",Control,0.8,2.5,3
high,140,0.34,0.85,0.0988,"High=140, Low=360",DIR,0.8,2.5,3
high,140,0.3371,0.8429,0.0991,"High=140, Low=360",BSAM,0.8,2.5,3
high,140,0.34,0.85,0.1103,"High=140, Low=360",DILA,0.8,2.5,3
high,140,0.3039,0.8357,0.1044,"High=140, Low=360",Control,0.8,2.75,3
high,140,0.3117,0.8571,0.0988,"High=140, Low=360",DIR,0.8,2.75,3
high,140,0.3065,0.8429,0.0991,"High=140, Low=360",BSAM,0.8,2.75,3
high,140,0.3091,0.85,0.1103,"High=140, Low=360",DILA,0.8,2.75,3
high,140,0.2881,0.8643,0.1044,"High=140, Low=360",Control,0.8,3.0,3
high,140,0.2881,0.8643,0.0988,"High=140, Low=360",DIR,0.8,3.0,3
high,140,0.2833,0.85,0.0991,"High=140, Low=360",BSAM,0.8,3.0,3
high,140,0.2857,0.8571,0.1103,"High=140, Low=360",DILA,0.8,3.0,3
high,80,0.725,0.3625,0.1008,"High=80, Low=255",Control,0.8500000000000001,0.5,3
high,80,0.775,0.3875,0.09,"High=80, Low=255",DIR,0.8500000000000001,0.5,3
high,80,0.775,0.3875,0.0893,"High=80, Low=255",BSAM,0.8500000000000001,0.5,3
high,80,0.675,0.3375,0.0985,"High=80, Low=255",DILA,0.8500000000000001,0.5,3
high,80,0.6833,0.5125,0.1008,"High=80, Low=255",Control,0.8500000000000001,0.75,3
high,80,0.6667,0.5,0.09,"High=80, Low=255",DIR,0.8500000000000001,0.75,3
high,80,0.7333,0.55,0.0893,"High=80, Low=255",BSAM,0.8500000000000001,0.75,3
high,80,0.6667,0.5,0.0985,"High=80, Low=255",DILA,0.8500000000000001,0.75,3
high,80,0.6125,0.6125,0.1008,"High=80, Low=255",Control,0.8500000000000001,1.0,3
high,80,0.575,0.575,0.09,"High=80, Low=255",DIR,0.8500000000000001,1.0,3
high,80,0.7,0.7,0.0893,"High=80, Low=255",BSAM,0.8500000000000001,1.0,3
high,80,0.6,0.6,0.0985,"High=80, Low=255",DILA,0.8500000000000001,1.0,3
high,80,0.57,0.7125,0.1008,"High=80, Low=255",Control,0.8500000000000001,1.25,3
high,80,0.59,0.7375,0.09,"High=80, Low=255",DIR,0.8500000000000001,1.25,3
high,80,0.62,0.775,0.0893,"High=80, Low=255",BSAM,0.8500000000000001,1.25,3
high,80,0.55,0.6875,0.0985,"High=80, Low=255",DILA,0.8500000000000001,1.25,3
high,80,0.4917,0.7375,0.1008,"High=80, Low=255",Control,0.8500000000000001,1.5,3
high,80,0.55,0.825,0.09,"High=80, Low=255",DIR,0.8500000000000001,1.5,3
high,80,0.5417,0.8125,0.0893,"High=80, Low=255",BSAM,0.8500000000000001,1.5,3
high,80,0.5,0.75,0.0985,"High=80, Low=255",DILA,0.8500000000000001,1.5,3
high,80,0.4429,0.775,0.1008,"High=80, Low=255",Control,0.8500000000000001,1.75,3
high,80,0.4929,0.8625,0.09,"High=80, Low=255",DIR,0.8500000000000001,1.75,3
high,80,0.5,0.875,0.0893,"High=80, Low=255",BSAM,0.8500000000000001,1.75,3
high,80,0.4571,0.8,0.0985,"High=80, Low=255",DILA,0.8500000000000001,1.75,3
high,80,0.4062,0.8125,0.1008,"High=80, Low=255",Control,0.8500000000000001,2.0,3
high,80,0.4375,0.875,0.09,"High=80, Low=255",DIR,0.8500000000000001,2.0,3
high,80,0.4437,0.8875,0.0893,"High=80, Low=255",BSAM,0.8500000000000001,2.0,3
high,80,0.425,0.85,0.0985,"High=80, Low=255",DILA,0.8500000000000001,2.0,3
high,80,0.3667,0.825,0.1008,"High=80, Low=255",Control,0.8500000000000001,2.25,3
high,80,0.4,0.9,0.09,"High=80, Low=255",DIR,0.8500000000000001,2.25,3
high,80,0.4056,0.9125,0.0893,"High=80, Low=255",BSAM,0.8500000000000001,2.25,3
high,80,0.3889,0.875,0.0985,"High=80, Low=255",DILA,0.8500000000000001,2.25,3
high,80,0.34,0.85,0.1008,"High=80, Low=255",Control,0.8500000000000001,2.5,3
high,80,0.36,0.9,0.09,"High=80, Low=255",DIR,0.8500000000000001,2.5,3
high,80,0.365,0.9125,0.0893,"High=80, Low=255",BSAM,0.8500000000000001,2.5,3
high,80,0.355,0.8875,0.0985,"High=80, Low=255",DILA,0.8500000000000001,2.5,3
high,80,0.3136,0.8625,0.1008,"High=80, Low=255",Control,0.8500000000000001,2.75,3
high,80,0.3273,0.9,0.09,"High=80, Low=255",DIR,0.8500000000000001,2.75,3
high,80,0.3318,0.9125,0.0893,"High=80, Low=255",BSAM,0.8500000000000001,2.75,3
high,80,0.3273,0.9,0.0985,"High=80, Low=255",DILA,0.8500000000000001,2.75,3
high,80,0.2917,0.875,0.1008,"High=80, Low=255",Control,0.8500000000000001,3.0,3
high,80,0.3042,0.9125,0.09,"High=80, Low=255",DIR,0.8500000000000001,3.0,3
high,80,0.3083,0.925,0.0893,"High=80, Low=255",BSAM,0.8500000000000001,3.0,3
high,80,0.3,0.9,0.0985,"High=80, Low=255",DILA,0.8500000000000001,3.0,3
high,40,0.4,0.2,0.148,"High=40, Low=190",Control,0.9,0.5,3
high,40,0.55,0.275,0.1304,"High=40, Low=190",DIR,0.9,0.5,3
high,40,0.45,0.225,0.1275,"High=40, Low=190",BSAM,0.9,0.5,3
high,40,0.35,0.175,0.13,"High=40, Low=190",DILA,0.9,0.5,3
high,40,0.4,0.3,0.148,"High=40, Low=190",Control,0.9,0.75,3
high,40,0.4667,0.35,0.1304,"High=40, Low=190",DIR,0.9,0.75,3
high,40,0.3667,0.275,0.1275,"High=40, Low=190",BSAM,0.9,0.75,3
high,40,0.3333,0.25,0.13,"High=40, Low=190",DILA,0.9,0.75,3
high,40,0.35,0.35,0.148,"High=40, Low=190",Control,0.9,1.0,3
high,40,0.45,0.45,0.1304,"High=40, Low=190",DIR,0.9,1.0,3
high,40,0.325,0.325,0.1275,"High=40, Low=190",BSAM,0.9,1.0,3
high,40,0.375,0.375,0.13,"High=40, Low=190",DILA,0.9,1.0,3
high,40,0.34,0.425,0.148,"High=40, Low=190",Control,0.9,1.25,3
high,40,0.4,0.5,0.1304,"High=40, Low=190",DIR,0.9,1.25,3
high,40,0.34,0.425,0.1275,"High=40, Low=190",BSAM,0.9,1.25,3
high,40,0.36,0.45,0.13,"High=40, Low=190",DILA,0.9,1.25,3
high,40,0.3,0.45,0.148,"High=40, Low=190",Control,0.9,1.5,3
high,40,0.35,0.525,0.1304,"High=40, Low=190",DIR,0.9,1.5,3
high,40,0.35,0.525,0.1275,"High=40, Low=190",BSAM,0.9,1.5,3
high,40,0.4,0.6,0.13,"High=40, Low=190",DILA,0.9,1.5,3
high,40,0.2857,0.5,0.148,"High=40, Low=190",Control,0.9,1.75,3
high,40,0.3429,0.6,0.1304,"High=40, Low=190",DIR,0.9,1.75,3
high,40,0.3571,0.625,0.1275,"High=40, Low=190",BSAM,0.9,1.75,3
high,40,0.3571,0.625,0.13,"High=40, Low=190",DILA,0.9,1.75,3
high,40,0.2625,0.525,0.148,"High=40, Low=190",Control,0.9,2.0,3
high,40,0.3,0.6,0.1304,"High=40, Low=190",DIR,0.9,2.0,3
high,40,0.35,0.7,0.1275,"High=40, Low=190",BSAM,0.9,2.0,3
high,40,0.325,0.65,0.13,"High=40, Low=190",DILA,0.9,2.0,3
high,40,0.2444,0.55,0.148,"High=40, Low=190",Control,0.9,2.25,3
high,40,0.2889,0.65,0.1304,"High=40, Low=190",DIR,0.9,2.25,3
high,40,0.3222,0.725,0.1275,"High=40, Low=190",BSAM,0.9,2.25,3
high,40,0.2889,0.65,0.13,"High=40, Low=190",DILA,0.9,2.25,3
high,40,0.25,0.625,0.148,"High=40, Low=190",Control,0.9,2.5,3
high,40,0.3,0.75,0.1304,"High=40, Low=190",DIR,0.9,2.5,3
high,40,0.3,0.75,0.1275,"High=40, Low=190",BSAM,0.9,2.5,3
high,40,0.27,0.675,0.13,"High=40, Low=190",DILA,0.9,2.5,3
high,40,0.2273,0.625,0.148,"High=40, Low=190",Control,0.9,2.75,3
high,40,0.2818,0.775,0.1304,"High=40, Low=190",DIR,0.9,2.75,3
high,40,0.2818,0.775,0.1275,"High=40, Low=190",BSAM,0.9,2.75,3
high,40,0.2545,0.7,0.13,"High=40, Low=190",DILA,0.9,2.75,3
high,40,0.2167,0.65,0.148,"High=40, Low=190",Control,0.9,3.0,3
high,40,0.2583,0.775,0.1304,"High=40, Low=190",DIR,0.9,3.0,3
high,40,0.275,0.825,0.1275,"High=40, Low=190",BSAM,0.9,3.0,3
high,40,0.2417,0.725,0.13,"High=40, Low=190",DILA,0.9,3.0,3
high,470,0.8298,0.4149,0.0698,"High=470, Low=1225",Control,0.5,0.5,4
high,470,0.8468,0.4234,0.0667,"High=470, Low=1225",DIR,0.5,0.5,4
high,470,0.8383,0.4191,0.0738,"High=470, Low=1225",BSAM,0.5,0.5,4
high,470,0.8,0.4,0.0774,"High=470, Low=1225",DILA,0.5,0.5,4
high,470,0.7337,0.5511,0.0698,"High=470, Low=1225",Control,0.5,0.75,4
high,470,0.7507,0.5638,0.0667,"High=470, Low=1225",DIR,0.5,0.75,4
high,470,0.762,0.5723,0.0738,"High=470, Low=1225",BSAM,0.5,0.75,4
high,470,0.6969,0.5234,0.0774,"High=470, Low=1225",DILA,0.5,0.75,4
high,470,0.6681,0.6681,0.0698,"High=470, Low=1225",Control,0.5,1.0,4
high,470,0.6787,0.6787,0.0667,"High=470, Low=1225",DIR,0.5,1.0,4
high,470,0.6766,0.6766,0.0738,"High=470, Low=1225",BSAM,0.5,1.0,4
high,470,0.6362,0.6362,0.0774,"High=470, Low=1225",DILA,0.5,1.0,4
high,470,0.6105,0.7638,0.0698,"High=470, Low=1225",Control,0.5,1.25,4
high,470,0.602,0.7532,0.0667,"High=470, Low=1225",DIR,0.5,1.25,4
high,470,0.6139,0.7681,0.0738,"High=470, Low=1225",BSAM,0.5,1.25,4
high,470,0.585,0.7319,0.0774,"High=470, Low=1225",DILA,0.5,1.25,4
high,470,0.5532,0.8298,0.0698,"High=470, Low=1225",Control,0.5,1.5,4
high,470,0.5362,0.8043,0.0667,"High=470, Low=1225",DIR,0.5,1.5,4
high,470,0.556,0.834,0.0738,"High=470, Low=1225",BSAM,0.5,1.5,4
high,470,0.5319,0.7979,0.0774,"High=470, Low=1225",DILA,0.5,1.5,4
high,470,0.497,0.8702,0.0698,"High=470, Low=1225",Control,0.5,1.75,4
high,470,0.4836,0.8468,0.0667,"High=470, Low=1225",DIR,0.5,1.75,4
high,470,0.4982,0.8723,0.0738,"High=470, Low=1225",BSAM,0.5,1.75,4
high,470,0.4885,0.8553,0.0774,"High=470, Low=1225",DILA,0.5,1.75,4
high,470,0.4564,0.9128,0.0698,"High=470, Low=1225",Control,0.5,2.0,4
high,470,0.4362,0.8723,0.0667,"High=470, Low=1225",DIR,0.5,2.0,4
high,470,0.4489,0.8979,0.0738,"High=470, Low=1225",BSAM,0.5,2.0,4
high,470,0.4383,0.8766,0.0774,"High=470, Low=1225",DILA,0.5,2.0,4
high,470,0.4102,0.9234,0.0698,"High=470, Low=1225",Control,0.5,2.25,4
high,470,0.4017,0.9043,0.0667,"High=470, Low=1225",DIR,0.5,2.25,4
high,470,0.4055,0.9128,0.0738,"High=470, Low=1225",BSAM,0.5,2.25,4
high,470,0.4055,0.9128,0.0774,"High=470, Low=1225",DILA,0.5,2.25,4
high,470,0.3762,0.9404,0.0698,"High=470, Low=1225",Control,0.5,2.5,4
high,470,0.3677,0.9191,0.0667,"High=470, Low=1225",DIR,0.5,2.5,4
high,470,0.3711,0.9277,0.0738,"High=470, Low=1225",BSAM,0.5,2.5,4
high,470,0.3736,0.934,0.0774,"High=470, Low=1225",DILA,0.5,2.5,4
high,470,0.3473,0.9553,0.0698,"High=470, Low=1225",Control,0.5,2.75,4
high,470,0.3395,0.934,0.0667,"High=470, Low=1225",DIR,0.5,2.75,4
high,470,0.3426,0.9426,0.0738,"High=470, Low=1225",BSAM,0.5,2.75,4
high,470,0.3418,0.9404,0.0774,"High=470, Low=1225",DILA,0.5,2.75,4
high,470,0.3199,0.9596,0.0698,"High=470, Low=1225",Control,0.5,3.0,4
high,470,0.3156,0.9468,0.0667,"High=470, Low=1225",DIR,0.5,3.0,4
high,470,0.3184,0.9553,0.0738,"High=470, Low=1225",BSAM,0.5,3.0,4
high,470,0.3177,0.9532,0.0774,"High=470, Low=1225",DILA,0.5,3.0,4
high,375,0.8723,0.4373,0.0763,"High=375, Low=1085",Control,0.55,0.5,4
high,375,0.8617,0.432,0.071,"High=375, Low=1085",DIR,0.55,0.5,4
high,375,0.8723,0.4373,0.0791,"High=375, Low=1085",BSAM,0.55,0.5,4
high,375,0.8511,0.4267,0.0814,"High=375, Low=1085",DILA,0.55,0.5,4
high,375,0.7589,0.5707,0.0763,"High=375, Low=1085",Control,0.55,0.75,4
high,375,0.7766,0.584,0.071,"High=375, Low=1085",DIR,0.55,0.75,4
high,375,0.7695,0.5787,0.0791,"High=375, Low=1085",BSAM,0.55,0.75,4
high,375,0.7163,0.5387,0.0814,"High=375, Low=1085",DILA,0.55,0.75,4
high,375,0.6613,0.6613,0.0763,"High=375, Low=1085",Control,0.55,1.0,4
high,375,0.6747,0.6747,0.071,"High=375, Low=1085",DIR,0.55,1.0,4
high,375,0.6853,0.6853,0.0791,"High=375, Low=1085",BSAM,0.55,1.0,4
high,375,0.648,0.648,0.0814,"High=375, Low=1085",DILA,0.55,1.0,4
high,375,0.5778,0.7227,0.0763,"High=375, Low=1085",Control,0.55,1.25,4
high,375,0.597,0.7467,0.071,"High=375, Low=1085",DIR,0.55,1.25,4
high,375,0.5949,0.744,0.0791,"High=375, Low=1085",BSAM,0.55,1.25,4
high,375,0.5714,0.7147,0.0814,"High=375, Low=1085",DILA,0.55,1.25,4
high,375,0.5151,0.7733,0.0763,"High=375, Low=1085",Control,0.55,1.5,4
high,375,0.5258,0.7893,0.071,"High=375, Low=1085",DIR,0.55,1.5,4
high,375,0.5311,0.7973,0.0791,"High=375, Low=1085",BSAM,0.55,1.5,4
high,375,0.5187,0.7787,0.0814,"High=375, Low=1085",DILA,0.55,1.5,4
high,375,0.4703,0.824,0.0763,"High=375, Low=1085",Control,0.55,1.75,4
high,375,0.4658,0.816,0.071,"High=375, Low=1085",DIR,0.55,1.75,4
high,375,0.4886,0.856,0.0791,"High=375, Low=1085",BSAM,0.55,1.75,4
high,375,0.4658,0.816,0.0814,"High=375, Low=1085",DILA,0.55,1.75,4
high,375,0.4293,0.8587,0.0763,"High=375, Low=1085",Control,0.55,2.0,4
high,375,0.4173,0.8347,0.071,"High=375, Low=1085",DIR,0.55,2.0,4
high,375,0.4387,0.8773,0.0791,"High=375, Low=1085",BSAM,0.55,2.0,4
high,375,0.424,0.848,0.0814,"High=375, Low=1085",DILA,0.55,2.0,4
high,375,0.3934,0.8853,0.0763,"High=375, Low=1085",Control,0.55,2.25,4
high,375,0.3851,0.8667,0.071,"High=375, Low=1085",DIR,0.55,2.25,4
high,375,0.3981,0.896,0.0791,"High=375, Low=1085",BSAM,0.55,2.25,4
high,375,0.3969,0.8933,0.0814,"High=375, Low=1085",DILA,0.55,2.25,4
high,375,0.3635,0.9093,0.0763,"High=375, Low=1085",Control,0.55,2.5,4
high,375,0.3539,0.8853,0.071,"High=375, Low=1085",DIR,0.55,2.5,4
high,375,0.3657,0.9147,0.0791,"High=375, Low=1085",BSAM,0.55,2.5,4
high,375,0.3582,0.896,0.0814,"High=375, Low=1085",DILA,0.55,2.5,4
high,375,0.3343,0.92,0.0763,"High=375, Low=1085",Control,0.55,2.75,4
high,375,0.3295,0.9067,0.071,"High=375, Low=1085",DIR,0.55,2.75,4
high,375,0.3362,0.9253,0.0791,"High=375, Low=1085",BSAM,0.55,2.75,4
high,375,0.3343,0.92,0.0814,"High=375, Low=1085",DILA,0.55,2.75,4
high,375,0.3093,0.928,0.0763,"High=375, Low=1085",Control,0.55,3.0,4
high,375,0.304,0.912,0.071,"High=375, Low=1085",DIR,0.55,3.0,4
high,375,0.3111,0.9333,0.0791,"High=375, Low=1085",BSAM,0.55,3.0,4
high,375,0.3093,0.928,0.0814,"High=375, Low=1085",DILA,0.55,3.0,4
high,295,0.8514,0.4271,0.0665,"High=295, Low=985",Control,0.6,0.5,4
high,295,0.9054,0.4542,0.0638,"High=295, Low=985",DIR,0.6,0.5,4
high,295,0.8784,0.4407,0.0748,"High=295, Low=985",BSAM,0.6,0.5,4
high,295,0.777,0.3898,0.0742,"High=295, Low=985",DILA,0.6,0.5,4
high,295,0.7658,0.5763,0.0665,"High=295, Low=985",Control,0.6,0.75,4
high,295,0.7748,0.5831,0.0638,"High=295, Low=985",DIR,0.6,0.75,4
high,295,0.7883,0.5932,0.0748,"High=295, Low=985",BSAM,0.6,0.75,4
high,295,0.7162,0.539,0.0742,"High=295, Low=985",DILA,0.6,0.75,4
high,295,0.6814,0.6814,0.0665,"High=295, Low=985",Control,0.6,1.0,4
high,295,0.678,0.678,0.0638,"High=295, Low=985",DIR,0.6,1.0,4
high,295,0.6847,0.6847,0.0748,"High=295, Low=985",BSAM,0.6,1.0,4
high,295,0.6237,0.6237,0.0742,"High=295, Low=985",DILA,0.6,1.0,4
high,295,0.5989,0.7492,0.0665,"High=295, Low=985",Control,0.6,1.25,4
high,295,0.6016,0.7525,0.0638,"High=295, Low=985",DIR,0.6,1.25,4
high,295,0.5989,0.7492,0.0748,"High=295, Low=985",BSAM,0.6,1.25,4
high,295,0.561,0.7017,0.0742,"High=295, Low=985",DILA,0.6,1.25,4
high,295,0.5305,0.7966,0.0665,"High=295, Low=985",Control,0.6,1.5,4
high,295,0.5395,0.8102,0.0638,"High=295, Low=985",DIR,0.6,1.5,4
high,295,0.5192,0.7797,0.0748,"High=295, Low=985",BSAM,0.6,1.5,4
high,295,0.5056,0.7593,0.0742,"High=295, Low=985",DILA,0.6,1.5,4
high,295,0.4797,0.8407,0.0665,"High=295, Low=985",Control,0.6,1.75,4
high,295,0.4855,0.8508,0.0638,"High=295, Low=985",DIR,0.6,1.75,4
high,295,0.4758,0.8339,0.0748,"High=295, Low=985",BSAM,0.6,1.75,4
high,295,0.4584,0.8034,0.0742,"High=295, Low=985",DILA,0.6,1.75,4
high,295,0.439,0.878,0.0665,"High=295, Low=985",Control,0.6,2.0,4
high,295,0.4339,0.8678,0.0638,"High=295, Low=985",DIR,0.6,2.0,4
high,295,0.4407,0.8814,0.0748,"High=295, Low=985",BSAM,0.6,2.0,4
high,295,0.4169,0.8339,0.0742,"High=295, Low=985",DILA,0.6,2.0,4
high,295,0.3976,0.8949,0.0665,"High=295, Low=985",Control,0.6,2.25,4
high,295,0.3901,0.878,0.0638,"High=295, Low=985",DIR,0.6,2.25,4
high,295,0.4081,0.9186,0.0748,"High=295, Low=985",BSAM,0.6,2.25,4
high,295,0.378,0.8508,0.0742,"High=295, Low=985",DILA,0.6,2.25,4
high,295,0.3659,0.9153,0.0665,"High=295, Low=985",Control,0.6,2.5,4
high,295,0.3564,0.8915,0.0638,"High=295, Low=985",DIR,0.6,2.5,4
high,295,0.3713,0.9288,0.0748,"High=295, Low=985",BSAM,0.6,2.5,4
high,295,0.3509,0.878,0.0742,"High=295, Low=985",DILA,0.6,2.5,4
high,295,0.3374,0.9288,0.0665,"High=295, Low=985",Control,0.6,2.75,4
high,295,0.3313,0.9119,0.0638,"High=295, Low=985",DIR,0.6,2.75,4
high,295,0.3424,0.9424,0.0748,"High=295, Low=985",BSAM,0.6,2.75,4
high,295,0.33,0.9085,0.0742,"High=295, Low=985",DILA,0.6,2.75,4
high,295,0.3153,0.9458,0.0665,"High=295, Low=985",Control,0.6,3.0,4
high,295,0.3062,0.9186,0.0638,"High=295, Low=985",DIR,0.6,3.0,4
high,295,0.3153,0.9458,0.0748,"High=295, Low=985",BSAM,0.6,3.0,4
high,295,0.3096,0.9288,0.0742,"High=295, Low=985",DILA,0.6,3.0,4
high,245,0.8618,0.4327,0.0664,"High=245, Low=820",Control,0.65,0.5,4
high,245,0.9106,0.4571,0.0662,"High=245, Low=820",DIR,0.65,0.5,4
high,245,0.8943,0.449,0.0772,"High=245, Low=820",BSAM,0.65,0.5,4
high,245,0.7805,0.3918,0.0777,"High=245, Low=820",DILA,0.65,0.5,4
high,245,0.7663,0.5755,0.0664,"High=245, Low=820",Control,0.65,0.75,4
high,245,0.7772,0.5837,0.0662,"High=245, Low=820",DIR,0.65,0.75,4
high,245,0.7717,0.5796,0.0772,"High=245, Low=820",BSAM,0.65,0.75,4
high,245,0.6957,0.5224,0.0777,"High=245, Low=820",DILA,0.65,0.75,4
high,245,0.6857,0.6857,0.0664,"High=245, Low=820",Control,0.65,1.0,4
high,245,0.6816,0.6816,0.0662,"High=245, Low=820",DIR,0.65,1.0,4
high,245,0.6612,0.6612,0.0772,"High=245, Low=820",BSAM,0.65,1.0,4
high,245,0.6041,0.6041,0.0777,"High=245, Low=820",DILA,0.65,1.0,4
high,245,0.5831,0.7306,0.0664,"High=245, Low=820",Control,0.65,1.25,4
high,245,0.5961,0.7469,0.0662,"High=245, Low=820",DIR,0.65,1.25,4
high,245,0.5798,0.7265,0.0772,"High=245, Low=820",BSAM,0.65,1.25,4
high,245,0.5147,0.6449,0.0777,"High=245, Low=820",DILA,0.65,1.25,4
high,245,0.5272,0.7918,0.0664,"High=245, Low=820",Control,0.65,1.5,4
high,245,0.5217,0.7837,0.0662,"High=245, Low=820",DIR,0.65,1.5,4
high,245,0.5109,0.7673,0.0772,"High=245, Low=820",BSAM,0.65,1.5,4
high,245,0.4592,0.6898,0.0777,"High=245, Low=820",DILA,0.65,1.5,4
high,245,0.4685,0.8204,0.0664,"High=245, Low=820",Control,0.65,1.75,4
high,245,0.4709,0.8245,0.0662,"High=245, Low=820",DIR,0.65,1.75,4
high,245,0.4545,0.7959,0.0772,"High=245, Low=820",BSAM,0.65,1.75,4
high,245,0.4266,0.7469,0.0777,"High=245, Low=820",DILA,0.65,1.75,4
high,245,0.4224,0.8449,0.0664,"High=245, Low=820",Control,0.65,2.0,4
high,245,0.4265,0.8531,0.0662,"High=245, Low=820",DIR,0.65,2.0,4
high,245,0.4184,0.8367,0.0772,"High=245, Low=820",BSAM,0.65,2.0,4
high,245,0.3918,0.7837,0.0777,"High=245, Low=820",DILA,0.65,2.0,4
high,245,0.3841,0.8653,0.0664,"High=245, Low=820",Control,0.65,2.25,4
high,245,0.3877,0.8735,0.0662,"High=245, Low=820",DIR,0.65,2.25,4
high,245,0.3822,0.8612,0.0772,"High=245, Low=820",BSAM,0.65,2.25,4
high,245,0.3623,0.8163,0.0777,"High=245, Low=820",DILA,0.65,2.25,4
high,245,0.3605,0.902,0.0664,"High=245, Low=820",Control,0.65,2.5,4
high,245,0.3524,0.8816,0.0662,"High=245, Low=820",DIR,0.65,2.5,4
high,245,0.3605,0.902,0.0772,"High=245, Low=820",BSAM,0.65,2.5,4
high,245,0.3361,0.8408,0.0777,"High=245, Low=820",DILA,0.65,2.5,4
high,245,0.3323,0.9143,0.0664,"High=245, Low=820",Control,0.65,2.75,4
high,245,0.3234,0.8898,0.0662,"High=245, Low=820",DIR,0.65,2.75,4
high,245,0.3368,0.9265,0.0772,"High=245, Low=820",BSAM,0.65,2.75,4
high,245,0.3086,0.849,0.0777,"High=245, Low=820",DILA,0.65,2.75,4
high,245,0.3102,0.9306,0.0664,"High=245, Low=820",Control,0.65,3.0,4
high,245,0.3007,0.902,0.0662,"High=245, Low=820",DIR,0.65,3.0,4
high,245,0.3116,0.9347,0.0772,"High=245, Low=820",BSAM,0.65,3.0,4
high,245,0.2912,0.8735,0.0777,"High=245, Low=820",DILA,0.65,3.0,4
high,205,0.835,0.4195,0.0636,"High=205, Low=705",Control,0.7,0.5,4
high,205,0.8932,0.4488,0.0648,"High=205, Low=705",DIR,0.7,0.5,4
high,205,0.8835,0.4439,0.0749,"High=205, Low=705",BSAM,0.7,0.5,4
high,205,0.7961,0.4,0.0731,"High=205, Low=705",DILA,0.7,0.5,4
high,205,0.7857,0.5902,0.0636,"High=205, Low=705",Control,0.7,0.75,4
high,205,0.8117,0.6098,0.0648,"High=205, Low=705",DIR,0.7,0.75,4
high,205,0.8182,0.6146,0.0749,"High=205, Low=705",BSAM,0.7,0.75,4
high,205,0.7273,0.5463,0.0731,"High=205, Low=705",DILA,0.7,0.75,4
high,205,0.7122,0.7122,0.0636,"High=205, Low=705",Control,0.7,1.0,4
high,205,0.7073,0.7073,0.0648,"High=205, Low=705",DIR,0.7,1.0,4
high,205,0.7268,0.7268,0.0749,"High=205, Low=705",BSAM,0.7,1.0,4
high,205,0.6439,0.6439,0.0731,"High=205, Low=705",DILA,0.7,1.0,4
high,205,0.6226,0.7805,0.0636,"High=205, Low=705",Control,0.7,1.25,4
high,205,0.6031,0.7561,0.0648,"High=205, Low=705",DIR,0.7,1.25,4
high,205,0.6148,0.7707,0.0749,"High=205, Low=705",BSAM,0.7,1.25,4
high,205,0.5564,0.6976,0.0731,"High=205, Low=705",DILA,0.7,1.25,4
high,205,0.539,0.8098,0.0636,"High=205, Low=705",Control,0.7,1.5,4
high,205,0.539,0.8098,0.0648,"High=205, Low=705",DIR,0.7,1.5,4
high,205,0.5455,0.8195,0.0749,"High=205, Low=705",BSAM,0.7,1.5,4
high,205,0.4838,0.7268,0.0731,"High=205, Low=705",DILA,0.7,1.5,4
high,205,0.4875,0.8537,0.0636,"High=205, Low=705",Control,0.7,1.75,4
high,205,0.4791,0.839,0.0648,"High=205, Low=705",DIR,0.7,1.75,4
high,205,0.4847,0.8488,0.0749,"High=205, Low=705",BSAM,0.7,1.75,4
high,205,0.4401,0.7707,0.0731,"High=205, Low=705",DILA,0.7,1.75,4
high,205,0.4415,0.8829,0.0636,"High=205, Low=705",Control,0.7,2.0,4
high,205,0.4293,0.8585,0.0648,"High=205, Low=705",DIR,0.7,2.0,4
high,205,0.4415,0.8829,0.0749,"High=205, Low=705",BSAM,0.7,2.0,4
high,205,0.4049,0.8098,0.0731,"High=205, Low=705",DILA,0.7,2.0,4
high,205,0.3961,0.8927,0.0636,"High=205, Low=705",Control,0.7,2.25,4
high,205,0.3918,0.8829,0.0648,"High=205, Low=705",DIR,0.7,2.25,4
high,205,0.3961,0.8927,0.0749,"High=205, Low=705",BSAM,0.7,2.25,4
high,205,0.3766,0.8488,0.0731,"High=205, Low=705",DILA,0.7,2.25,4
high,205,0.3645,0.9122,0.0636,"High=205, Low=705",Control,0.7,2.5,4
high,205,0.3587,0.8976,0.0648,"High=205, Low=705",DIR,0.7,2.5,4
high,205,0.3626,0.9073,0.0749,"High=205, Low=705",BSAM,0.7,2.5,4
high,205,0.347,0.8683,0.0731,"High=205, Low=705",DILA,0.7,2.5,4
high,205,0.3351,0.922,0.0636,"High=205, Low=705",Control,0.7,2.75,4
high,205,0.3262,0.8976,0.0648,"High=205, Low=705",DIR,0.7,2.75,4
high,205,0.3351,0.922,0.0749,"High=205, Low=705",BSAM,0.7,2.75,4
high,205,0.3209,0.8829,0.0731,"High=205, Low=705",DILA,0.7,2.75,4
high,205,0.3089,0.9268,0.0636,"High=205, Low=705",Control,0.7,3.0,4
high,205,0.3024,0.9073,0.0648,"High=205, Low=705",DIR,0.7,3.0,4
high,205,0.3154,0.9463,0.0749,"High=205, Low=705",BSAM,0.7,3.0,4
high,205,0.2959,0.8878,0.0731,"High=205, Low=705",DILA,0.7,3.0,4
high,160,0.8625,0.4313,0.0635,"High=160, Low=555",Control,0.75,0.5,4
high,160,0.8625,0.4313,0.0604,"High=160, Low=555",DIR,0.75,0.5,4
high,160,0.8875,0.4437,0.0764,"High=160, Low=555",BSAM,0.75,0.5,4
high,160,0.825,0.4125,0.0672,"High=160, Low=555",DILA,0.75,0.5,4
high,160,0.8083,0.6062,0.0635,"High=160, Low=555",Control,0.75,0.75,4
high,160,0.8583,0.6438,0.0604,"High=160, Low=555",DIR,0.75,0.75,4
high,160,0.875,0.6562,0.0764,"High=160, Low=555",BSAM,0.75,0.75,4
high,160,0.7667,0.575,0.0672,"High=160, Low=555",DILA,0.75,0.75,4
high,160,0.7312,0.7312,0.0635,"High=160, Low=555",Control,0.75,1.0,4
high,160,0.7375,0.7375,0.0604,"High=160, Low=555",DIR,0.75,1.0,4
high,160,0.775,0.775,0.0764,"High=160, Low=555",BSAM,0.75,1.0,4
high,160,0.7188,0.7188,0.0672,"High=160, Low=555",DILA,0.75,1.0,4
high,160,0.625,0.7812,0.0635,"High=160, Low=555",Control,0.75,1.25,4
high,160,0.63,0.7875,0.0604,"High=160, Low=555",DIR,0.75,1.25,4
high,160,0.67,0.8375,0.0764,"High=160, Low=555",BSAM,0.75,1.25,4
high,160,0.635,0.7937,0.0672,"High=160, Low=555",DILA,0.75,1.25,4
high,160,0.5583,0.8375,0.0635,"High=160, Low=555",Control,0.75,1.5,4
high,160,0.55,0.825,0.0604,"High=160, Low=555",DIR,0.75,1.5,4
high,160,0.5833,0.875,0.0764,"High=160, Low=555",BSAM,0.75,1.5,4
high,160,0.5542,0.8313,0.0672,"High=160, Low=555",DILA,0.75,1.5,4
high,160,0.4929,0.8625,0.0635,"High=160, Low=555",Control,0.75,1.75,4
high,160,0.4857,0.85,0.0604,"High=160, Low=555",DIR,0.75,1.75,4
high,160,0.525,0.9187,0.0764,"High=160, Low=555",BSAM,0.75,1.75,4
high,160,0.4857,0.85,0.0672,"High=160, Low=555",DILA,0.75,1.75,4
high,160,0.45,0.9,0.0635,"High=160, Low=555",Control,0.75,2.0,4
high,160,0.4406,0.8812,0.0604,"High=160, Low=555",DIR,0.75,2.0,4
high,160,0.4656,0.9313,0.0764,"High=160, Low=555",BSAM,0.75,2.0,4
high,160,0.4375,0.875,0.0672,"High=160, Low=555",DILA,0.75,2.0,4
high,160,0.4139,0.9313,0.0635,"High=160, Low=555",Control,0.75,2.25,4
high,160,0.4028,0.9062,0.0604,"High=160, Low=555",DIR,0.75,2.25,4
high,160,0.4167,0.9375,0.0764,"High=160, Low=555",BSAM,0.75,2.25,4
high,160,0.3944,0.8875,0.0672,"High=160, Low=555",DILA,0.75,2.25,4
high,160,0.375,0.9375,0.0635,"High=160, Low=555",Control,0.75,2.5,4
high,160,0.365,0.9125,0.0604,"High=160, Low=555",DIR,0.75,2.5,4
high,160,0.3825,0.9563,0.0764,"High=160, Low=555",BSAM,0.75,2.5,4
high,160,0.3625,0.9062,0.0672,"High=160, Low=555",DILA,0.75,2.5,4
high,160,0.3455,0.95,0.0635,"High=160, Low=555",Control,0.75,2.75,4
high,160,0.3341,0.9187,0.0604,"High=160, Low=555",DIR,0.75,2.75,4
high,160,0.3477,0.9563,0.0764,"High=160, Low=555",BSAM,0.75,2.75,4
high,160,0.3386,0.9313,0.0672,"High=160, Low=555",DILA,0.75,2.75,4
high,160,0.3187,0.9563,0.0635,"High=160, Low=555",Control,0.75,3.0,4
high,160,0.3125,0.9375,0.0604,"High=160, Low=555",DIR,0.75,3.0,4
high,160,0.3208,0.9625,0.0764,"High=160, Low=555",BSAM,0.75,3.0,4
high,160,0.3146,0.9437,0.0672,"High=160, Low=555",DILA,0.75,3.0,4
high,130,0.7077,0.3538,0.0621,"High=130, Low=425",Control,0.8,0.5,4
high,130,0.7077,0.3538,0.0566,"High=130, Low=425",DIR,0.8,0.5,4
high,130,0.8,0.4,0.0828,"High=130, Low=425",BSAM,0.8,0.5,4
high,130,0.7692,0.3846,0.0671,"High=130, Low=425",DILA,0.8,0.5,4
high,130,0.6939,0.5231,0.0621,"High=130, Low=425",Control,0.8,0.75,4
high,130,0.7653,0.5769,0.0566,"High=130, Low=425",DIR,0.8,0.75,4
high,130,0.7959,0.6,0.0828,"High=130, Low=425",BSAM,0.8,0.75,4
high,130,0.7551,0.5692,0.0671,"High=130, Low=425",DILA,0.8,0.75,4
high,130,0.7,0.7,0.0621,"High=130, Low=425",Control,0.8,1.0,4
high,130,0.7308,0.7308,0.0566,"High=130, Low=425",DIR,0.8,1.0,4
high,130,0.7538,0.7538,0.0828,"High=130, Low=425",BSAM,0.8,1.0,4
high,130,0.7,0.7,0.0671,"High=130, Low=425",DILA,0.8,1.0,4
high,130,0.6319,0.7923,0.0621,"High=130, Low=425",Control,0.8,1.25,4
high,130,0.6442,0.8077,0.0566,"High=130, Low=425",DIR,0.8,1.25,4
high,130,0.6871,0.8615,0.0828,"High=130, Low=425",BSAM,0.8,1.25,4
high,130,0.6626,0.8308,0.0671,"High=130, Low=425",DILA,0.8,1.25,4
high,130,0.5538,0.8308,0.0621,"High=130, Low=425",Control,0.8,1.5,4
high,130,0.5641,0.8462,0.0566,"High=130, Low=425",DIR,0.8,1.5,4
high,130,0.6,0.9,0.0828,"High=130, Low=425",BSAM,0.8,1.5,4
high,130,0.5744,0.8615,0.0671,"High=130, Low=425",DILA,0.8,1.5,4
high,130,0.4956,0.8692,0.0621,"High=130, Low=425",Control,0.8,1.75,4
high,130,0.5,0.8769,0.0566,"High=130, Low=425",DIR,0.8,1.75,4
high,130,0.5175,0.9077,0.0828,"High=130, Low=425",BSAM,0.8,1.75,4
high,130,0.4956,0.8692,0.0671,"High=130, Low=425",DILA,0.8,1.75,4
high,130,0.4462,0.8923,0.0621,"High=130, Low=425",Control,0.8,2.0,4
high,130,0.4423,0.8846,0.0566,"High=130, Low=425",DIR,0.8,2.0,4
high,130,0.4615,0.9231,0.0828,"High=130, Low=425",BSAM,0.8,2.0,4
high,130,0.4385,0.8769,0.0671,"High=130, Low=425",DILA,0.8,2.0,4
high,130,0.3993,0.9,0.0621,"High=130, Low=425",Control,0.8,2.25,4
high,130,0.3993,0.9,0.0566,"High=130, Low=425",DIR,0.8,2.25,4
high,130,0.4164,0.9385,0.0828,"High=130, Low=425",BSAM,0.8,2.25,4
high,130,0.3891,0.8769,0.0671,"High=130, Low=425",DILA,0.8,2.25,4
high,130,0.3662,0.9154,0.0621,"High=130, Low=425",Control,0.8,2.5,4
high,130,0.36,0.9,0.0566,"High=130, Low=425",DIR,0.8,2.5,4
high,130,0.3815,0.9538,0.0828,"High=130, Low=425",BSAM,0.8,2.5,4
high,130,0.3538,0.8846,0.0671,"High=130, Low=425",DILA,0.8,2.5,4
high,130,0.3408,0.9385,0.0621,"High=130, Low=425",Control,0.8,2.75,4
high,130,0.3352,0.9231,0.0566,"High=130, Low=425",DIR,0.8,2.75,4
high,130,0.3464,0.9538,0.0828,"High=130, Low=425",BSAM,0.8,2.75,4
high,130,0.324,0.8923,0.0671,"High=130, Low=425",DILA,0.8,2.75,4
high,130,0.3154,0.9462,0.0621,"High=130, Low=425",Control,0.8,3.0,4
high,130,0.3077,0.9231,0.0566,"High=130, Low=425",DIR,0.8,3.0,4
high,130,0.3205,0.9615,0.0828,"High=130, Low=425",BSAM,0.8,3.0,4
high,130,0.3077,0.9231,0.0671,"High=130, Low=425",DILA,0.8,3.0,4
high,50,0.72,0.36,0.0632,"High=50, Low=320",Control,0.8500000000000001,0.5,4
high,50,0.8,0.4,0.0557,"High=50, Low=320",DIR,0.8500000000000001,0.5,4
high,50,0.48,0.24,0.1495,"High=50, Low=320",BSAM,0.8500000000000001,0.5,4
high,50,0.52,0.26,0.0774,"High=50, Low=320",DILA,0.8500000000000001,0.5,4
high,50,0.6316,0.48,0.0632,"High=50, Low=320",Control,0.8500000000000001,0.75,4
high,50,0.6316,0.48,0.0557,"High=50, Low=320",DIR,0.8500000000000001,0.75,4
high,50,0.5,0.38,0.1495,"High=50, Low=320",BSAM,0.8500000000000001,0.75,4
high,50,0.5,0.38,0.0774,"High=50, Low=320",DILA,0.8500000000000001,0.75,4
high,50,0.58,0.58,0.0632,"High=50, Low=320",Control,0.8500000000000001,1.0,4
high,50,0.6,0.6,0.0557,"High=50, Low=320",DIR,0.8500000000000001,1.0,4
high,50,0.48,0.48,0.1495,"High=50, Low=320",BSAM,0.8500000000000001,1.0,4
high,50,0.5,0.5,0.0774,"High=50, Low=320",DILA,0.8500000000000001,1.0,4
high,50,0.5079,0.64,0.0632,"High=50, Low=320",Control,0.8500000000000001,1.25,4
high,50,0.5238,0.66,0.0557,"High=50, Low=320",DIR,0.8500000000000001,1.25,4
high,50,0.4444,0.56,0.1495,"High=50, Low=320",BSAM,0.8500000000000001,1.25,4
high,50,0.4127,0.52,0.0774,"High=50, Low=320",DILA,0.8500000000000001,1.25,4
high,50,0.48,0.72,0.0632,"High=50, Low=320",Control,0.8500000000000001,1.5,4
high,50,0.48,0.72,0.0557,"High=50, Low=320",DIR,0.8500000000000001,1.5,4
high,50,0.4133,0.62,0.1495,"High=50, Low=320",BSAM,0.8500000000000001,1.5,4
high,50,0.4133,0.62,0.0774,"High=50, Low=320",DILA,0.8500000000000001,1.5,4
high,50,0.4545,0.8,0.0632,"High=50, Low=320",Control,0.8500000000000001,1.75,4
high,50,0.4318,0.76,0.0557,"High=50, Low=320",DIR,0.8500000000000001,1.75,4
high,50,0.4091,0.72,0.1495,"High=50, Low=320",BSAM,0.8500000000000001,1.75,4
high,50,0.3864,0.68,0.0774,"High=50, Low=320",DILA,0.8500000000000001,1.75,4
high,50,0.42,0.84,0.0632,"High=50, Low=320",Control,0.8500000000000001,2.0,4
high,50,0.4,0.8,0.0557,"High=50, Low=320",DIR,0.8500000000000001,2.0,4
high,50,0.42,0.84,0.1495,"High=50, Low=320",BSAM,0.8500000000000001,2.0,4
high,50,0.38,0.76,0.0774,"High=50, Low=320",DILA,0.8500000000000001,2.0,4
high,50,0.3894,0.88,0.0632,"High=50, Low=320",Control,0.8500000000000001,2.25,4
high,50,0.3805,0.86,0.0557,"High=50, Low=320",DIR,0.8500000000000001,2.25,4
high,50,0.3894,0.88,0.1495,"High=50, Low=320",BSAM,0.8500000000000001,2.25,4
high,50,0.354,0.8,0.0774,"High=50, Low=320",DILA,0.8500000000000001,2.25,4
high,50,0.376,0.94,0.0632,"High=50, Low=320",Control,0.8500000000000001,2.5,4
high,50,0.344,0.86,0.0557,"High=50, Low=320",DIR,0.8500000000000001,2.5,4
high,50,0.368,0.92,0.1495,"High=50, Low=320",BSAM,0.8500000000000001,2.5,4
high,50,0.328,0.82,0.0774,"High=50, Low=320",DILA,0.8500000000000001,2.5,4
high,50,0.3406,0.94,0.0632,"High=50, Low=320",Control,0.8500000000000001,2.75,4
high,50,0.3188,0.88,0.0557,"High=50, Low=320",DIR,0.8500000000000001,2.75,4
high,50,0.3333,0.92,0.1495,"High=50, Low=320",BSAM,0.8500000000000001,2.75,4
high,50,0.3043,0.84,0.0774,"High=50, Low=320",DILA,0.8500000000000001,2.75,4
high,50,0.3133,0.94,0.0632,"High=50, Low=320",Control,0.8500000000000001,3.0,4
high,50,0.3067,0.92,0.0557,"High=50, Low=320",DIR,0.8500000000000001,3.0,4
high,50,0.3133,0.94,0.1495,"High=50, Low=320",BSAM,0.8500000000000001,3.0,4
high,50,0.2867,0.86,0.0774,"High=50, Low=320",DILA,0.8500000000000001,3.0,4
high,30,0.8,0.4,0.0681,"High=30, Low=205",Control,0.9,0.5,4
high,30,0.9333,0.4667,0.0463,"High=30, Low=205",DIR,0.9,0.5,4
high,30,0.3333,0.1667,0.2217,"High=30, Low=205",BSAM,0.9,0.5,4
high,30,0.6667,0.3333,0.0923,"High=30, Low=205",DILA,0.9,0.5,4
high,30,0.6957,0.5333,0.0681,"High=30, Low=205",Control,0.9,0.75,4
high,30,0.7826,0.6,0.0463,"High=30, Low=205",DIR,0.9,0.75,4
high,30,0.3043,0.2333,0.2217,"High=30, Low=205",BSAM,0.9,0.75,4
high,30,0.5217,0.4,0.0923,"High=30, Low=205",DILA,0.9,0.75,4
high,30,0.6667,0.6667,0.0681,"High=30, Low=205",Control,0.9,1.0,4
high,30,0.7667,0.7667,0.0463,"High=30, Low=205",DIR,0.9,1.0,4
high,30,0.2667,0.2667,0.2217,"High=30, Low=205",BSAM,0.9,1.0,4
high,30,0.4667,0.4667,0.0923,"High=30, Low=205",DILA,0.9,1.0,4
high,30,0.5526,0.7,0.0681,"High=30, Low=205",Control,0.9,1.25,4
high,30,0.6053,0.7667,0.0463,"High=30, Low=205",DIR,0.9,1.25,4
high,30,0.2632,0.3333,0.2217,"High=30, Low=205",BSAM,0.9,1.25,4
high,30,0.4211,0.5333,0.0923,"High=30, Low=205",DILA,0.9,1.25,4
high,30,0.5111,0.7667,0.0681,"High=30, Low=205",Control,0.9,1.5,4
high,30,0.5778,0.8667,0.0463,"High=30, Low=205",DIR,0.9,1.5,4
high,30,0.2667,0.4,0.2217,"High=30, Low=205",BSAM,0.9,1.5,4
high,30,0.3778,0.5667,0.0923,"High=30, Low=205",DILA,0.9,1.5,4
high,30,0.434,0.7667,0.0681,"High=30, Low=205",Control,0.9,1.75,4
high,30,0.5094,0.9,0.0463,"High=30, Low=205",DIR,0.9,1.75,4
high,30,0.2642,0.4667,0.2217,"High=30, Low=205",BSAM,0.9,1.75,4
high,30,0.3585,0.6333,0.0923,"High=30, Low=205",DILA,0.9,1.75,4
high,30,0.3833,0.7667,0.0681,"High=30, Low=205",Control,0.9,2.0,4
high,30,0.45,0.9,0.0463,"High=30, Low=205",DIR,0.9,2.0,4
high,30,0.25,0.5,0.2217,"High=30, Low=205",BSAM,0.9,2.0,4
high,30,0.3167,0.6333,0.0923,"High=30, Low=205",DILA,0.9,2.0,4
high,30,0.3676,0.8333,0.0681,"High=30, Low=205",Control,0.9,2.25,4
high,30,0.3971,0.9,0.0463,"High=30, Low=205",DIR,0.9,2.25,4
high,30,0.25,0.5667,0.2217,"High=30, Low=205",BSAM,0.9,2.25,4
high,30,0.3088,0.7,0.0923,"High=30, Low=205",DILA,0.9,2.25,4
high,30,0.3467,0.8667,0.0681,"High=30, Low=205",Control,0.9,2.5,4
high,30,0.3733,0.9333,0.0463,"High=30, Low=205",DIR,0.9,2.5,4
high,30,0.24,0.6,0.2217,"High=30, Low=205",BSAM,0.9,2.5,4
high,30,0.2933,0.7333,0.0923,"High=30, Low=205",DILA,0.9,2.5,4
high,30,0.3133,0.8667,0.0681,"High=30, Low=205",Control,0.9,2.75,4
high,30,0.3494,0.9667,0.0463,"High=30, Low=205",DIR,0.9,2.75,4
high,30,0.2169,0.6,0.2217,"High=30, Low=205",BSAM,0.9,2.75,4
high,30,0.2651,0.7333,0.0923,"High=30, Low=205",DILA,0.9,2.75,4
high,30,0.3,0.9,0.0681,"High=30, Low=205",Control,0.9,3.0,4
high,30,0.3222,0.9667,0.0463,"High=30, Low=205",DIR,0.9,3.0,4
high,30,0.2,0.6,0.2217,"High=30, Low=205",BSAM,0.9,3.0,4
high,30,0.2556,0.7667,0.0923,"High=30, Low=205",DILA,0.9,3.0,4
