Discovery Mode,Tail Size (GT),Extrap. Precision,Tail Recall,Tail MAE,Breakdown,Method,Rel Threshold,Budget Ratio,Fold
high,270,1.0,0.5,85.3068,"High=270, Low=0",Control,0.5,0.5,0
high,270,1.0,0.5,80.4331,"High=270, Low=0",DIR,0.5,0.5,0
high,270,1.0,0.5,80.8833,"High=270, Low=0",BSAM,0.5,0.5,0
high,270,1.0,0.5,106.4722,"High=270, Low=0",DILA,0.5,0.5,0
high,270,1.0,0.7519,85.3068,"High=270, Low=0",Control,0.5,0.75,0
high,270,1.0,0.7519,80.4331,"High=270, Low=0",DIR,0.5,0.75,0
high,270,1.0,0.7519,80.8833,"High=270, Low=0",BSAM,0.5,0.75,0
high,270,1.0,0.7519,106.4722,"High=270, Low=0",DILA,0.5,0.75,0
high,270,0.9741,0.9741,85.3068,"High=270, Low=0",Control,0.5,1.0,0
high,270,0.9741,0.9741,80.4331,"High=270, Low=0",DIR,0.5,1.0,0
high,270,0.9704,0.9704,80.8833,"High=270, Low=0",BSAM,0.5,1.0,0
high,270,0.9778,0.9778,106.4722,"High=270, Low=0",DILA,0.5,1.0,0
high,270,0.7988,1.0,85.3068,"High=270, Low=0",Control,0.5,1.25,0
high,270,0.7988,1.0,80.4331,"High=270, Low=0",DIR,0.5,1.25,0
high,270,0.7988,1.0,80.8833,"High=270, Low=0",BSAM,0.5,1.25,0
high,270,0.7959,0.9963,106.4722,"High=270, Low=0",DILA,0.5,1.25,0
high,270,0.6667,1.0,85.3068,"High=270, Low=0",Control,0.5,1.5,0
high,270,0.6667,1.0,80.4331,"High=270, Low=0",DIR,0.5,1.5,0
high,270,0.6667,1.0,80.8833,"High=270, Low=0",BSAM,0.5,1.5,0
high,270,0.6667,1.0,106.4722,"High=270, Low=0",DILA,0.5,1.5,0
high,270,0.5708,1.0,85.3068,"High=270, Low=0",Control,0.5,1.75,0
high,270,0.5708,1.0,80.4331,"High=270, Low=0",DIR,0.5,1.75,0
high,270,0.5708,1.0,80.8833,"High=270, Low=0",BSAM,0.5,1.75,0
high,270,0.5708,1.0,106.4722,"High=270, Low=0",DILA,0.5,1.75,0
high,270,0.5,1.0,85.3068,"High=270, Low=0",Control,0.5,2.0,0
high,270,0.5,1.0,80.4331,"High=270, Low=0",DIR,0.5,2.0,0
high,270,0.5,1.0,80.8833,"High=270, Low=0",BSAM,0.5,2.0,0
high,270,0.5,1.0,106.4722,"High=270, Low=0",DILA,0.5,2.0,0
high,270,0.4441,1.0,85.3068,"High=270, Low=0",Control,0.5,2.25,0
high,270,0.4441,1.0,80.4331,"High=270, Low=0",DIR,0.5,2.25,0
high,270,0.4441,1.0,80.8833,"High=270, Low=0",BSAM,0.5,2.25,0
high,270,0.4441,1.0,106.4722,"High=270, Low=0",DILA,0.5,2.25,0
high,270,0.4,1.0,85.3068,"High=270, Low=0",Control,0.5,2.5,0
high,270,0.4,1.0,80.4331,"High=270, Low=0",DIR,0.5,2.5,0
high,270,0.4,1.0,80.8833,"High=270, Low=0",BSAM,0.5,2.5,0
high,270,0.4,1.0,106.4722,"High=270, Low=0",DILA,0.5,2.5,0
high,270,0.3634,1.0,85.3068,"High=270, Low=0",Control,0.5,2.75,0
high,270,0.3634,1.0,80.4331,"High=270, Low=0",DIR,0.5,2.75,0
high,270,0.3634,1.0,80.8833,"High=270, Low=0",BSAM,0.5,2.75,0
high,270,0.3634,1.0,106.4722,"High=270, Low=0",DILA,0.5,2.75,0
high,270,0.3333,1.0,85.3068,"High=270, Low=0",Control,0.5,3.0,0
high,270,0.3333,1.0,80.4331,"High=270, Low=0",DIR,0.5,3.0,0
high,270,0.3333,1.0,80.8833,"High=270, Low=0",BSAM,0.5,3.0,0
high,270,0.3333,1.0,106.4722,"High=270, Low=0",DILA,0.5,3.0,0
high,250,1.0,0.5,88.3666,"High=250, Low=0",Control,0.55,0.5,0
high,250,1.0,0.5,82.934,"High=250, Low=0",DIR,0.55,0.5,0
high,250,1.0,0.5,83.3068,"High=250, Low=0",BSAM,0.55,0.5,0
high,250,1.0,0.5,111.0705,"High=250, Low=0",DILA,0.55,0.5,0
high,250,1.0,0.752,88.3666,"High=250, Low=0",Control,0.55,0.75,0
high,250,0.9894,0.744,82.934,"High=250, Low=0",DIR,0.55,0.75,0
high,250,0.984,0.74,83.3068,"High=250, Low=0",BSAM,0.55,0.75,0
high,250,0.9947,0.748,111.0705,"High=250, Low=0",DILA,0.55,0.75,0
high,250,0.964,0.964,88.3666,"High=250, Low=0",Control,0.55,1.0,0
high,250,0.96,0.96,82.934,"High=250, Low=0",DIR,0.55,1.0,0
high,250,0.956,0.956,83.3068,"High=250, Low=0",BSAM,0.55,1.0,0
high,250,0.96,0.96,111.0705,"High=250, Low=0",DILA,0.55,1.0,0
high,250,0.7987,1.0,88.3666,"High=250, Low=0",Control,0.55,1.25,0
high,250,0.7987,1.0,82.934,"High=250, Low=0",DIR,0.55,1.25,0
high,250,0.7987,1.0,83.3068,"High=250, Low=0",BSAM,0.55,1.25,0
high,250,0.7955,0.996,111.0705,"High=250, Low=0",DILA,0.55,1.25,0
high,250,0.6667,1.0,88.3666,"High=250, Low=0",Control,0.55,1.5,0
high,250,0.6667,1.0,82.934,"High=250, Low=0",DIR,0.55,1.5,0
high,250,0.6667,1.0,83.3068,"High=250, Low=0",BSAM,0.55,1.5,0
high,250,0.6667,1.0,111.0705,"High=250, Low=0",DILA,0.55,1.5,0
high,250,0.5708,1.0,88.3666,"High=250, Low=0",Control,0.55,1.75,0
high,250,0.5708,1.0,82.934,"High=250, Low=0",DIR,0.55,1.75,0
high,250,0.5708,1.0,83.3068,"High=250, Low=0",BSAM,0.55,1.75,0
high,250,0.5708,1.0,111.0705,"High=250, Low=0",DILA,0.55,1.75,0
high,250,0.5,1.0,88.3666,"High=250, Low=0",Control,0.55,2.0,0
high,250,0.5,1.0,82.934,"High=250, Low=0",DIR,0.55,2.0,0
high,250,0.5,1.0,83.3068,"High=250, Low=0",BSAM,0.55,2.0,0
high,250,0.5,1.0,111.0705,"High=250, Low=0",DILA,0.55,2.0,0
high,250,0.444,1.0,88.3666,"High=250, Low=0",Control,0.55,2.25,0
high,250,0.444,1.0,82.934,"High=250, Low=0",DIR,0.55,2.25,0
high,250,0.444,1.0,83.3068,"High=250, Low=0",BSAM,0.55,2.25,0
high,250,0.444,1.0,111.0705,"High=250, Low=0",DILA,0.55,2.25,0
high,250,0.4,1.0,88.3666,"High=250, Low=0",Control,0.55,2.5,0
high,250,0.4,1.0,82.934,"High=250, Low=0",DIR,0.55,2.5,0
high,250,0.4,1.0,83.3068,"High=250, Low=0",BSAM,0.55,2.5,0
high,250,0.4,1.0,111.0705,"High=250, Low=0",DILA,0.55,2.5,0
high,250,0.3634,1.0,88.3666,"High=250, Low=0",Control,0.55,2.75,0
high,250,0.3634,1.0,82.934,"High=250, Low=0",DIR,0.55,2.75,0
high,250,0.3634,1.0,83.3068,"High=250, Low=0",BSAM,0.55,2.75,0
high,250,0.3634,1.0,111.0705,"High=250, Low=0",DILA,0.55,2.75,0
high,250,0.3333,1.0,88.3666,"High=250, Low=0",Control,0.55,3.0,0
high,250,0.3333,1.0,82.934,"High=250, Low=0",DIR,0.55,3.0,0
high,250,0.3333,1.0,83.3068,"High=250, Low=0",BSAM,0.55,3.0,0
high,250,0.3333,1.0,111.0705,"High=250, Low=0",DILA,0.55,3.0,0
high,245,1.0,0.502,89.476,"High=245, Low=0",Control,0.6,0.5,0
high,245,1.0,0.502,83.8741,"High=245, Low=0",DIR,0.6,0.5,0
high,245,1.0,0.502,84.3809,"High=245, Low=0",BSAM,0.6,0.5,0
high,245,1.0,0.502,112.7379,"High=245, Low=0",DILA,0.6,0.5,0
high,245,1.0,0.751,89.476,"High=245, Low=0",Control,0.6,0.75,0
high,245,0.9891,0.7429,83.8741,"High=245, Low=0",DIR,0.6,0.75,0
high,245,0.9837,0.7388,84.3809,"High=245, Low=0",BSAM,0.6,0.75,0
high,245,0.9946,0.7469,112.7379,"High=245, Low=0",DILA,0.6,0.75,0
high,245,0.9633,0.9633,89.476,"High=245, Low=0",Control,0.6,1.0,0
high,245,0.9673,0.9673,83.8741,"High=245, Low=0",DIR,0.6,1.0,0
high,245,0.9551,0.9551,84.3809,"High=245, Low=0",BSAM,0.6,1.0,0
high,245,0.9633,0.9633,112.7379,"High=245, Low=0",DILA,0.6,1.0,0
high,245,0.798,1.0,89.476,"High=245, Low=0",Control,0.6,1.25,0
high,245,0.798,1.0,83.8741,"High=245, Low=0",DIR,0.6,1.25,0
high,245,0.798,1.0,84.3809,"High=245, Low=0",BSAM,0.6,1.25,0
high,245,0.7948,0.9959,112.7379,"High=245, Low=0",DILA,0.6,1.25,0
high,245,0.6658,1.0,89.476,"High=245, Low=0",Control,0.6,1.5,0
high,245,0.6658,1.0,83.8741,"High=245, Low=0",DIR,0.6,1.5,0
high,245,0.6658,1.0,84.3809,"High=245, Low=0",BSAM,0.6,1.5,0
high,245,0.6658,1.0,112.7379,"High=245, Low=0",DILA,0.6,1.5,0
high,245,0.5711,1.0,89.476,"High=245, Low=0",Control,0.6,1.75,0
high,245,0.5711,1.0,83.8741,"High=245, Low=0",DIR,0.6,1.75,0
high,245,0.5711,1.0,84.3809,"High=245, Low=0",BSAM,0.6,1.75,0
high,245,0.5711,1.0,112.7379,"High=245, Low=0",DILA,0.6,1.75,0
high,245,0.5,1.0,89.476,"High=245, Low=0",Control,0.6,2.0,0
high,245,0.5,1.0,83.8741,"High=245, Low=0",DIR,0.6,2.0,0
high,245,0.5,1.0,84.3809,"High=245, Low=0",BSAM,0.6,2.0,0
high,245,0.5,1.0,112.7379,"High=245, Low=0",DILA,0.6,2.0,0
high,245,0.4438,1.0,89.476,"High=245, Low=0",Control,0.6,2.25,0
high,245,0.4438,1.0,83.8741,"High=245, Low=0",DIR,0.6,2.25,0
high,245,0.4438,1.0,84.3809,"High=245, Low=0",BSAM,0.6,2.25,0
high,245,0.4438,1.0,112.7379,"High=245, Low=0",DILA,0.6,2.25,0
high,245,0.3997,1.0,89.476,"High=245, Low=0",Control,0.6,2.5,0
high,245,0.3997,1.0,83.8741,"High=245, Low=0",DIR,0.6,2.5,0
high,245,0.3997,1.0,84.3809,"High=245, Low=0",BSAM,0.6,2.5,0
high,245,0.3997,1.0,112.7379,"High=245, Low=0",DILA,0.6,2.5,0
high,245,0.3635,1.0,89.476,"High=245, Low=0",Control,0.6,2.75,0
high,245,0.3635,1.0,83.8741,"High=245, Low=0",DIR,0.6,2.75,0
high,245,0.3635,1.0,84.3809,"High=245, Low=0",BSAM,0.6,2.75,0
high,245,0.3635,1.0,112.7379,"High=245, Low=0",DILA,0.6,2.75,0
high,245,0.3333,1.0,89.476,"High=245, Low=0",Control,0.6,3.0,0
high,245,0.3333,1.0,83.8741,"High=245, Low=0",DIR,0.6,3.0,0
high,245,0.3333,1.0,84.3809,"High=245, Low=0",BSAM,0.6,3.0,0
high,245,0.3333,1.0,112.7379,"High=245, Low=0",DILA,0.6,3.0,0
high,220,1.0,0.5,93.4542,"High=220, Low=0",Control,0.65,0.5,0
high,220,1.0,0.5,88.1043,"High=220, Low=0",DIR,0.65,0.5,0
high,220,1.0,0.5,88.2715,"High=220, Low=0",BSAM,0.65,0.5,0
high,220,1.0,0.5,118.1149,"High=220, Low=0",DILA,0.65,0.5,0
high,220,0.9636,0.7227,93.4542,"High=220, Low=0",Control,0.65,0.75,0
high,220,0.9697,0.7273,88.1043,"High=220, Low=0",DIR,0.65,0.75,0
high,220,0.9697,0.7273,88.2715,"High=220, Low=0",BSAM,0.65,0.75,0
high,220,0.9576,0.7182,118.1149,"High=220, Low=0",DILA,0.65,0.75,0
high,220,0.9318,0.9318,93.4542,"High=220, Low=0",Control,0.65,1.0,0
high,220,0.9091,0.9091,88.1043,"High=220, Low=0",DIR,0.65,1.0,0
high,220,0.8955,0.8955,88.2715,"High=220, Low=0",BSAM,0.65,1.0,0
high,220,0.9136,0.9136,118.1149,"High=220, Low=0",DILA,0.65,1.0,0
high,220,0.8,1.0,93.4542,"High=220, Low=0",Control,0.65,1.25,0
high,220,0.8,1.0,88.1043,"High=220, Low=0",DIR,0.65,1.25,0
high,220,0.7891,0.9864,88.2715,"High=220, Low=0",BSAM,0.65,1.25,0
high,220,0.7964,0.9955,118.1149,"High=220, Low=0",DILA,0.65,1.25,0
high,220,0.6667,1.0,93.4542,"High=220, Low=0",Control,0.65,1.5,0
high,220,0.6667,1.0,88.1043,"High=220, Low=0",DIR,0.65,1.5,0
high,220,0.6667,1.0,88.2715,"High=220, Low=0",BSAM,0.65,1.5,0
high,220,0.6636,0.9955,118.1149,"High=220, Low=0",DILA,0.65,1.5,0
high,220,0.5714,1.0,93.4542,"High=220, Low=0",Control,0.65,1.75,0
high,220,0.5714,1.0,88.1043,"High=220, Low=0",DIR,0.65,1.75,0
high,220,0.5714,1.0,88.2715,"High=220, Low=0",BSAM,0.65,1.75,0
high,220,0.5714,1.0,118.1149,"High=220, Low=0",DILA,0.65,1.75,0
high,220,0.5,1.0,93.4542,"High=220, Low=0",Control,0.65,2.0,0
high,220,0.5,1.0,88.1043,"High=220, Low=0",DIR,0.65,2.0,0
high,220,0.5,1.0,88.2715,"High=220, Low=0",BSAM,0.65,2.0,0
high,220,0.5,1.0,118.1149,"High=220, Low=0",DILA,0.65,2.0,0
high,220,0.4444,1.0,93.4542,"High=220, Low=0",Control,0.65,2.25,0
high,220,0.4444,1.0,88.1043,"High=220, Low=0",DIR,0.65,2.25,0
high,220,0.4444,1.0,88.2715,"High=220, Low=0",BSAM,0.65,2.25,0
high,220,0.4444,1.0,118.1149,"High=220, Low=0",DILA,0.65,2.25,0
high,220,0.4,1.0,93.4542,"High=220, Low=0",Control,0.65,2.5,0
high,220,0.4,1.0,88.1043,"High=220, Low=0",DIR,0.65,2.5,0
high,220,0.4,1.0,88.2715,"High=220, Low=0",BSAM,0.65,2.5,0
high,220,0.4,1.0,118.1149,"High=220, Low=0",DILA,0.65,2.5,0
high,220,0.3636,1.0,93.4542,"High=220, Low=0",Control,0.65,2.75,0
high,220,0.3636,1.0,88.1043,"High=220, Low=0",DIR,0.65,2.75,0
high,220,0.3636,1.0,88.2715,"High=220, Low=0",BSAM,0.65,2.75,0
high,220,0.3636,1.0,118.1149,"High=220, Low=0",DILA,0.65,2.75,0
high,220,0.3333,1.0,93.4542,"High=220, Low=0",Control,0.65,3.0,0
high,220,0.3333,1.0,88.1043,"High=220, Low=0",DIR,0.65,3.0,0
high,220,0.3333,1.0,88.2715,"High=220, Low=0",BSAM,0.65,3.0,0
high,220,0.3333,1.0,118.1149,"High=220, Low=0",DILA,0.65,3.0,0
high,200,1.0,0.5,100.1592,"High=200, Low=0",Control,0.7,0.5,0
high,200,1.0,0.5,93.3493,"High=200, Low=0",DIR,0.7,0.5,0
high,200,1.0,0.5,94.2649,"High=200, Low=0",BSAM,0.7,0.5,0
high,200,0.99,0.495,126.736,"High=200, Low=0",DILA,0.7,0.5,0
high,200,0.9733,0.73,100.1592,"High=200, Low=0",Control,0.7,0.75,0
high,200,0.9733,0.73,93.3493,"High=200, Low=0",DIR,0.7,0.75,0
high,200,0.98,0.735,94.2649,"High=200, Low=0",BSAM,0.7,0.75,0
high,200,0.9733,0.73,126.736,"High=200, Low=0",DILA,0.7,0.75,0
high,200,0.93,0.93,100.1592,"High=200, Low=0",Control,0.7,1.0,0
high,200,0.91,0.91,93.3493,"High=200, Low=0",DIR,0.7,1.0,0
high,200,0.91,0.91,94.2649,"High=200, Low=0",BSAM,0.7,1.0,0
high,200,0.895,0.895,126.736,"High=200, Low=0",DILA,0.7,1.0,0
high,200,0.796,0.995,100.1592,"High=200, Low=0",Control,0.7,1.25,0
high,200,0.792,0.99,93.3493,"High=200, Low=0",DIR,0.7,1.25,0
high,200,0.784,0.98,94.2649,"High=200, Low=0",BSAM,0.7,1.25,0
high,200,0.78,0.975,126.736,"High=200, Low=0",DILA,0.7,1.25,0
high,200,0.6667,1.0,100.1592,"High=200, Low=0",Control,0.7,1.5,0
high,200,0.6667,1.0,93.3493,"High=200, Low=0",DIR,0.7,1.5,0
high,200,0.6667,1.0,94.2649,"High=200, Low=0",BSAM,0.7,1.5,0
high,200,0.6633,0.995,126.736,"High=200, Low=0",DILA,0.7,1.5,0
high,200,0.5714,1.0,100.1592,"High=200, Low=0",Control,0.7,1.75,0
high,200,0.5714,1.0,93.3493,"High=200, Low=0",DIR,0.7,1.75,0
high,200,0.5714,1.0,94.2649,"High=200, Low=0",BSAM,0.7,1.75,0
high,200,0.5714,1.0,126.736,"High=200, Low=0",DILA,0.7,1.75,0
high,200,0.5,1.0,100.1592,"High=200, Low=0",Control,0.7,2.0,0
high,200,0.5,1.0,93.3493,"High=200, Low=0",DIR,0.7,2.0,0
high,200,0.5,1.0,94.2649,"High=200, Low=0",BSAM,0.7,2.0,0
high,200,0.5,1.0,126.736,"High=200, Low=0",DILA,0.7,2.0,0
high,200,0.4444,1.0,100.1592,"High=200, Low=0",Control,0.7,2.25,0
high,200,0.4444,1.0,93.3493,"High=200, Low=0",DIR,0.7,2.25,0
high,200,0.4444,1.0,94.2649,"High=200, Low=0",BSAM,0.7,2.25,0
high,200,0.4444,1.0,126.736,"High=200, Low=0",DILA,0.7,2.25,0
high,200,0.4,1.0,100.1592,"High=200, Low=0",Control,0.7,2.5,0
high,200,0.4,1.0,93.3493,"High=200, Low=0",DIR,0.7,2.5,0
high,200,0.4,1.0,94.2649,"High=200, Low=0",BSAM,0.7,2.5,0
high,200,0.4,1.0,126.736,"High=200, Low=0",DILA,0.7,2.5,0
high,200,0.3636,1.0,100.1592,"High=200, Low=0",Control,0.7,2.75,0
high,200,0.3636,1.0,93.3493,"High=200, Low=0",DIR,0.7,2.75,0
high,200,0.3636,1.0,94.2649,"High=200, Low=0",BSAM,0.7,2.75,0
high,200,0.3636,1.0,126.736,"High=200, Low=0",DILA,0.7,2.75,0
high,200,0.3333,1.0,100.1592,"High=200, Low=0",Control,0.7,3.0,0
high,200,0.3333,1.0,93.3493,"High=200, Low=0",DIR,0.7,3.0,0
high,200,0.3333,1.0,94.2649,"High=200, Low=0",BSAM,0.7,3.0,0
high,200,0.3333,1.0,126.736,"High=200, Low=0",DILA,0.7,3.0,0
high,195,1.0,0.5026,102.4587,"High=195, Low=0",Control,0.75,0.5,0
high,195,1.0,0.5026,95.0497,"High=195, Low=0",DIR,0.75,0.5,0
high,195,1.0,0.5026,95.8598,"High=195, Low=0",BSAM,0.75,0.5,0
high,195,0.9898,0.4974,129.1857,"High=195, Low=0",DILA,0.75,0.5,0
high,195,0.9728,0.7333,102.4587,"High=195, Low=0",Control,0.75,0.75,0
high,195,0.9728,0.7333,95.0497,"High=195, Low=0",DIR,0.75,0.75,0
high,195,0.9864,0.7436,95.8598,"High=195, Low=0",BSAM,0.75,0.75,0
high,195,0.9728,0.7333,129.1857,"High=195, Low=0",DILA,0.75,0.75,0
high,195,0.9077,0.9077,102.4587,"High=195, Low=0",Control,0.75,1.0,0
high,195,0.9077,0.9077,95.0497,"High=195, Low=0",DIR,0.75,1.0,0
high,195,0.9026,0.9026,95.8598,"High=195, Low=0",BSAM,0.75,1.0,0
high,195,0.8923,0.8923,129.1857,"High=195, Low=0",DILA,0.75,1.0,0
high,195,0.7951,0.9949,102.4587,"High=195, Low=0",Control,0.75,1.25,0
high,195,0.7869,0.9846,95.0497,"High=195, Low=0",DIR,0.75,1.25,0
high,195,0.7828,0.9795,95.8598,"High=195, Low=0",BSAM,0.75,1.25,0
high,195,0.7787,0.9744,129.1857,"High=195, Low=0",DILA,0.75,1.25,0
high,195,0.6655,1.0,102.4587,"High=195, Low=0",Control,0.75,1.5,0
high,195,0.6655,1.0,95.0497,"High=195, Low=0",DIR,0.75,1.5,0
high,195,0.6655,1.0,95.8598,"High=195, Low=0",BSAM,0.75,1.5,0
high,195,0.6621,0.9949,129.1857,"High=195, Low=0",DILA,0.75,1.5,0
high,195,0.5702,1.0,102.4587,"High=195, Low=0",Control,0.75,1.75,0
high,195,0.5702,1.0,95.0497,"High=195, Low=0",DIR,0.75,1.75,0
high,195,0.5702,1.0,95.8598,"High=195, Low=0",BSAM,0.75,1.75,0
high,195,0.5702,1.0,129.1857,"High=195, Low=0",DILA,0.75,1.75,0
high,195,0.5,1.0,102.4587,"High=195, Low=0",Control,0.75,2.0,0
high,195,0.5,1.0,95.0497,"High=195, Low=0",DIR,0.75,2.0,0
high,195,0.5,1.0,95.8598,"High=195, Low=0",BSAM,0.75,2.0,0
high,195,0.5,1.0,129.1857,"High=195, Low=0",DILA,0.75,2.0,0
high,195,0.4442,1.0,102.4587,"High=195, Low=0",Control,0.75,2.25,0
high,195,0.4442,1.0,95.0497,"High=195, Low=0",DIR,0.75,2.25,0
high,195,0.4442,1.0,95.8598,"High=195, Low=0",BSAM,0.75,2.25,0
high,195,0.4442,1.0,129.1857,"High=195, Low=0",DILA,0.75,2.25,0
high,195,0.3996,1.0,102.4587,"High=195, Low=0",Control,0.75,2.5,0
high,195,0.3996,1.0,95.0497,"High=195, Low=0",DIR,0.75,2.5,0
high,195,0.3996,1.0,95.8598,"High=195, Low=0",BSAM,0.75,2.5,0
high,195,0.3996,1.0,129.1857,"High=195, Low=0",DILA,0.75,2.5,0
high,195,0.3631,1.0,102.4587,"High=195, Low=0",Control,0.75,2.75,0
high,195,0.3631,1.0,95.0497,"High=195, Low=0",DIR,0.75,2.75,0
high,195,0.3631,1.0,95.8598,"High=195, Low=0",BSAM,0.75,2.75,0
high,195,0.3631,1.0,129.1857,"High=195, Low=0",DILA,0.75,2.75,0
high,195,0.3333,1.0,102.4587,"High=195, Low=0",Control,0.75,3.0,0
high,195,0.3333,1.0,95.0497,"High=195, Low=0",DIR,0.75,3.0,0
high,195,0.3333,1.0,95.8598,"High=195, Low=0",BSAM,0.75,3.0,0
high,195,0.3333,1.0,129.1857,"High=195, Low=0",DILA,0.75,3.0,0
high,150,1.0,0.5,117.2001,"High=150, Low=0",Control,0.8,0.5,0
high,150,1.0,0.5,104.971,"High=150, Low=0",DIR,0.8,0.5,0
high,150,1.0,0.5,105.7429,"High=150, Low=0",BSAM,0.8,0.5,0
high,150,1.0,0.5,149.406,"High=150, Low=0",DILA,0.8,0.5,0
high,150,0.9735,0.7333,117.2001,"High=150, Low=0",Control,0.8,0.75,0
high,150,0.9823,0.74,104.971,"High=150, Low=0",DIR,0.8,0.75,0
high,150,0.9912,0.7467,105.7429,"High=150, Low=0",BSAM,0.8,0.75,0
high,150,0.9558,0.72,149.406,"High=150, Low=0",DILA,0.8,0.75,0
high,150,0.8933,0.8933,117.2001,"High=150, Low=0",Control,0.8,1.0,0
high,150,0.9067,0.9067,104.971,"High=150, Low=0",DIR,0.8,1.0,0
high,150,0.92,0.92,105.7429,"High=150, Low=0",BSAM,0.8,1.0,0
high,150,0.9133,0.9133,149.406,"High=150, Low=0",DILA,0.8,1.0,0
high,150,0.7713,0.9667,117.2001,"High=150, Low=0",Control,0.8,1.25,0
high,150,0.7713,0.9667,104.971,"High=150, Low=0",DIR,0.8,1.25,0
high,150,0.7713,0.9667,105.7429,"High=150, Low=0",BSAM,0.8,1.25,0
high,150,0.7553,0.9467,149.406,"High=150, Low=0",DILA,0.8,1.25,0
high,150,0.6622,0.9933,117.2001,"High=150, Low=0",Control,0.8,1.5,0
high,150,0.6578,0.9867,104.971,"High=150, Low=0",DIR,0.8,1.5,0
high,150,0.6444,0.9667,105.7429,"High=150, Low=0",BSAM,0.8,1.5,0
high,150,0.6444,0.9667,149.406,"High=150, Low=0",DILA,0.8,1.5,0
high,150,0.5665,0.9933,117.2001,"High=150, Low=0",Control,0.8,1.75,0
high,150,0.5665,0.9933,104.971,"High=150, Low=0",DIR,0.8,1.75,0
high,150,0.5589,0.98,105.7429,"High=150, Low=0",BSAM,0.8,1.75,0
high,150,0.5627,0.9867,149.406,"High=150, Low=0",DILA,0.8,1.75,0
high,150,0.5,1.0,117.2001,"High=150, Low=0",Control,0.8,2.0,0
high,150,0.5,1.0,104.971,"High=150, Low=0",DIR,0.8,2.0,0
high,150,0.5,1.0,105.7429,"High=150, Low=0",BSAM,0.8,2.0,0
high,150,0.4967,0.9933,149.406,"High=150, Low=0",DILA,0.8,2.0,0
high,150,0.4438,1.0,117.2001,"High=150, Low=0",Control,0.8,2.25,0
high,150,0.4438,1.0,104.971,"High=150, Low=0",DIR,0.8,2.25,0
high,150,0.4438,1.0,105.7429,"High=150, Low=0",BSAM,0.8,2.25,0
high,150,0.4408,0.9933,149.406,"High=150, Low=0",DILA,0.8,2.25,0
high,150,0.4,1.0,117.2001,"High=150, Low=0",Control,0.8,2.5,0
high,150,0.4,1.0,104.971,"High=150, Low=0",DIR,0.8,2.5,0
high,150,0.4,1.0,105.7429,"High=150, Low=0",BSAM,0.8,2.5,0
high,150,0.4,1.0,149.406,"High=150, Low=0",DILA,0.8,2.5,0
high,150,0.3632,1.0,117.2001,"High=150, Low=0",Control,0.8,2.75,0
high,150,0.3632,1.0,104.971,"High=150, Low=0",DIR,0.8,2.75,0
high,150,0.3632,1.0,105.7429,"High=150, Low=0",BSAM,0.8,2.75,0
high,150,0.3632,1.0,149.406,"High=150, Low=0",DILA,0.8,2.75,0
high,150,0.3333,1.0,117.2001,"High=150, Low=0",Control,0.8,3.0,0
high,150,0.3333,1.0,104.971,"High=150, Low=0",DIR,0.8,3.0,0
high,150,0.3333,1.0,105.7429,"High=150, Low=0",BSAM,0.8,3.0,0
high,150,0.3333,1.0,149.406,"High=150, Low=0",DILA,0.8,3.0,0
high,105,1.0,0.5048,131.2145,"High=105, Low=0",Control,0.8500000000000001,0.5,0
high,105,1.0,0.5048,113.0072,"High=105, Low=0",DIR,0.8500000000000001,0.5,0
high,105,1.0,0.5048,119.3995,"High=105, Low=0",BSAM,0.8500000000000001,0.5,0
high,105,1.0,0.5048,177.7441,"High=105, Low=0",DILA,0.8500000000000001,0.5,0
high,105,0.9494,0.7143,131.2145,"High=105, Low=0",Control,0.8500000000000001,0.75,0
high,105,0.9494,0.7143,113.0072,"High=105, Low=0",DIR,0.8500000000000001,0.75,0
high,105,0.9873,0.7429,119.3995,"High=105, Low=0",BSAM,0.8500000000000001,0.75,0
high,105,0.9747,0.7333,177.7441,"High=105, Low=0",DILA,0.8500000000000001,0.75,0
high,105,0.8762,0.8762,131.2145,"High=105, Low=0",Control,0.8500000000000001,1.0,0
high,105,0.8857,0.8857,113.0072,"High=105, Low=0",DIR,0.8500000000000001,1.0,0
high,105,0.9238,0.9238,119.3995,"High=105, Low=0",BSAM,0.8500000000000001,1.0,0
high,105,0.8667,0.8667,177.7441,"High=105, Low=0",DILA,0.8500000000000001,1.0,0
high,105,0.7803,0.981,131.2145,"High=105, Low=0",Control,0.8500000000000001,1.25,0
high,105,0.7803,0.981,113.0072,"High=105, Low=0",DIR,0.8500000000000001,1.25,0
high,105,0.7803,0.981,119.3995,"High=105, Low=0",BSAM,0.8500000000000001,1.25,0
high,105,0.7879,0.9905,177.7441,"High=105, Low=0",DILA,0.8500000000000001,1.25,0
high,105,0.6646,1.0,131.2145,"High=105, Low=0",Control,0.8500000000000001,1.5,0
high,105,0.6646,1.0,113.0072,"High=105, Low=0",DIR,0.8500000000000001,1.5,0
high,105,0.6646,1.0,119.3995,"High=105, Low=0",BSAM,0.8500000000000001,1.5,0
high,105,0.6646,1.0,177.7441,"High=105, Low=0",DILA,0.8500000000000001,1.5,0
high,105,0.5707,1.0,131.2145,"High=105, Low=0",Control,0.8500000000000001,1.75,0
high,105,0.5707,1.0,113.0072,"High=105, Low=0",DIR,0.8500000000000001,1.75,0
high,105,0.5707,1.0,119.3995,"High=105, Low=0",BSAM,0.8500000000000001,1.75,0
high,105,0.5707,1.0,177.7441,"High=105, Low=0",DILA,0.8500000000000001,1.75,0
high,105,0.5,1.0,131.2145,"High=105, Low=0",Control,0.8500000000000001,2.0,0
high,105,0.5,1.0,113.0072,"High=105, Low=0",DIR,0.8500000000000001,2.0,0
high,105,0.5,1.0,119.3995,"High=105, Low=0",BSAM,0.8500000000000001,2.0,0
high,105,0.5,1.0,177.7441,"High=105, Low=0",DILA,0.8500000000000001,2.0,0
high,105,0.443,1.0,131.2145,"High=105, Low=0",Control,0.8500000000000001,2.25,0
high,105,0.443,1.0,113.0072,"High=105, Low=0",DIR,0.8500000000000001,2.25,0
high,105,0.443,1.0,119.3995,"High=105, Low=0",BSAM,0.8500000000000001,2.25,0
high,105,0.443,1.0,177.7441,"High=105, Low=0",DILA,0.8500000000000001,2.25,0
high,105,0.3992,1.0,131.2145,"High=105, Low=0",Control,0.8500000000000001,2.5,0
high,105,0.3992,1.0,113.0072,"High=105, Low=0",DIR,0.8500000000000001,2.5,0
high,105,0.3992,1.0,119.3995,"High=105, Low=0",BSAM,0.8500000000000001,2.5,0
high,105,0.3992,1.0,177.7441,"High=105, Low=0",DILA,0.8500000000000001,2.5,0
high,105,0.3633,1.0,131.2145,"High=105, Low=0",Control,0.8500000000000001,2.75,0
high,105,0.3633,1.0,113.0072,"High=105, Low=0",DIR,0.8500000000000001,2.75,0
high,105,0.3633,1.0,119.3995,"High=105, Low=0",BSAM,0.8500000000000001,2.75,0
high,105,0.3633,1.0,177.7441,"High=105, Low=0",DILA,0.8500000000000001,2.75,0
high,105,0.3333,1.0,131.2145,"High=105, Low=0",Control,0.8500000000000001,3.0,0
high,105,0.3333,1.0,113.0072,"High=105, Low=0",DIR,0.8500000000000001,3.0,0
high,105,0.3333,1.0,119.3995,"High=105, Low=0",BSAM,0.8500000000000001,3.0,0
high,105,0.3333,1.0,177.7441,"High=105, Low=0",DILA,0.8500000000000001,3.0,0
high,60,1.0,0.5,189.6266,"High=60, Low=0",Control,0.9,0.5,0
high,60,1.0,0.5,159.2732,"High=60, Low=0",DIR,0.9,0.5,0
high,60,1.0,0.5,183.386,"High=60, Low=0",BSAM,0.9,0.5,0
high,60,1.0,0.5,266.8261,"High=60, Low=0",DILA,0.9,0.5,0
high,60,1.0,0.75,189.6266,"High=60, Low=0",Control,0.9,0.75,0
high,60,0.9778,0.7333,159.2732,"High=60, Low=0",DIR,0.9,0.75,0
high,60,1.0,0.75,183.386,"High=60, Low=0",BSAM,0.9,0.75,0
high,60,0.9556,0.7167,266.8261,"High=60, Low=0",DILA,0.9,0.75,0
high,60,0.95,0.95,189.6266,"High=60, Low=0",Control,0.9,1.0,0
high,60,0.95,0.95,159.2732,"High=60, Low=0",DIR,0.9,1.0,0
high,60,0.9333,0.9333,183.386,"High=60, Low=0",BSAM,0.9,1.0,0
high,60,0.9333,0.9333,266.8261,"High=60, Low=0",DILA,0.9,1.0,0
high,60,0.8,1.0,189.6266,"High=60, Low=0",Control,0.9,1.25,0
high,60,0.8,1.0,159.2732,"High=60, Low=0",DIR,0.9,1.25,0
high,60,0.8,1.0,183.386,"High=60, Low=0",BSAM,0.9,1.25,0
high,60,0.8,1.0,266.8261,"High=60, Low=0",DILA,0.9,1.25,0
high,60,0.6667,1.0,189.6266,"High=60, Low=0",Control,0.9,1.5,0
high,60,0.6667,1.0,159.2732,"High=60, Low=0",DIR,0.9,1.5,0
high,60,0.6667,1.0,183.386,"High=60, Low=0",BSAM,0.9,1.5,0
high,60,0.6667,1.0,266.8261,"High=60, Low=0",DILA,0.9,1.5,0
high,60,0.5714,1.0,189.6266,"High=60, Low=0",Control,0.9,1.75,0
high,60,0.5714,1.0,159.2732,"High=60, Low=0",DIR,0.9,1.75,0
high,60,0.5714,1.0,183.386,"High=60, Low=0",BSAM,0.9,1.75,0
high,60,0.5714,1.0,266.8261,"High=60, Low=0",DILA,0.9,1.75,0
high,60,0.5,1.0,189.6266,"High=60, Low=0",Control,0.9,2.0,0
high,60,0.5,1.0,159.2732,"High=60, Low=0",DIR,0.9,2.0,0
high,60,0.5,1.0,183.386,"High=60, Low=0",BSAM,0.9,2.0,0
high,60,0.5,1.0,266.8261,"High=60, Low=0",DILA,0.9,2.0,0
high,60,0.4444,1.0,189.6266,"High=60, Low=0",Control,0.9,2.25,0
high,60,0.4444,1.0,159.2732,"High=60, Low=0",DIR,0.9,2.25,0
high,60,0.4444,1.0,183.386,"High=60, Low=0",BSAM,0.9,2.25,0
high,60,0.4444,1.0,266.8261,"High=60, Low=0",DILA,0.9,2.25,0
high,60,0.4,1.0,189.6266,"High=60, Low=0",Control,0.9,2.5,0
high,60,0.4,1.0,159.2732,"High=60, Low=0",DIR,0.9,2.5,0
high,60,0.4,1.0,183.386,"High=60, Low=0",BSAM,0.9,2.5,0
high,60,0.4,1.0,266.8261,"High=60, Low=0",DILA,0.9,2.5,0
high,60,0.3636,1.0,189.6266,"High=60, Low=0",Control,0.9,2.75,0
high,60,0.3636,1.0,159.2732,"High=60, Low=0",DIR,0.9,2.75,0
high,60,0.3636,1.0,183.386,"High=60, Low=0",BSAM,0.9,2.75,0
high,60,0.3636,1.0,266.8261,"High=60, Low=0",DILA,0.9,2.75,0
high,60,0.3333,1.0,189.6266,"High=60, Low=0",Control,0.9,3.0,0
high,60,0.3333,1.0,159.2732,"High=60, Low=0",DIR,0.9,3.0,0
high,60,0.3333,1.0,183.386,"High=60, Low=0",BSAM,0.9,3.0,0
high,60,0.3333,1.0,266.8261,"High=60, Low=0",DILA,0.9,3.0,0
high,250,1.0,0.5,91.3714,"High=250, Low=5",Control,0.5,0.5,1
high,250,1.0,0.5,83.6112,"High=250, Low=5",DIR,0.5,0.5,1
high,250,1.0,0.5,85.048,"High=250, Low=5",BSAM,0.5,0.5,1
high,250,1.0,0.5,98.1739,"High=250, Low=5",DILA,0.5,0.5,1
high,250,0.9734,0.732,91.3714,"High=250, Low=5",Control,0.5,0.75,1
high,250,0.984,0.74,83.6112,"High=250, Low=5",DIR,0.5,0.75,1
high,250,0.984,0.74,85.048,"High=250, Low=5",BSAM,0.5,0.75,1
high,250,0.9894,0.744,98.1739,"High=250, Low=5",DILA,0.5,0.75,1
high,250,0.932,0.932,91.3714,"High=250, Low=5",Control,0.5,1.0,1
high,250,0.952,0.952,83.6112,"High=250, Low=5",DIR,0.5,1.0,1
high,250,0.936,0.936,85.048,"High=250, Low=5",BSAM,0.5,1.0,1
high,250,0.928,0.928,98.1739,"High=250, Low=5",DILA,0.5,1.0,1
high,250,0.7987,1.0,91.3714,"High=250, Low=5",Control,0.5,1.25,1
high,250,0.7987,1.0,83.6112,"High=250, Low=5",DIR,0.5,1.25,1
high,250,0.7987,1.0,85.048,"High=250, Low=5",BSAM,0.5,1.25,1
high,250,0.7987,1.0,98.1739,"High=250, Low=5",DILA,0.5,1.25,1
high,250,0.6667,1.0,91.3714,"High=250, Low=5",Control,0.5,1.5,1
high,250,0.6667,1.0,83.6112,"High=250, Low=5",DIR,0.5,1.5,1
high,250,0.6667,1.0,85.048,"High=250, Low=5",BSAM,0.5,1.5,1
high,250,0.6667,1.0,98.1739,"High=250, Low=5",DILA,0.5,1.5,1
high,250,0.5708,1.0,91.3714,"High=250, Low=5",Control,0.5,1.75,1
high,250,0.5708,1.0,83.6112,"High=250, Low=5",DIR,0.5,1.75,1
high,250,0.5708,1.0,85.048,"High=250, Low=5",BSAM,0.5,1.75,1
high,250,0.5708,1.0,98.1739,"High=250, Low=5",DILA,0.5,1.75,1
high,250,0.5,1.0,91.3714,"High=250, Low=5",Control,0.5,2.0,1
high,250,0.5,1.0,83.6112,"High=250, Low=5",DIR,0.5,2.0,1
high,250,0.5,1.0,85.048,"High=250, Low=5",BSAM,0.5,2.0,1
high,250,0.5,1.0,98.1739,"High=250, Low=5",DILA,0.5,2.0,1
high,250,0.444,1.0,91.3714,"High=250, Low=5",Control,0.5,2.25,1
high,250,0.444,1.0,83.6112,"High=250, Low=5",DIR,0.5,2.25,1
high,250,0.444,1.0,85.048,"High=250, Low=5",BSAM,0.5,2.25,1
high,250,0.444,1.0,98.1739,"High=250, Low=5",DILA,0.5,2.25,1
high,250,0.4,1.0,91.3714,"High=250, Low=5",Control,0.5,2.5,1
high,250,0.4,1.0,83.6112,"High=250, Low=5",DIR,0.5,2.5,1
high,250,0.4,1.0,85.048,"High=250, Low=5",BSAM,0.5,2.5,1
high,250,0.4,1.0,98.1739,"High=250, Low=5",DILA,0.5,2.5,1
high,250,0.3634,1.0,91.3714,"High=250, Low=5",Control,0.5,2.75,1
high,250,0.3634,1.0,83.6112,"High=250, Low=5",DIR,0.5,2.75,1
high,250,0.3634,1.0,85.048,"High=250, Low=5",BSAM,0.5,2.75,1
high,250,0.3634,1.0,98.1739,"High=250, Low=5",DILA,0.5,2.75,1
high,250,0.3333,1.0,91.3714,"High=250, Low=5",Control,0.5,3.0,1
high,250,0.3333,1.0,83.6112,"High=250, Low=5",DIR,0.5,3.0,1
high,250,0.3333,1.0,85.048,"High=250, Low=5",BSAM,0.5,3.0,1
high,250,0.3333,1.0,98.1739,"High=250, Low=5",DILA,0.5,3.0,1
high,245,1.0,0.502,92.5891,"High=245, Low=0",Control,0.55,0.5,1
high,245,1.0,0.502,84.6926,"High=245, Low=0",DIR,0.55,0.5,1
high,245,1.0,0.502,86.0295,"High=245, Low=0",BSAM,0.55,0.5,1
high,245,1.0,0.502,99.6317,"High=245, Low=0",DILA,0.55,0.5,1
high,245,0.9783,0.7347,92.5891,"High=245, Low=0",Control,0.55,0.75,1
high,245,0.9837,0.7388,84.6926,"High=245, Low=0",DIR,0.55,0.75,1
high,245,0.9837,0.7388,86.0295,"High=245, Low=0",BSAM,0.55,0.75,1
high,245,0.9891,0.7429,99.6317,"High=245, Low=0",DILA,0.55,0.75,1
high,245,0.9388,0.9388,92.5891,"High=245, Low=0",Control,0.55,1.0,1
high,245,0.9388,0.9388,84.6926,"High=245, Low=0",DIR,0.55,1.0,1
high,245,0.9388,0.9388,86.0295,"High=245, Low=0",BSAM,0.55,1.0,1
high,245,0.9224,0.9224,99.6317,"High=245, Low=0",DILA,0.55,1.0,1
high,245,0.798,1.0,92.5891,"High=245, Low=0",Control,0.55,1.25,1
high,245,0.798,1.0,84.6926,"High=245, Low=0",DIR,0.55,1.25,1
high,245,0.798,1.0,86.0295,"High=245, Low=0",BSAM,0.55,1.25,1
high,245,0.798,1.0,99.6317,"High=245, Low=0",DILA,0.55,1.25,1
high,245,0.6658,1.0,92.5891,"High=245, Low=0",Control,0.55,1.5,1
high,245,0.6658,1.0,84.6926,"High=245, Low=0",DIR,0.55,1.5,1
high,245,0.6658,1.0,86.0295,"High=245, Low=0",BSAM,0.55,1.5,1
high,245,0.6658,1.0,99.6317,"High=245, Low=0",DILA,0.55,1.5,1
high,245,0.5711,1.0,92.5891,"High=245, Low=0",Control,0.55,1.75,1
high,245,0.5711,1.0,84.6926,"High=245, Low=0",DIR,0.55,1.75,1
high,245,0.5711,1.0,86.0295,"High=245, Low=0",BSAM,0.55,1.75,1
high,245,0.5711,1.0,99.6317,"High=245, Low=0",DILA,0.55,1.75,1
high,245,0.5,1.0,92.5891,"High=245, Low=0",Control,0.55,2.0,1
high,245,0.5,1.0,84.6926,"High=245, Low=0",DIR,0.55,2.0,1
high,245,0.5,1.0,86.0295,"High=245, Low=0",BSAM,0.55,2.0,1
high,245,0.5,1.0,99.6317,"High=245, Low=0",DILA,0.55,2.0,1
high,245,0.4438,1.0,92.5891,"High=245, Low=0",Control,0.55,2.25,1
high,245,0.4438,1.0,84.6926,"High=245, Low=0",DIR,0.55,2.25,1
high,245,0.4438,1.0,86.0295,"High=245, Low=0",BSAM,0.55,2.25,1
high,245,0.4438,1.0,99.6317,"High=245, Low=0",DILA,0.55,2.25,1
high,245,0.3997,1.0,92.5891,"High=245, Low=0",Control,0.55,2.5,1
high,245,0.3997,1.0,84.6926,"High=245, Low=0",DIR,0.55,2.5,1
high,245,0.3997,1.0,86.0295,"High=245, Low=0",BSAM,0.55,2.5,1
high,245,0.3997,1.0,99.6317,"High=245, Low=0",DILA,0.55,2.5,1
high,245,0.3635,1.0,92.5891,"High=245, Low=0",Control,0.55,2.75,1
high,245,0.3635,1.0,84.6926,"High=245, Low=0",DIR,0.55,2.75,1
high,245,0.3635,1.0,86.0295,"High=245, Low=0",BSAM,0.55,2.75,1
high,245,0.3635,1.0,99.6317,"High=245, Low=0",DILA,0.55,2.75,1
high,245,0.3333,1.0,92.5891,"High=245, Low=0",Control,0.55,3.0,1
high,245,0.3333,1.0,84.6926,"High=245, Low=0",DIR,0.55,3.0,1
high,245,0.3333,1.0,86.0295,"High=245, Low=0",BSAM,0.55,3.0,1
high,245,0.3333,1.0,99.6317,"High=245, Low=0",DILA,0.55,3.0,1
high,210,1.0,0.5,99.6622,"High=210, Low=0",Control,0.6,0.5,1
high,210,1.0,0.5,90.7253,"High=210, Low=0",DIR,0.6,0.5,1
high,210,1.0,0.5,92.6213,"High=210, Low=0",BSAM,0.6,0.5,1
high,210,1.0,0.5,108.3506,"High=210, Low=0",DILA,0.6,0.5,1
high,210,0.962,0.7238,99.6622,"High=210, Low=0",Control,0.6,0.75,1
high,210,0.962,0.7238,90.7253,"High=210, Low=0",DIR,0.6,0.75,1
high,210,0.962,0.7238,92.6213,"High=210, Low=0",BSAM,0.6,0.75,1
high,210,0.9684,0.7286,108.3506,"High=210, Low=0",DILA,0.6,0.75,1
high,210,0.9,0.9,99.6622,"High=210, Low=0",Control,0.6,1.0,1
high,210,0.9143,0.9143,90.7253,"High=210, Low=0",DIR,0.6,1.0,1
high,210,0.9143,0.9143,92.6213,"High=210, Low=0",BSAM,0.6,1.0,1
high,210,0.9143,0.9143,108.3506,"High=210, Low=0",DILA,0.6,1.0,1
high,210,0.7985,1.0,99.6622,"High=210, Low=0",Control,0.6,1.25,1
high,210,0.7947,0.9952,90.7253,"High=210, Low=0",DIR,0.6,1.25,1
high,210,0.7871,0.9857,92.6213,"High=210, Low=0",BSAM,0.6,1.25,1
high,210,0.7833,0.981,108.3506,"High=210, Low=0",DILA,0.6,1.25,1
high,210,0.6667,1.0,99.6622,"High=210, Low=0",Control,0.6,1.5,1
high,210,0.6667,1.0,90.7253,"High=210, Low=0",DIR,0.6,1.5,1
high,210,0.6667,1.0,92.6213,"High=210, Low=0",BSAM,0.6,1.5,1
high,210,0.6667,1.0,108.3506,"High=210, Low=0",DILA,0.6,1.5,1
high,210,0.5707,1.0,99.6622,"High=210, Low=0",Control,0.6,1.75,1
high,210,0.5707,1.0,90.7253,"High=210, Low=0",DIR,0.6,1.75,1
high,210,0.5707,1.0,92.6213,"High=210, Low=0",BSAM,0.6,1.75,1
high,210,0.5707,1.0,108.3506,"High=210, Low=0",DILA,0.6,1.75,1
high,210,0.5,1.0,99.6622,"High=210, Low=0",Control,0.6,2.0,1
high,210,0.5,1.0,90.7253,"High=210, Low=0",DIR,0.6,2.0,1
high,210,0.5,1.0,92.6213,"High=210, Low=0",BSAM,0.6,2.0,1
high,210,0.5,1.0,108.3506,"High=210, Low=0",DILA,0.6,2.0,1
high,210,0.444,1.0,99.6622,"High=210, Low=0",Control,0.6,2.25,1
high,210,0.444,1.0,90.7253,"High=210, Low=0",DIR,0.6,2.25,1
high,210,0.444,1.0,92.6213,"High=210, Low=0",BSAM,0.6,2.25,1
high,210,0.444,1.0,108.3506,"High=210, Low=0",DILA,0.6,2.25,1
high,210,0.4,1.0,99.6622,"High=210, Low=0",Control,0.6,2.5,1
high,210,0.4,1.0,90.7253,"High=210, Low=0",DIR,0.6,2.5,1
high,210,0.4,1.0,92.6213,"High=210, Low=0",BSAM,0.6,2.5,1
high,210,0.4,1.0,108.3506,"High=210, Low=0",DILA,0.6,2.5,1
high,210,0.3633,1.0,99.6622,"High=210, Low=0",Control,0.6,2.75,1
high,210,0.3633,1.0,90.7253,"High=210, Low=0",DIR,0.6,2.75,1
high,210,0.3633,1.0,92.6213,"High=210, Low=0",BSAM,0.6,2.75,1
high,210,0.3633,1.0,108.3506,"High=210, Low=0",DILA,0.6,2.75,1
high,210,0.3333,1.0,99.6622,"High=210, Low=0",Control,0.6,3.0,1
high,210,0.3333,1.0,90.7253,"High=210, Low=0",DIR,0.6,3.0,1
high,210,0.3333,1.0,92.6213,"High=210, Low=0",BSAM,0.6,3.0,1
high,210,0.3333,1.0,108.3506,"High=210, Low=0",DILA,0.6,3.0,1
high,165,1.0,0.503,115.2866,"High=165, Low=0",Control,0.65,0.5,1
high,165,1.0,0.503,102.3591,"High=165, Low=0",DIR,0.65,0.5,1
high,165,1.0,0.503,102.7082,"High=165, Low=0",BSAM,0.65,0.5,1
high,165,1.0,0.503,123.5162,"High=165, Low=0",DILA,0.65,0.5,1
high,165,1.0,0.7515,115.2866,"High=165, Low=0",Control,0.65,0.75,1
high,165,1.0,0.7515,102.3591,"High=165, Low=0",DIR,0.65,0.75,1
high,165,1.0,0.7515,102.7082,"High=165, Low=0",BSAM,0.65,0.75,1
high,165,1.0,0.7515,123.5162,"High=165, Low=0",DILA,0.65,0.75,1
high,165,0.8909,0.8909,115.2866,"High=165, Low=0",Control,0.65,1.0,1
high,165,0.897,0.897,102.3591,"High=165, Low=0",DIR,0.65,1.0,1
high,165,0.8909,0.8909,102.7082,"High=165, Low=0",BSAM,0.65,1.0,1
high,165,0.903,0.903,123.5162,"High=165, Low=0",DILA,0.65,1.0,1
high,165,0.7488,0.9394,115.2866,"High=165, Low=0",Control,0.65,1.25,1
high,165,0.7633,0.9576,102.3591,"High=165, Low=0",DIR,0.65,1.25,1
high,165,0.7729,0.9697,102.7082,"High=165, Low=0",BSAM,0.65,1.25,1
high,165,0.7681,0.9636,123.5162,"High=165, Low=0",DILA,0.65,1.25,1
high,165,0.6653,1.0,115.2866,"High=165, Low=0",Control,0.65,1.5,1
high,165,0.6613,0.9939,102.3591,"High=165, Low=0",DIR,0.65,1.5,1
high,165,0.6653,1.0,102.7082,"High=165, Low=0",BSAM,0.65,1.5,1
high,165,0.6653,1.0,123.5162,"High=165, Low=0",DILA,0.65,1.5,1
high,165,0.5709,1.0,115.2866,"High=165, Low=0",Control,0.65,1.75,1
high,165,0.5709,1.0,102.3591,"High=165, Low=0",DIR,0.65,1.75,1
high,165,0.5709,1.0,102.7082,"High=165, Low=0",BSAM,0.65,1.75,1
high,165,0.5709,1.0,123.5162,"High=165, Low=0",DILA,0.65,1.75,1
high,165,0.5,1.0,115.2866,"High=165, Low=0",Control,0.65,2.0,1
high,165,0.5,1.0,102.3591,"High=165, Low=0",DIR,0.65,2.0,1
high,165,0.5,1.0,102.7082,"High=165, Low=0",BSAM,0.65,2.0,1
high,165,0.5,1.0,123.5162,"High=165, Low=0",DILA,0.65,2.0,1
high,165,0.4435,1.0,115.2866,"High=165, Low=0",Control,0.65,2.25,1
high,165,0.4435,1.0,102.3591,"High=165, Low=0",DIR,0.65,2.25,1
high,165,0.4435,1.0,102.7082,"High=165, Low=0",BSAM,0.65,2.25,1
high,165,0.4435,1.0,123.5162,"High=165, Low=0",DILA,0.65,2.25,1
high,165,0.3995,1.0,115.2866,"High=165, Low=0",Control,0.65,2.5,1
high,165,0.3995,1.0,102.3591,"High=165, Low=0",DIR,0.65,2.5,1
high,165,0.3995,1.0,102.7082,"High=165, Low=0",BSAM,0.65,2.5,1
high,165,0.3995,1.0,123.5162,"High=165, Low=0",DILA,0.65,2.5,1
high,165,0.3634,1.0,115.2866,"High=165, Low=0",Control,0.65,2.75,1
high,165,0.3634,1.0,102.3591,"High=165, Low=0",DIR,0.65,2.75,1
high,165,0.3634,1.0,102.7082,"High=165, Low=0",BSAM,0.65,2.75,1
high,165,0.3634,1.0,123.5162,"High=165, Low=0",DILA,0.65,2.75,1
high,165,0.3333,1.0,115.2866,"High=165, Low=0",Control,0.65,3.0,1
high,165,0.3333,1.0,102.3591,"High=165, Low=0",DIR,0.65,3.0,1
high,165,0.3333,1.0,102.7082,"High=165, Low=0",BSAM,0.65,3.0,1
high,165,0.3333,1.0,123.5162,"High=165, Low=0",DILA,0.65,3.0,1
high,160,1.0,0.5,117.0672,"High=160, Low=0",Control,0.7,0.5,1
high,160,1.0,0.5,104.6162,"High=160, Low=0",DIR,0.7,0.5,1
high,160,1.0,0.5,105.2499,"High=160, Low=0",BSAM,0.7,0.5,1
high,160,1.0,0.5,126.5501,"High=160, Low=0",DILA,0.7,0.5,1
high,160,1.0,0.75,117.0672,"High=160, Low=0",Control,0.7,0.75,1
high,160,1.0,0.75,104.6162,"High=160, Low=0",DIR,0.7,0.75,1
high,160,1.0,0.75,105.2499,"High=160, Low=0",BSAM,0.7,0.75,1
high,160,1.0,0.75,126.5501,"High=160, Low=0",DILA,0.7,0.75,1
high,160,0.9125,0.9125,117.0672,"High=160, Low=0",Control,0.7,1.0,1
high,160,0.9062,0.9062,104.6162,"High=160, Low=0",DIR,0.7,1.0,1
high,160,0.9,0.9,105.2499,"High=160, Low=0",BSAM,0.7,1.0,1
high,160,0.9313,0.9313,126.5501,"High=160, Low=0",DILA,0.7,1.0,1
high,160,0.755,0.9437,117.0672,"High=160, Low=0",Control,0.7,1.25,1
high,160,0.775,0.9688,104.6162,"High=160, Low=0",DIR,0.7,1.25,1
high,160,0.775,0.9688,105.2499,"High=160, Low=0",BSAM,0.7,1.25,1
high,160,0.77,0.9625,126.5501,"High=160, Low=0",DILA,0.7,1.25,1
high,160,0.6667,1.0,117.0672,"High=160, Low=0",Control,0.7,1.5,1
high,160,0.6625,0.9938,104.6162,"High=160, Low=0",DIR,0.7,1.5,1
high,160,0.6667,1.0,105.2499,"High=160, Low=0",BSAM,0.7,1.5,1
high,160,0.6667,1.0,126.5501,"High=160, Low=0",DILA,0.7,1.5,1
high,160,0.5714,1.0,117.0672,"High=160, Low=0",Control,0.7,1.75,1
high,160,0.5714,1.0,104.6162,"High=160, Low=0",DIR,0.7,1.75,1
high,160,0.5714,1.0,105.2499,"High=160, Low=0",BSAM,0.7,1.75,1
high,160,0.5714,1.0,126.5501,"High=160, Low=0",DILA,0.7,1.75,1
high,160,0.5,1.0,117.0672,"High=160, Low=0",Control,0.7,2.0,1
high,160,0.5,1.0,104.6162,"High=160, Low=0",DIR,0.7,2.0,1
high,160,0.5,1.0,105.2499,"High=160, Low=0",BSAM,0.7,2.0,1
high,160,0.5,1.0,126.5501,"High=160, Low=0",DILA,0.7,2.0,1
high,160,0.4444,1.0,117.0672,"High=160, Low=0",Control,0.7,2.25,1
high,160,0.4444,1.0,104.6162,"High=160, Low=0",DIR,0.7,2.25,1
high,160,0.4444,1.0,105.2499,"High=160, Low=0",BSAM,0.7,2.25,1
high,160,0.4444,1.0,126.5501,"High=160, Low=0",DILA,0.7,2.25,1
high,160,0.4,1.0,117.0672,"High=160, Low=0",Control,0.7,2.5,1
high,160,0.4,1.0,104.6162,"High=160, Low=0",DIR,0.7,2.5,1
high,160,0.4,1.0,105.2499,"High=160, Low=0",BSAM,0.7,2.5,1
high,160,0.4,1.0,126.5501,"High=160, Low=0",DILA,0.7,2.5,1
high,160,0.3636,1.0,117.0672,"High=160, Low=0",Control,0.7,2.75,1
high,160,0.3636,1.0,104.6162,"High=160, Low=0",DIR,0.7,2.75,1
high,160,0.3636,1.0,105.2499,"High=160, Low=0",BSAM,0.7,2.75,1
high,160,0.3636,1.0,126.5501,"High=160, Low=0",DILA,0.7,2.75,1
high,160,0.3333,1.0,117.0672,"High=160, Low=0",Control,0.7,3.0,1
high,160,0.3333,1.0,104.6162,"High=160, Low=0",DIR,0.7,3.0,1
high,160,0.3333,1.0,105.2499,"High=160, Low=0",BSAM,0.7,3.0,1
high,160,0.3333,1.0,126.5501,"High=160, Low=0",DILA,0.7,3.0,1
high,145,1.0,0.5034,123.3034,"High=145, Low=0",Control,0.75,0.5,1
high,145,1.0,0.5034,110.5623,"High=145, Low=0",DIR,0.75,0.5,1
high,145,1.0,0.5034,111.6063,"High=145, Low=0",BSAM,0.75,0.5,1
high,145,1.0,0.5034,134.6912,"High=145, Low=0",DILA,0.75,0.5,1
high,145,1.0,0.7517,123.3034,"High=145, Low=0",Control,0.75,0.75,1
high,145,1.0,0.7517,110.5623,"High=145, Low=0",DIR,0.75,0.75,1
high,145,1.0,0.7517,111.6063,"High=145, Low=0",BSAM,0.75,0.75,1
high,145,1.0,0.7517,134.6912,"High=145, Low=0",DILA,0.75,0.75,1
high,145,0.9586,0.9586,123.3034,"High=145, Low=0",Control,0.75,1.0,1
high,145,0.9655,0.9655,110.5623,"High=145, Low=0",DIR,0.75,1.0,1
high,145,0.9586,0.9586,111.6063,"High=145, Low=0",BSAM,0.75,1.0,1
high,145,0.9586,0.9586,134.6912,"High=145, Low=0",DILA,0.75,1.0,1
high,145,0.7747,0.9724,123.3034,"High=145, Low=0",Control,0.75,1.25,1
high,145,0.7857,0.9862,110.5623,"High=145, Low=0",DIR,0.75,1.25,1
high,145,0.7802,0.9793,111.6063,"High=145, Low=0",BSAM,0.75,1.25,1
high,145,0.7802,0.9793,134.6912,"High=145, Low=0",DILA,0.75,1.25,1
high,145,0.6606,0.9931,123.3034,"High=145, Low=0",Control,0.75,1.5,1
high,145,0.6651,1.0,110.5623,"High=145, Low=0",DIR,0.75,1.5,1
high,145,0.6651,1.0,111.6063,"High=145, Low=0",BSAM,0.75,1.5,1
high,145,0.656,0.9862,134.6912,"High=145, Low=0",DILA,0.75,1.5,1
high,145,0.5709,1.0,123.3034,"High=145, Low=0",Control,0.75,1.75,1
high,145,0.5709,1.0,110.5623,"High=145, Low=0",DIR,0.75,1.75,1
high,145,0.5709,1.0,111.6063,"High=145, Low=0",BSAM,0.75,1.75,1
high,145,0.5709,1.0,134.6912,"High=145, Low=0",DILA,0.75,1.75,1
high,145,0.5,1.0,123.3034,"High=145, Low=0",Control,0.75,2.0,1
high,145,0.5,1.0,110.5623,"High=145, Low=0",DIR,0.75,2.0,1
high,145,0.5,1.0,111.6063,"High=145, Low=0",BSAM,0.75,2.0,1
high,145,0.5,1.0,134.6912,"High=145, Low=0",DILA,0.75,2.0,1
high,145,0.4434,1.0,123.3034,"High=145, Low=0",Control,0.75,2.25,1
high,145,0.4434,1.0,110.5623,"High=145, Low=0",DIR,0.75,2.25,1
high,145,0.4434,1.0,111.6063,"High=145, Low=0",BSAM,0.75,2.25,1
high,145,0.4434,1.0,134.6912,"High=145, Low=0",DILA,0.75,2.25,1
high,145,0.3994,1.0,123.3034,"High=145, Low=0",Control,0.75,2.5,1
high,145,0.3994,1.0,110.5623,"High=145, Low=0",DIR,0.75,2.5,1
high,145,0.3994,1.0,111.6063,"High=145, Low=0",BSAM,0.75,2.5,1
high,145,0.3994,1.0,134.6912,"High=145, Low=0",DILA,0.75,2.5,1
high,145,0.3634,1.0,123.3034,"High=145, Low=0",Control,0.75,2.75,1
high,145,0.3634,1.0,110.5623,"High=145, Low=0",DIR,0.75,2.75,1
high,145,0.3634,1.0,111.6063,"High=145, Low=0",BSAM,0.75,2.75,1
high,145,0.3634,1.0,134.6912,"High=145, Low=0",DILA,0.75,2.75,1
high,145,0.3333,1.0,123.3034,"High=145, Low=0",Control,0.75,3.0,1
high,145,0.3333,1.0,110.5623,"High=145, Low=0",DIR,0.75,3.0,1
high,145,0.3333,1.0,111.6063,"High=145, Low=0",BSAM,0.75,3.0,1
high,145,0.3333,1.0,134.6912,"High=145, Low=0",DILA,0.75,3.0,1
high,145,1.0,0.5034,123.3034,"High=145, Low=0",Control,0.8,0.5,1
high,145,1.0,0.5034,110.5623,"High=145, Low=0",DIR,0.8,0.5,1
high,145,1.0,0.5034,111.6063,"High=145, Low=0",BSAM,0.8,0.5,1
high,145,1.0,0.5034,134.6912,"High=145, Low=0",DILA,0.8,0.5,1
high,145,1.0,0.7517,123.3034,"High=145, Low=0",Control,0.8,0.75,1
high,145,1.0,0.7517,110.5623,"High=145, Low=0",DIR,0.8,0.75,1
high,145,1.0,0.7517,111.6063,"High=145, Low=0",BSAM,0.8,0.75,1
high,145,1.0,0.7517,134.6912,"High=145, Low=0",DILA,0.8,0.75,1
high,145,0.9586,0.9586,123.3034,"High=145, Low=0",Control,0.8,1.0,1
high,145,0.9655,0.9655,110.5623,"High=145, Low=0",DIR,0.8,1.0,1
high,145,0.9586,0.9586,111.6063,"High=145, Low=0",BSAM,0.8,1.0,1
high,145,0.9586,0.9586,134.6912,"High=145, Low=0",DILA,0.8,1.0,1
high,145,0.7747,0.9724,123.3034,"High=145, Low=0",Control,0.8,1.25,1
high,145,0.7857,0.9862,110.5623,"High=145, Low=0",DIR,0.8,1.25,1
high,145,0.7802,0.9793,111.6063,"High=145, Low=0",BSAM,0.8,1.25,1
high,145,0.7802,0.9793,134.6912,"High=145, Low=0",DILA,0.8,1.25,1
high,145,0.6606,0.9931,123.3034,"High=145, Low=0",Control,0.8,1.5,1
high,145,0.6651,1.0,110.5623,"High=145, Low=0",DIR,0.8,1.5,1
high,145,0.6651,1.0,111.6063,"High=145, Low=0",BSAM,0.8,1.5,1
high,145,0.656,0.9862,134.6912,"High=145, Low=0",DILA,0.8,1.5,1
high,145,0.5709,1.0,123.3034,"High=145, Low=0",Control,0.8,1.75,1
high,145,0.5709,1.0,110.5623,"High=145, Low=0",DIR,0.8,1.75,1
high,145,0.5709,1.0,111.6063,"High=145, Low=0",BSAM,0.8,1.75,1
high,145,0.5709,1.0,134.6912,"High=145, Low=0",DILA,0.8,1.75,1
high,145,0.5,1.0,123.3034,"High=145, Low=0",Control,0.8,2.0,1
high,145,0.5,1.0,110.5623,"High=145, Low=0",DIR,0.8,2.0,1
high,145,0.5,1.0,111.6063,"High=145, Low=0",BSAM,0.8,2.0,1
high,145,0.5,1.0,134.6912,"High=145, Low=0",DILA,0.8,2.0,1
high,145,0.4434,1.0,123.3034,"High=145, Low=0",Control,0.8,2.25,1
high,145,0.4434,1.0,110.5623,"High=145, Low=0",DIR,0.8,2.25,1
high,145,0.4434,1.0,111.6063,"High=145, Low=0",BSAM,0.8,2.25,1
high,145,0.4434,1.0,134.6912,"High=145, Low=0",DILA,0.8,2.25,1
high,145,0.3994,1.0,123.3034,"High=145, Low=0",Control,0.8,2.5,1
high,145,0.3994,1.0,110.5623,"High=145, Low=0",DIR,0.8,2.5,1
high,145,0.3994,1.0,111.6063,"High=145, Low=0",BSAM,0.8,2.5,1
high,145,0.3994,1.0,134.6912,"High=145, Low=0",DILA,0.8,2.5,1
high,145,0.3634,1.0,123.3034,"High=145, Low=0",Control,0.8,2.75,1
high,145,0.3634,1.0,110.5623,"High=145, Low=0",DIR,0.8,2.75,1
high,145,0.3634,1.0,111.6063,"High=145, Low=0",BSAM,0.8,2.75,1
high,145,0.3634,1.0,134.6912,"High=145, Low=0",DILA,0.8,2.75,1
high,145,0.3333,1.0,123.3034,"High=145, Low=0",Control,0.8,3.0,1
high,145,0.3333,1.0,110.5623,"High=145, Low=0",DIR,0.8,3.0,1
high,145,0.3333,1.0,111.6063,"High=145, Low=0",BSAM,0.8,3.0,1
high,145,0.3333,1.0,134.6912,"High=145, Low=0",DILA,0.8,3.0,1
high,135,1.0,0.5037,122.3528,"High=135, Low=0",Control,0.8500000000000001,0.5,1
high,135,1.0,0.5037,109.8658,"High=135, Low=0",DIR,0.8500000000000001,0.5,1
high,135,1.0,0.5037,110.7067,"High=135, Low=0",BSAM,0.8500000000000001,0.5,1
high,135,1.0,0.5037,134.4445,"High=135, Low=0",DILA,0.8500000000000001,0.5,1
high,135,1.0,0.7556,122.3528,"High=135, Low=0",Control,0.8500000000000001,0.75,1
high,135,1.0,0.7556,109.8658,"High=135, Low=0",DIR,0.8500000000000001,0.75,1
high,135,1.0,0.7556,110.7067,"High=135, Low=0",BSAM,0.8500000000000001,0.75,1
high,135,1.0,0.7556,134.4445,"High=135, Low=0",DILA,0.8500000000000001,0.75,1
high,135,0.9926,0.9926,122.3528,"High=135, Low=0",Control,0.8500000000000001,1.0,1
high,135,0.9926,0.9926,109.8658,"High=135, Low=0",DIR,0.8500000000000001,1.0,1
high,135,1.0,1.0,110.7067,"High=135, Low=0",BSAM,0.8500000000000001,1.0,1
high,135,1.0,1.0,134.4445,"High=135, Low=0",DILA,0.8500000000000001,1.0,1
high,135,0.7988,1.0,122.3528,"High=135, Low=0",Control,0.8500000000000001,1.25,1
high,135,0.7988,1.0,109.8658,"High=135, Low=0",DIR,0.8500000000000001,1.25,1
high,135,0.7988,1.0,110.7067,"High=135, Low=0",BSAM,0.8500000000000001,1.25,1
high,135,0.7988,1.0,134.4445,"High=135, Low=0",DILA,0.8500000000000001,1.25,1
high,135,0.665,1.0,122.3528,"High=135, Low=0",Control,0.8500000000000001,1.5,1
high,135,0.665,1.0,109.8658,"High=135, Low=0",DIR,0.8500000000000001,1.5,1
high,135,0.665,1.0,110.7067,"High=135, Low=0",BSAM,0.8500000000000001,1.5,1
high,135,0.665,1.0,134.4445,"High=135, Low=0",DILA,0.8500000000000001,1.5,1
high,135,0.5696,1.0,122.3528,"High=135, Low=0",Control,0.8500000000000001,1.75,1
high,135,0.5696,1.0,109.8658,"High=135, Low=0",DIR,0.8500000000000001,1.75,1
high,135,0.5696,1.0,110.7067,"High=135, Low=0",BSAM,0.8500000000000001,1.75,1
high,135,0.5696,1.0,134.4445,"High=135, Low=0",DILA,0.8500000000000001,1.75,1
high,135,0.5,1.0,122.3528,"High=135, Low=0",Control,0.8500000000000001,2.0,1
high,135,0.5,1.0,109.8658,"High=135, Low=0",DIR,0.8500000000000001,2.0,1
high,135,0.5,1.0,110.7067,"High=135, Low=0",BSAM,0.8500000000000001,2.0,1
high,135,0.5,1.0,134.4445,"High=135, Low=0",DILA,0.8500000000000001,2.0,1
high,135,0.4441,1.0,122.3528,"High=135, Low=0",Control,0.8500000000000001,2.25,1
high,135,0.4441,1.0,109.8658,"High=135, Low=0",DIR,0.8500000000000001,2.25,1
high,135,0.4441,1.0,110.7067,"High=135, Low=0",BSAM,0.8500000000000001,2.25,1
high,135,0.4441,1.0,134.4445,"High=135, Low=0",DILA,0.8500000000000001,2.25,1
high,135,0.3994,1.0,122.3528,"High=135, Low=0",Control,0.8500000000000001,2.5,1
high,135,0.3994,1.0,109.8658,"High=135, Low=0",DIR,0.8500000000000001,2.5,1
high,135,0.3994,1.0,110.7067,"High=135, Low=0",BSAM,0.8500000000000001,2.5,1
high,135,0.3994,1.0,134.4445,"High=135, Low=0",DILA,0.8500000000000001,2.5,1
high,135,0.3629,1.0,122.3528,"High=135, Low=0",Control,0.8500000000000001,2.75,1
high,135,0.3629,1.0,109.8658,"High=135, Low=0",DIR,0.8500000000000001,2.75,1
high,135,0.3629,1.0,110.7067,"High=135, Low=0",BSAM,0.8500000000000001,2.75,1
high,135,0.3629,1.0,134.4445,"High=135, Low=0",DILA,0.8500000000000001,2.75,1
high,135,0.3333,1.0,122.3528,"High=135, Low=0",Control,0.8500000000000001,3.0,1
high,135,0.3333,1.0,109.8658,"High=135, Low=0",DIR,0.8500000000000001,3.0,1
high,135,0.3333,1.0,110.7067,"High=135, Low=0",BSAM,0.8500000000000001,3.0,1
high,135,0.3333,1.0,134.4445,"High=135, Low=0",DILA,0.8500000000000001,3.0,1
high,75,1.0,0.5067,182.0031,"High=75, Low=0",Control,0.9,0.5,1
high,75,1.0,0.5067,166.6937,"High=75, Low=0",DIR,0.9,0.5,1
high,75,1.0,0.5067,154.525,"High=75, Low=0",BSAM,0.9,0.5,1
high,75,1.0,0.5067,184.3858,"High=75, Low=0",DILA,0.9,0.5,1
high,75,1.0,0.76,182.0031,"High=75, Low=0",Control,0.9,0.75,1
high,75,1.0,0.76,166.6937,"High=75, Low=0",DIR,0.9,0.75,1
high,75,1.0,0.76,154.525,"High=75, Low=0",BSAM,0.9,0.75,1
high,75,1.0,0.76,184.3858,"High=75, Low=0",DILA,0.9,0.75,1
high,75,0.96,0.96,182.0031,"High=75, Low=0",Control,0.9,1.0,1
high,75,0.9733,0.9733,166.6937,"High=75, Low=0",DIR,0.9,1.0,1
high,75,1.0,1.0,154.525,"High=75, Low=0",BSAM,0.9,1.0,1
high,75,0.9867,0.9867,184.3858,"High=75, Low=0",DILA,0.9,1.0,1
high,75,0.7979,1.0,182.0031,"High=75, Low=0",Control,0.9,1.25,1
high,75,0.7979,1.0,166.6937,"High=75, Low=0",DIR,0.9,1.25,1
high,75,0.7979,1.0,154.525,"High=75, Low=0",BSAM,0.9,1.25,1
high,75,0.7979,1.0,184.3858,"High=75, Low=0",DILA,0.9,1.25,1
high,75,0.6637,1.0,182.0031,"High=75, Low=0",Control,0.9,1.5,1
high,75,0.6637,1.0,166.6937,"High=75, Low=0",DIR,0.9,1.5,1
high,75,0.6637,1.0,154.525,"High=75, Low=0",BSAM,0.9,1.5,1
high,75,0.6637,1.0,184.3858,"High=75, Low=0",DILA,0.9,1.5,1
high,75,0.5682,1.0,182.0031,"High=75, Low=0",Control,0.9,1.75,1
high,75,0.5682,1.0,166.6937,"High=75, Low=0",DIR,0.9,1.75,1
high,75,0.5682,1.0,154.525,"High=75, Low=0",BSAM,0.9,1.75,1
high,75,0.5682,1.0,184.3858,"High=75, Low=0",DILA,0.9,1.75,1
high,75,0.5,1.0,182.0031,"High=75, Low=0",Control,0.9,2.0,1
high,75,0.5,1.0,166.6937,"High=75, Low=0",DIR,0.9,2.0,1
high,75,0.5,1.0,154.525,"High=75, Low=0",BSAM,0.9,2.0,1
high,75,0.5,1.0,184.3858,"High=75, Low=0",DILA,0.9,2.0,1
high,75,0.4438,1.0,182.0031,"High=75, Low=0",Control,0.9,2.25,1
high,75,0.4438,1.0,166.6937,"High=75, Low=0",DIR,0.9,2.25,1
high,75,0.4438,1.0,154.525,"High=75, Low=0",BSAM,0.9,2.25,1
high,75,0.4438,1.0,184.3858,"High=75, Low=0",DILA,0.9,2.25,1
high,75,0.3989,1.0,182.0031,"High=75, Low=0",Control,0.9,2.5,1
high,75,0.3989,1.0,166.6937,"High=75, Low=0",DIR,0.9,2.5,1
high,75,0.3989,1.0,154.525,"High=75, Low=0",BSAM,0.9,2.5,1
high,75,0.3989,1.0,184.3858,"High=75, Low=0",DILA,0.9,2.5,1
high,75,0.3623,1.0,182.0031,"High=75, Low=0",Control,0.9,2.75,1
high,75,0.3623,1.0,166.6937,"High=75, Low=0",DIR,0.9,2.75,1
high,75,0.3623,1.0,154.525,"High=75, Low=0",BSAM,0.9,2.75,1
high,75,0.3623,1.0,184.3858,"High=75, Low=0",DILA,0.9,2.75,1
high,75,0.3333,1.0,182.0031,"High=75, Low=0",Control,0.9,3.0,1
high,75,0.3333,1.0,166.6937,"High=75, Low=0",DIR,0.9,3.0,1
high,75,0.3333,1.0,154.525,"High=75, Low=0",BSAM,0.9,3.0,1
high,75,0.3333,1.0,184.3858,"High=75, Low=0",DILA,0.9,3.0,1
high,405,1.0,0.5012,96.7633,"High=405, Low=60",Control,0.5,0.5,2
high,405,1.0,0.5012,99.7279,"High=405, Low=60",DIR,0.5,0.5,2
high,405,1.0,0.5012,117.7622,"High=405, Low=60",BSAM,0.5,0.5,2
high,405,1.0,0.5012,122.1778,"High=405, Low=60",DILA,0.5,0.5,2
high,405,0.9967,0.7481,96.7633,"High=405, Low=60",Control,0.5,0.75,2
high,405,0.9901,0.7432,99.7279,"High=405, Low=60",DIR,0.5,0.75,2
high,405,0.9868,0.7407,117.7622,"High=405, Low=60",BSAM,0.5,0.75,2
high,405,0.9901,0.7432,122.1778,"High=405, Low=60",DILA,0.5,0.75,2
high,405,0.9383,0.9383,96.7633,"High=405, Low=60",Control,0.5,1.0,2
high,405,0.9407,0.9407,99.7279,"High=405, Low=60",DIR,0.5,1.0,2
high,405,0.9358,0.9358,117.7622,"High=405, Low=60",BSAM,0.5,1.0,2
high,405,0.9481,0.9481,122.1778,"High=405, Low=60",DILA,0.5,1.0,2
high,405,0.785,0.9827,96.7633,"High=405, Low=60",Control,0.5,1.25,2
high,405,0.783,0.9802,99.7279,"High=405, Low=60",DIR,0.5,1.25,2
high,405,0.783,0.9802,117.7622,"High=405, Low=60",BSAM,0.5,1.25,2
high,405,0.785,0.9827,122.1778,"High=405, Low=60",DILA,0.5,1.25,2
high,405,0.6661,1.0,96.7633,"High=405, Low=60",Control,0.5,1.5,2
high,405,0.6628,0.9951,99.7279,"High=405, Low=60",DIR,0.5,1.5,2
high,405,0.6562,0.9852,117.7622,"High=405, Low=60",BSAM,0.5,1.5,2
high,405,0.6628,0.9951,122.1778,"High=405, Low=60",DILA,0.5,1.5,2
high,405,0.5712,1.0,96.7633,"High=405, Low=60",Control,0.5,1.75,2
high,405,0.5698,0.9975,99.7279,"High=405, Low=60",DIR,0.5,1.75,2
high,405,0.567,0.9926,117.7622,"High=405, Low=60",BSAM,0.5,1.75,2
high,405,0.5712,1.0,122.1778,"High=405, Low=60",DILA,0.5,1.75,2
high,405,0.5,1.0,96.7633,"High=405, Low=60",Control,0.5,2.0,2
high,405,0.5,1.0,99.7279,"High=405, Low=60",DIR,0.5,2.0,2
high,405,0.5,1.0,117.7622,"High=405, Low=60",BSAM,0.5,2.0,2
high,405,0.5,1.0,122.1778,"High=405, Low=60",DILA,0.5,2.0,2
high,405,0.4441,1.0,96.7633,"High=405, Low=60",Control,0.5,2.25,2
high,405,0.4441,1.0,99.7279,"High=405, Low=60",DIR,0.5,2.25,2
high,405,0.4441,1.0,117.7622,"High=405, Low=60",BSAM,0.5,2.25,2
high,405,0.4441,1.0,122.1778,"High=405, Low=60",DILA,0.5,2.25,2
high,405,0.3998,1.0,96.7633,"High=405, Low=60",Control,0.5,2.5,2
high,405,0.3998,1.0,99.7279,"High=405, Low=60",DIR,0.5,2.5,2
high,405,0.3998,1.0,117.7622,"High=405, Low=60",BSAM,0.5,2.5,2
high,405,0.3998,1.0,122.1778,"High=405, Low=60",DILA,0.5,2.5,2
high,405,0.3636,1.0,96.7633,"High=405, Low=60",Control,0.5,2.75,2
high,405,0.3636,1.0,99.7279,"High=405, Low=60",DIR,0.5,2.75,2
high,405,0.3636,1.0,117.7622,"High=405, Low=60",BSAM,0.5,2.75,2
high,405,0.3636,1.0,122.1778,"High=405, Low=60",DILA,0.5,2.75,2
high,405,0.3333,1.0,96.7633,"High=405, Low=60",Control,0.5,3.0,2
high,405,0.3333,1.0,99.7279,"High=405, Low=60",DIR,0.5,3.0,2
high,405,0.3333,1.0,117.7622,"High=405, Low=60",BSAM,0.5,3.0,2
high,405,0.3333,1.0,122.1778,"High=405, Low=60",DILA,0.5,3.0,2
high,365,1.0,0.5014,102.0439,"High=365, Low=35",Control,0.55,0.5,2
high,365,1.0,0.5014,104.6926,"High=365, Low=35",DIR,0.55,0.5,2
high,365,1.0,0.5014,125.7528,"High=365, Low=35",BSAM,0.55,0.5,2
high,365,1.0,0.5014,130.4362,"High=365, Low=35",DILA,0.55,0.5,2
high,365,0.9927,0.7452,102.0439,"High=365, Low=35",Control,0.55,0.75,2
high,365,0.9927,0.7452,104.6926,"High=365, Low=35",DIR,0.55,0.75,2
high,365,0.9891,0.7425,125.7528,"High=365, Low=35",BSAM,0.55,0.75,2
high,365,0.9818,0.737,130.4362,"High=365, Low=35",DILA,0.55,0.75,2
high,365,0.9233,0.9233,102.0439,"High=365, Low=35",Control,0.55,1.0,2
high,365,0.9205,0.9205,104.6926,"High=365, Low=35",DIR,0.55,1.0,2
high,365,0.9096,0.9096,125.7528,"High=365, Low=35",BSAM,0.55,1.0,2
high,365,0.9205,0.9205,130.4362,"High=365, Low=35",DILA,0.55,1.0,2
high,365,0.7856,0.9836,102.0439,"High=365, Low=35",Control,0.55,1.25,2
high,365,0.7812,0.9781,104.6926,"High=365, Low=35",DIR,0.55,1.25,2
high,365,0.7768,0.9726,125.7528,"High=365, Low=35",BSAM,0.55,1.25,2
high,365,0.779,0.9753,130.4362,"High=365, Low=35",DILA,0.55,1.25,2
high,365,0.6551,0.9836,102.0439,"High=365, Low=35",Control,0.55,1.5,2
high,365,0.6606,0.9918,104.6926,"High=365, Low=35",DIR,0.55,1.5,2
high,365,0.6533,0.9808,125.7528,"High=365, Low=35",BSAM,0.55,1.5,2
high,365,0.6569,0.9863,130.4362,"High=365, Low=35",DILA,0.55,1.5,2
high,365,0.5712,1.0,102.0439,"High=365, Low=35",Control,0.55,1.75,2
high,365,0.5712,1.0,104.6926,"High=365, Low=35",DIR,0.55,1.75,2
high,365,0.5649,0.989,125.7528,"High=365, Low=35",BSAM,0.55,1.75,2
high,365,0.5712,1.0,130.4362,"High=365, Low=35",DILA,0.55,1.75,2
high,365,0.5,1.0,102.0439,"High=365, Low=35",Control,0.55,2.0,2
high,365,0.5,1.0,104.6926,"High=365, Low=35",DIR,0.55,2.0,2
high,365,0.4959,0.9918,125.7528,"High=365, Low=35",BSAM,0.55,2.0,2
high,365,0.5,1.0,130.4362,"High=365, Low=35",DILA,0.55,2.0,2
high,365,0.444,1.0,102.0439,"High=365, Low=35",Control,0.55,2.25,2
high,365,0.444,1.0,104.6926,"High=365, Low=35",DIR,0.55,2.25,2
high,365,0.444,1.0,125.7528,"High=365, Low=35",BSAM,0.55,2.25,2
high,365,0.444,1.0,130.4362,"High=365, Low=35",DILA,0.55,2.25,2
high,365,0.3998,1.0,102.0439,"High=365, Low=35",Control,0.55,2.5,2
high,365,0.3998,1.0,104.6926,"High=365, Low=35",DIR,0.55,2.5,2
high,365,0.3998,1.0,125.7528,"High=365, Low=35",BSAM,0.55,2.5,2
high,365,0.3998,1.0,130.4362,"High=365, Low=35",DILA,0.55,2.5,2
high,365,0.3635,1.0,102.0439,"High=365, Low=35",Control,0.55,2.75,2
high,365,0.3635,1.0,104.6926,"High=365, Low=35",DIR,0.55,2.75,2
high,365,0.3635,1.0,125.7528,"High=365, Low=35",BSAM,0.55,2.75,2
high,365,0.3635,1.0,130.4362,"High=365, Low=35",DILA,0.55,2.75,2
high,365,0.3333,1.0,102.0439,"High=365, Low=35",Control,0.55,3.0,2
high,365,0.3333,1.0,104.6926,"High=365, Low=35",DIR,0.55,3.0,2
high,365,0.3333,1.0,125.7528,"High=365, Low=35",BSAM,0.55,3.0,2
high,365,0.3333,1.0,130.4362,"High=365, Low=35",DILA,0.55,3.0,2
high,335,1.0,0.5015,104.093,"High=335, Low=15",Control,0.6,0.5,2
high,335,1.0,0.5015,108.9561,"High=335, Low=15",DIR,0.6,0.5,2
high,335,1.0,0.5015,130.3467,"High=335, Low=15",BSAM,0.6,0.5,2
high,335,1.0,0.5015,133.6531,"High=335, Low=15",DILA,0.6,0.5,2
high,335,0.9881,0.7433,104.093,"High=335, Low=15",Control,0.6,0.75,2
high,335,0.9921,0.7463,108.9561,"High=335, Low=15",DIR,0.6,0.75,2
high,335,0.9881,0.7433,130.3467,"High=335, Low=15",BSAM,0.6,0.75,2
high,335,0.9802,0.7373,133.6531,"High=335, Low=15",DILA,0.6,0.75,2
high,335,0.9254,0.9254,104.093,"High=335, Low=15",Control,0.6,1.0,2
high,335,0.9313,0.9313,108.9561,"High=335, Low=15",DIR,0.6,1.0,2
high,335,0.9164,0.9164,130.3467,"High=335, Low=15",BSAM,0.6,1.0,2
high,335,0.9075,0.9075,133.6531,"High=335, Low=15",DILA,0.6,1.0,2
high,335,0.7852,0.9821,104.093,"High=335, Low=15",Control,0.6,1.25,2
high,335,0.79,0.9881,108.9561,"High=335, Low=15",DIR,0.6,1.25,2
high,335,0.7876,0.9851,130.3467,"High=335, Low=15",BSAM,0.6,1.25,2
high,335,0.7852,0.9821,133.6531,"High=335, Low=15",DILA,0.6,1.25,2
high,335,0.666,1.0,104.093,"High=335, Low=15",Control,0.6,1.5,2
high,335,0.662,0.994,108.9561,"High=335, Low=15",DIR,0.6,1.5,2
high,335,0.66,0.991,130.3467,"High=335, Low=15",BSAM,0.6,1.5,2
high,335,0.666,1.0,133.6531,"High=335, Low=15",DILA,0.6,1.5,2
high,335,0.5707,1.0,104.093,"High=335, Low=15",Control,0.6,1.75,2
high,335,0.5707,1.0,108.9561,"High=335, Low=15",DIR,0.6,1.75,2
high,335,0.5673,0.994,130.3467,"High=335, Low=15",BSAM,0.6,1.75,2
high,335,0.5707,1.0,133.6531,"High=335, Low=15",DILA,0.6,1.75,2
high,335,0.5,1.0,104.093,"High=335, Low=15",Control,0.6,2.0,2
high,335,0.5,1.0,108.9561,"High=335, Low=15",DIR,0.6,2.0,2
high,335,0.4985,0.997,130.3467,"High=335, Low=15",BSAM,0.6,2.0,2
high,335,0.5,1.0,133.6531,"High=335, Low=15",DILA,0.6,2.0,2
high,335,0.4443,1.0,104.093,"High=335, Low=15",Control,0.6,2.25,2
high,335,0.4443,1.0,108.9561,"High=335, Low=15",DIR,0.6,2.25,2
high,335,0.443,0.997,130.3467,"High=335, Low=15",BSAM,0.6,2.25,2
high,335,0.4443,1.0,133.6531,"High=335, Low=15",DILA,0.6,2.25,2
high,335,0.3998,1.0,104.093,"High=335, Low=15",Control,0.6,2.5,2
high,335,0.3998,1.0,108.9561,"High=335, Low=15",DIR,0.6,2.5,2
high,335,0.3998,1.0,130.3467,"High=335, Low=15",BSAM,0.6,2.5,2
high,335,0.3998,1.0,133.6531,"High=335, Low=15",DILA,0.6,2.5,2
high,335,0.3633,1.0,104.093,"High=335, Low=15",Control,0.6,2.75,2
high,335,0.3633,1.0,108.9561,"High=335, Low=15",DIR,0.6,2.75,2
high,335,0.3633,1.0,130.3467,"High=335, Low=15",BSAM,0.6,2.75,2
high,335,0.3633,1.0,133.6531,"High=335, Low=15",DILA,0.6,2.75,2
high,335,0.3333,1.0,104.093,"High=335, Low=15",Control,0.6,3.0,2
high,335,0.3333,1.0,108.9561,"High=335, Low=15",DIR,0.6,3.0,2
high,335,0.3333,1.0,130.3467,"High=335, Low=15",BSAM,0.6,3.0,2
high,335,0.3333,1.0,133.6531,"High=335, Low=15",DILA,0.6,3.0,2
high,305,1.0,0.5016,109.5295,"High=305, Low=0",Control,0.65,0.5,2
high,305,1.0,0.5016,114.0991,"High=305, Low=0",DIR,0.65,0.5,2
high,305,1.0,0.5016,138.4197,"High=305, Low=0",BSAM,0.65,0.5,2
high,305,1.0,0.5016,141.3573,"High=305, Low=0",DILA,0.65,0.5,2
high,305,1.0,0.7508,109.5295,"High=305, Low=0",Control,0.65,0.75,2
high,305,0.9956,0.7475,114.0991,"High=305, Low=0",DIR,0.65,0.75,2
high,305,1.0,0.7508,138.4197,"High=305, Low=0",BSAM,0.65,0.75,2
high,305,1.0,0.7508,141.3573,"High=305, Low=0",DILA,0.65,0.75,2
high,305,0.8918,0.8918,109.5295,"High=305, Low=0",Control,0.65,1.0,2
high,305,0.9016,0.9016,114.0991,"High=305, Low=0",DIR,0.65,1.0,2
high,305,0.9049,0.9049,138.4197,"High=305, Low=0",BSAM,0.65,1.0,2
high,305,0.8689,0.8689,141.3573,"High=305, Low=0",DILA,0.65,1.0,2
high,305,0.7696,0.9639,109.5295,"High=305, Low=0",Control,0.65,1.25,2
high,305,0.7775,0.9738,114.0991,"High=305, Low=0",DIR,0.65,1.25,2
high,305,0.7723,0.9672,138.4197,"High=305, Low=0",BSAM,0.65,1.25,2
high,305,0.7696,0.9639,141.3573,"High=305, Low=0",DILA,0.65,1.25,2
high,305,0.6659,1.0,109.5295,"High=305, Low=0",Control,0.65,1.5,2
high,305,0.6572,0.9869,114.0991,"High=305, Low=0",DIR,0.65,1.5,2
high,305,0.6594,0.9902,138.4197,"High=305, Low=0",BSAM,0.65,1.5,2
high,305,0.6659,1.0,141.3573,"High=305, Low=0",DILA,0.65,1.5,2
high,305,0.5712,1.0,109.5295,"High=305, Low=0",Control,0.65,1.75,2
high,305,0.5712,1.0,114.0991,"High=305, Low=0",DIR,0.65,1.75,2
high,305,0.5655,0.9902,138.4197,"High=305, Low=0",BSAM,0.65,1.75,2
high,305,0.5712,1.0,141.3573,"High=305, Low=0",DILA,0.65,1.75,2
high,305,0.5,1.0,109.5295,"High=305, Low=0",Control,0.65,2.0,2
high,305,0.5,1.0,114.0991,"High=305, Low=0",DIR,0.65,2.0,2
high,305,0.4967,0.9934,138.4197,"High=305, Low=0",BSAM,0.65,2.0,2
high,305,0.5,1.0,141.3573,"High=305, Low=0",DILA,0.65,2.0,2
high,305,0.444,1.0,109.5295,"High=305, Low=0",Control,0.65,2.25,2
high,305,0.444,1.0,114.0991,"High=305, Low=0",DIR,0.65,2.25,2
high,305,0.4425,0.9967,138.4197,"High=305, Low=0",BSAM,0.65,2.25,2
high,305,0.444,1.0,141.3573,"High=305, Low=0",DILA,0.65,2.25,2
high,305,0.3997,1.0,109.5295,"High=305, Low=0",Control,0.65,2.5,2
high,305,0.3997,1.0,114.0991,"High=305, Low=0",DIR,0.65,2.5,2
high,305,0.3984,0.9967,138.4197,"High=305, Low=0",BSAM,0.65,2.5,2
high,305,0.3997,1.0,141.3573,"High=305, Low=0",DILA,0.65,2.5,2
high,305,0.3635,1.0,109.5295,"High=305, Low=0",Control,0.65,2.75,2
high,305,0.3635,1.0,114.0991,"High=305, Low=0",DIR,0.65,2.75,2
high,305,0.3635,1.0,138.4197,"High=305, Low=0",BSAM,0.65,2.75,2
high,305,0.3635,1.0,141.3573,"High=305, Low=0",DILA,0.65,2.75,2
high,305,0.3333,1.0,109.5295,"High=305, Low=0",Control,0.65,3.0,2
high,305,0.3333,1.0,114.0991,"High=305, Low=0",DIR,0.65,3.0,2
high,305,0.3333,1.0,138.4197,"High=305, Low=0",BSAM,0.65,3.0,2
high,305,0.3333,1.0,141.3573,"High=305, Low=0",DILA,0.65,3.0,2
high,280,1.0,0.5,113.0973,"High=280, Low=0",Control,0.7,0.5,2
high,280,1.0,0.5,117.2071,"High=280, Low=0",DIR,0.7,0.5,2
high,280,1.0,0.5,144.2914,"High=280, Low=0",BSAM,0.7,0.5,2
high,280,1.0,0.5,146.422,"High=280, Low=0",DILA,0.7,0.5,2
high,280,1.0,0.75,113.0973,"High=280, Low=0",Control,0.7,0.75,2
high,280,1.0,0.75,117.2071,"High=280, Low=0",DIR,0.7,0.75,2
high,280,1.0,0.75,144.2914,"High=280, Low=0",BSAM,0.7,0.75,2
high,280,1.0,0.75,146.422,"High=280, Low=0",DILA,0.7,0.75,2
high,280,0.9143,0.9143,113.0973,"High=280, Low=0",Control,0.7,1.0,2
high,280,0.9071,0.9071,117.2071,"High=280, Low=0",DIR,0.7,1.0,2
high,280,0.9107,0.9107,144.2914,"High=280, Low=0",BSAM,0.7,1.0,2
high,280,0.8714,0.8714,146.422,"High=280, Low=0",DILA,0.7,1.0,2
high,280,0.78,0.975,113.0973,"High=280, Low=0",Control,0.7,1.25,2
high,280,0.7829,0.9786,117.2071,"High=280, Low=0",DIR,0.7,1.25,2
high,280,0.7629,0.9536,144.2914,"High=280, Low=0",BSAM,0.7,1.25,2
high,280,0.7571,0.9464,146.422,"High=280, Low=0",DILA,0.7,1.25,2
high,280,0.6619,0.9929,113.0973,"High=280, Low=0",Control,0.7,1.5,2
high,280,0.6667,1.0,117.2071,"High=280, Low=0",DIR,0.7,1.5,2
high,280,0.6667,1.0,144.2914,"High=280, Low=0",BSAM,0.7,1.5,2
high,280,0.6643,0.9964,146.422,"High=280, Low=0",DILA,0.7,1.5,2
high,280,0.5714,1.0,113.0973,"High=280, Low=0",Control,0.7,1.75,2
high,280,0.5714,1.0,117.2071,"High=280, Low=0",DIR,0.7,1.75,2
high,280,0.5714,1.0,144.2914,"High=280, Low=0",BSAM,0.7,1.75,2
high,280,0.5714,1.0,146.422,"High=280, Low=0",DILA,0.7,1.75,2
high,280,0.5,1.0,113.0973,"High=280, Low=0",Control,0.7,2.0,2
high,280,0.5,1.0,117.2071,"High=280, Low=0",DIR,0.7,2.0,2
high,280,0.5,1.0,144.2914,"High=280, Low=0",BSAM,0.7,2.0,2
high,280,0.5,1.0,146.422,"High=280, Low=0",DILA,0.7,2.0,2
high,280,0.4444,1.0,113.0973,"High=280, Low=0",Control,0.7,2.25,2
high,280,0.4444,1.0,117.2071,"High=280, Low=0",DIR,0.7,2.25,2
high,280,0.4444,1.0,144.2914,"High=280, Low=0",BSAM,0.7,2.25,2
high,280,0.4444,1.0,146.422,"High=280, Low=0",DILA,0.7,2.25,2
high,280,0.4,1.0,113.0973,"High=280, Low=0",Control,0.7,2.5,2
high,280,0.4,1.0,117.2071,"High=280, Low=0",DIR,0.7,2.5,2
high,280,0.4,1.0,144.2914,"High=280, Low=0",BSAM,0.7,2.5,2
high,280,0.4,1.0,146.422,"High=280, Low=0",DILA,0.7,2.5,2
high,280,0.3636,1.0,113.0973,"High=280, Low=0",Control,0.7,2.75,2
high,280,0.3636,1.0,117.2071,"High=280, Low=0",DIR,0.7,2.75,2
high,280,0.3636,1.0,144.2914,"High=280, Low=0",BSAM,0.7,2.75,2
high,280,0.3636,1.0,146.422,"High=280, Low=0",DILA,0.7,2.75,2
high,280,0.3333,1.0,113.0973,"High=280, Low=0",Control,0.7,3.0,2
high,280,0.3333,1.0,117.2071,"High=280, Low=0",DIR,0.7,3.0,2
high,280,0.3333,1.0,144.2914,"High=280, Low=0",BSAM,0.7,3.0,2
high,280,0.3333,1.0,146.422,"High=280, Low=0",DILA,0.7,3.0,2
high,265,1.0,0.5019,115.9578,"High=265, Low=0",Control,0.75,0.5,2
high,265,1.0,0.5019,120.2604,"High=265, Low=0",DIR,0.75,0.5,2
high,265,1.0,0.5019,146.7344,"High=265, Low=0",BSAM,0.75,0.5,2
high,265,1.0,0.5019,149.468,"High=265, Low=0",DILA,0.75,0.5,2
high,265,1.0,0.7509,115.9578,"High=265, Low=0",Control,0.75,0.75,2
high,265,1.0,0.7509,120.2604,"High=265, Low=0",DIR,0.75,0.75,2
high,265,1.0,0.7509,146.7344,"High=265, Low=0",BSAM,0.75,0.75,2
high,265,1.0,0.7509,149.468,"High=265, Low=0",DILA,0.75,0.75,2
high,265,0.9547,0.9547,115.9578,"High=265, Low=0",Control,0.75,1.0,2
high,265,0.9396,0.9396,120.2604,"High=265, Low=0",DIR,0.75,1.0,2
high,265,0.9472,0.9472,146.7344,"High=265, Low=0",BSAM,0.75,1.0,2
high,265,0.9132,0.9132,149.468,"High=265, Low=0",DILA,0.75,1.0,2
high,265,0.7801,0.9774,115.9578,"High=265, Low=0",Control,0.75,1.25,2
high,265,0.7861,0.9849,120.2604,"High=265, Low=0",DIR,0.75,1.25,2
high,265,0.7952,0.9962,146.7344,"High=265, Low=0",BSAM,0.75,1.25,2
high,265,0.7741,0.9698,149.468,"High=265, Low=0",DILA,0.75,1.25,2
high,265,0.6583,0.9887,115.9578,"High=265, Low=0",Control,0.75,1.5,2
high,265,0.6658,1.0,120.2604,"High=265, Low=0",DIR,0.75,1.5,2
high,265,0.6658,1.0,146.7344,"High=265, Low=0",BSAM,0.75,1.5,2
high,265,0.6633,0.9962,149.468,"High=265, Low=0",DILA,0.75,1.5,2
high,265,0.5711,1.0,115.9578,"High=265, Low=0",Control,0.75,1.75,2
high,265,0.5711,1.0,120.2604,"High=265, Low=0",DIR,0.75,1.75,2
high,265,0.5711,1.0,146.7344,"High=265, Low=0",BSAM,0.75,1.75,2
high,265,0.5711,1.0,149.468,"High=265, Low=0",DILA,0.75,1.75,2
high,265,0.5,1.0,115.9578,"High=265, Low=0",Control,0.75,2.0,2
high,265,0.5,1.0,120.2604,"High=265, Low=0",DIR,0.75,2.0,2
high,265,0.5,1.0,146.7344,"High=265, Low=0",BSAM,0.75,2.0,2
high,265,0.5,1.0,149.468,"High=265, Low=0",DILA,0.75,2.0,2
high,265,0.4439,1.0,115.9578,"High=265, Low=0",Control,0.75,2.25,2
high,265,0.4439,1.0,120.2604,"High=265, Low=0",DIR,0.75,2.25,2
high,265,0.4439,1.0,146.7344,"High=265, Low=0",BSAM,0.75,2.25,2
high,265,0.4439,1.0,149.468,"High=265, Low=0",DILA,0.75,2.25,2
high,265,0.3997,1.0,115.9578,"High=265, Low=0",Control,0.75,2.5,2
high,265,0.3997,1.0,120.2604,"High=265, Low=0",DIR,0.75,2.5,2
high,265,0.3997,1.0,146.7344,"High=265, Low=0",BSAM,0.75,2.5,2
high,265,0.3997,1.0,149.468,"High=265, Low=0",DILA,0.75,2.5,2
high,265,0.3635,1.0,115.9578,"High=265, Low=0",Control,0.75,2.75,2
high,265,0.3635,1.0,120.2604,"High=265, Low=0",DIR,0.75,2.75,2
high,265,0.3635,1.0,146.7344,"High=265, Low=0",BSAM,0.75,2.75,2
high,265,0.3635,1.0,149.468,"High=265, Low=0",DILA,0.75,2.75,2
high,265,0.3333,1.0,115.9578,"High=265, Low=0",Control,0.75,3.0,2
high,265,0.3333,1.0,120.2604,"High=265, Low=0",DIR,0.75,3.0,2
high,265,0.3333,1.0,146.7344,"High=265, Low=0",BSAM,0.75,3.0,2
high,265,0.3333,1.0,149.468,"High=265, Low=0",DILA,0.75,3.0,2
high,245,1.0,0.502,115.9565,"High=245, Low=0",Control,0.8,0.5,2
high,245,1.0,0.502,121.5321,"High=245, Low=0",DIR,0.8,0.5,2
high,245,1.0,0.502,148.8868,"High=245, Low=0",BSAM,0.8,0.5,2
high,245,1.0,0.502,144.3743,"High=245, Low=0",DILA,0.8,0.5,2
high,245,1.0,0.751,115.9565,"High=245, Low=0",Control,0.8,0.75,2
high,245,1.0,0.751,121.5321,"High=245, Low=0",DIR,0.8,0.75,2
high,245,0.9946,0.7469,148.8868,"High=245, Low=0",BSAM,0.8,0.75,2
high,245,0.9728,0.7306,144.3743,"High=245, Low=0",DILA,0.8,0.75,2
high,245,0.951,0.951,115.9565,"High=245, Low=0",Control,0.8,1.0,2
high,245,0.951,0.951,121.5321,"High=245, Low=0",DIR,0.8,1.0,2
high,245,0.951,0.951,148.8868,"High=245, Low=0",BSAM,0.8,1.0,2
high,245,0.9265,0.9265,144.3743,"High=245, Low=0",DILA,0.8,1.0,2
high,245,0.7883,0.9878,115.9565,"High=245, Low=0",Control,0.8,1.25,2
high,245,0.7915,0.9918,121.5321,"High=245, Low=0",DIR,0.8,1.25,2
high,245,0.7948,0.9959,148.8868,"High=245, Low=0",BSAM,0.8,1.25,2
high,245,0.7818,0.9796,144.3743,"High=245, Low=0",DILA,0.8,1.25,2
high,245,0.6603,0.9918,115.9565,"High=245, Low=0",Control,0.8,1.5,2
high,245,0.6658,1.0,121.5321,"High=245, Low=0",DIR,0.8,1.5,2
high,245,0.6658,1.0,148.8868,"High=245, Low=0",BSAM,0.8,1.5,2
high,245,0.663,0.9959,144.3743,"High=245, Low=0",DILA,0.8,1.5,2
high,245,0.5688,0.9959,115.9565,"High=245, Low=0",Control,0.8,1.75,2
high,245,0.5711,1.0,121.5321,"High=245, Low=0",DIR,0.8,1.75,2
high,245,0.5711,1.0,148.8868,"High=245, Low=0",BSAM,0.8,1.75,2
high,245,0.5711,1.0,144.3743,"High=245, Low=0",DILA,0.8,1.75,2
high,245,0.5,1.0,115.9565,"High=245, Low=0",Control,0.8,2.0,2
high,245,0.5,1.0,121.5321,"High=245, Low=0",DIR,0.8,2.0,2
high,245,0.5,1.0,148.8868,"High=245, Low=0",BSAM,0.8,2.0,2
high,245,0.5,1.0,144.3743,"High=245, Low=0",DILA,0.8,2.0,2
high,245,0.4438,1.0,115.9565,"High=245, Low=0",Control,0.8,2.25,2
high,245,0.4438,1.0,121.5321,"High=245, Low=0",DIR,0.8,2.25,2
high,245,0.4438,1.0,148.8868,"High=245, Low=0",BSAM,0.8,2.25,2
high,245,0.4438,1.0,144.3743,"High=245, Low=0",DILA,0.8,2.25,2
high,245,0.3997,1.0,115.9565,"High=245, Low=0",Control,0.8,2.5,2
high,245,0.3997,1.0,121.5321,"High=245, Low=0",DIR,0.8,2.5,2
high,245,0.3997,1.0,148.8868,"High=245, Low=0",BSAM,0.8,2.5,2
high,245,0.3997,1.0,144.3743,"High=245, Low=0",DILA,0.8,2.5,2
high,245,0.3635,1.0,115.9565,"High=245, Low=0",Control,0.8,2.75,2
high,245,0.3635,1.0,121.5321,"High=245, Low=0",DIR,0.8,2.75,2
high,245,0.3635,1.0,148.8868,"High=245, Low=0",BSAM,0.8,2.75,2
high,245,0.3635,1.0,144.3743,"High=245, Low=0",DILA,0.8,2.75,2
high,245,0.3333,1.0,115.9565,"High=245, Low=0",Control,0.8,3.0,2
high,245,0.3333,1.0,121.5321,"High=245, Low=0",DIR,0.8,3.0,2
high,245,0.3333,1.0,148.8868,"High=245, Low=0",BSAM,0.8,3.0,2
high,245,0.3333,1.0,144.3743,"High=245, Low=0",DILA,0.8,3.0,2
high,220,1.0,0.5,113.7063,"High=220, Low=0",Control,0.8500000000000001,0.5,2
high,220,1.0,0.5,120.8261,"High=220, Low=0",DIR,0.8500000000000001,0.5,2
high,220,0.9818,0.4909,149.5335,"High=220, Low=0",BSAM,0.8500000000000001,0.5,2
high,220,0.9909,0.4955,137.5503,"High=220, Low=0",DILA,0.8500000000000001,0.5,2
high,220,0.9818,0.7364,113.7063,"High=220, Low=0",Control,0.8500000000000001,0.75,2
high,220,0.9879,0.7409,120.8261,"High=220, Low=0",DIR,0.8500000000000001,0.75,2
high,220,0.9758,0.7318,149.5335,"High=220, Low=0",BSAM,0.8500000000000001,0.75,2
high,220,0.9394,0.7045,137.5503,"High=220, Low=0",DILA,0.8500000000000001,0.75,2
high,220,0.9591,0.9591,113.7063,"High=220, Low=0",Control,0.8500000000000001,1.0,2
high,220,0.9545,0.9545,120.8261,"High=220, Low=0",DIR,0.8500000000000001,1.0,2
high,220,0.9409,0.9409,149.5335,"High=220, Low=0",BSAM,0.8500000000000001,1.0,2
high,220,0.95,0.95,137.5503,"High=220, Low=0",DILA,0.8500000000000001,1.0,2
high,220,0.8,1.0,113.7063,"High=220, Low=0",Control,0.8500000000000001,1.25,2
high,220,0.8,1.0,120.8261,"High=220, Low=0",DIR,0.8500000000000001,1.25,2
high,220,0.8,1.0,149.5335,"High=220, Low=0",BSAM,0.8500000000000001,1.25,2
high,220,0.7891,0.9864,137.5503,"High=220, Low=0",DILA,0.8500000000000001,1.25,2
high,220,0.6667,1.0,113.7063,"High=220, Low=0",Control,0.8500000000000001,1.5,2
high,220,0.6667,1.0,120.8261,"High=220, Low=0",DIR,0.8500000000000001,1.5,2
high,220,0.6667,1.0,149.5335,"High=220, Low=0",BSAM,0.8500000000000001,1.5,2
high,220,0.6667,1.0,137.5503,"High=220, Low=0",DILA,0.8500000000000001,1.5,2
high,220,0.5714,1.0,113.7063,"High=220, Low=0",Control,0.8500000000000001,1.75,2
high,220,0.5714,1.0,120.8261,"High=220, Low=0",DIR,0.8500000000000001,1.75,2
high,220,0.5714,1.0,149.5335,"High=220, Low=0",BSAM,0.8500000000000001,1.75,2
high,220,0.5714,1.0,137.5503,"High=220, Low=0",DILA,0.8500000000000001,1.75,2
high,220,0.5,1.0,113.7063,"High=220, Low=0",Control,0.8500000000000001,2.0,2
high,220,0.5,1.0,120.8261,"High=220, Low=0",DIR,0.8500000000000001,2.0,2
high,220,0.5,1.0,149.5335,"High=220, Low=0",BSAM,0.8500000000000001,2.0,2
high,220,0.5,1.0,137.5503,"High=220, Low=0",DILA,0.8500000000000001,2.0,2
high,220,0.4444,1.0,113.7063,"High=220, Low=0",Control,0.8500000000000001,2.25,2
high,220,0.4444,1.0,120.8261,"High=220, Low=0",DIR,0.8500000000000001,2.25,2
high,220,0.4444,1.0,149.5335,"High=220, Low=0",BSAM,0.8500000000000001,2.25,2
high,220,0.4444,1.0,137.5503,"High=220, Low=0",DILA,0.8500000000000001,2.25,2
high,220,0.4,1.0,113.7063,"High=220, Low=0",Control,0.8500000000000001,2.5,2
high,220,0.4,1.0,120.8261,"High=220, Low=0",DIR,0.8500000000000001,2.5,2
high,220,0.4,1.0,149.5335,"High=220, Low=0",BSAM,0.8500000000000001,2.5,2
high,220,0.4,1.0,137.5503,"High=220, Low=0",DILA,0.8500000000000001,2.5,2
high,220,0.3636,1.0,113.7063,"High=220, Low=0",Control,0.8500000000000001,2.75,2
high,220,0.3636,1.0,120.8261,"High=220, Low=0",DIR,0.8500000000000001,2.75,2
high,220,0.3636,1.0,149.5335,"High=220, Low=0",BSAM,0.8500000000000001,2.75,2
high,220,0.3636,1.0,137.5503,"High=220, Low=0",DILA,0.8500000000000001,2.75,2
high,220,0.3333,1.0,113.7063,"High=220, Low=0",Control,0.8500000000000001,3.0,2
high,220,0.3333,1.0,120.8261,"High=220, Low=0",DIR,0.8500000000000001,3.0,2
high,220,0.3333,1.0,149.5335,"High=220, Low=0",BSAM,0.8500000000000001,3.0,2
high,220,0.3333,1.0,137.5503,"High=220, Low=0",DILA,0.8500000000000001,3.0,2
high,150,1.0,0.5,124.349,"High=150, Low=0",Control,0.9,0.5,2
high,150,1.0,0.5,130.3041,"High=150, Low=0",DIR,0.9,0.5,2
high,150,0.9467,0.4733,177.1801,"High=150, Low=0",BSAM,0.9,0.5,2
high,150,0.9333,0.4667,153.8791,"High=150, Low=0",DILA,0.9,0.5,2
high,150,0.9469,0.7133,124.349,"High=150, Low=0",Control,0.9,0.75,2
high,150,0.9204,0.6933,130.3041,"High=150, Low=0",DIR,0.9,0.75,2
high,150,0.9204,0.6933,177.1801,"High=150, Low=0",BSAM,0.9,0.75,2
high,150,0.9381,0.7067,153.8791,"High=150, Low=0",DILA,0.9,0.75,2
high,150,0.8867,0.8867,124.349,"High=150, Low=0",Control,0.9,1.0,2
high,150,0.9,0.9,130.3041,"High=150, Low=0",DIR,0.9,1.0,2
high,150,0.8933,0.8933,177.1801,"High=150, Low=0",BSAM,0.9,1.0,2
high,150,0.9,0.9,153.8791,"High=150, Low=0",DILA,0.9,1.0,2
high,150,0.7872,0.9867,124.349,"High=150, Low=0",Control,0.9,1.25,2
high,150,0.7766,0.9733,130.3041,"High=150, Low=0",DIR,0.9,1.25,2
high,150,0.7926,0.9933,177.1801,"High=150, Low=0",BSAM,0.9,1.25,2
high,150,0.7872,0.9867,153.8791,"High=150, Low=0",DILA,0.9,1.25,2
high,150,0.6667,1.0,124.349,"High=150, Low=0",Control,0.9,1.5,2
high,150,0.6667,1.0,130.3041,"High=150, Low=0",DIR,0.9,1.5,2
high,150,0.6667,1.0,177.1801,"High=150, Low=0",BSAM,0.9,1.5,2
high,150,0.6667,1.0,153.8791,"High=150, Low=0",DILA,0.9,1.5,2
high,150,0.5703,1.0,124.349,"High=150, Low=0",Control,0.9,1.75,2
high,150,0.5703,1.0,130.3041,"High=150, Low=0",DIR,0.9,1.75,2
high,150,0.5703,1.0,177.1801,"High=150, Low=0",BSAM,0.9,1.75,2
high,150,0.5703,1.0,153.8791,"High=150, Low=0",DILA,0.9,1.75,2
high,150,0.5,1.0,124.349,"High=150, Low=0",Control,0.9,2.0,2
high,150,0.5,1.0,130.3041,"High=150, Low=0",DIR,0.9,2.0,2
high,150,0.5,1.0,177.1801,"High=150, Low=0",BSAM,0.9,2.0,2
high,150,0.5,1.0,153.8791,"High=150, Low=0",DILA,0.9,2.0,2
high,150,0.4438,1.0,124.349,"High=150, Low=0",Control,0.9,2.25,2
high,150,0.4438,1.0,130.3041,"High=150, Low=0",DIR,0.9,2.25,2
high,150,0.4438,1.0,177.1801,"High=150, Low=0",BSAM,0.9,2.25,2
high,150,0.4438,1.0,153.8791,"High=150, Low=0",DILA,0.9,2.25,2
high,150,0.4,1.0,124.349,"High=150, Low=0",Control,0.9,2.5,2
high,150,0.4,1.0,130.3041,"High=150, Low=0",DIR,0.9,2.5,2
high,150,0.4,1.0,177.1801,"High=150, Low=0",BSAM,0.9,2.5,2
high,150,0.4,1.0,153.8791,"High=150, Low=0",DILA,0.9,2.5,2
high,150,0.3632,1.0,124.349,"High=150, Low=0",Control,0.9,2.75,2
high,150,0.3632,1.0,130.3041,"High=150, Low=0",DIR,0.9,2.75,2
high,150,0.3632,1.0,177.1801,"High=150, Low=0",BSAM,0.9,2.75,2
high,150,0.3632,1.0,153.8791,"High=150, Low=0",DILA,0.9,2.75,2
high,150,0.3333,1.0,124.349,"High=150, Low=0",Control,0.9,3.0,2
high,150,0.3333,1.0,130.3041,"High=150, Low=0",DIR,0.9,3.0,2
high,150,0.3333,1.0,177.1801,"High=150, Low=0",BSAM,0.9,3.0,2
high,150,0.3333,1.0,153.8791,"High=150, Low=0",DILA,0.9,3.0,2
high,335,1.0,0.5015,100.4705,"High=335, Low=0",Control,0.5,0.5,3
high,335,1.0,0.5015,91.4144,"High=335, Low=0",DIR,0.5,0.5,3
high,335,1.0,0.5015,103.3781,"High=335, Low=0",BSAM,0.5,0.5,3
high,335,1.0,0.5015,114.5955,"High=335, Low=0",DILA,0.5,0.5,3
high,335,1.0,0.7522,100.4705,"High=335, Low=0",Control,0.5,0.75,3
high,335,0.996,0.7493,91.4144,"High=335, Low=0",DIR,0.5,0.75,3
high,335,0.996,0.7493,103.3781,"High=335, Low=0",BSAM,0.5,0.75,3
high,335,1.0,0.7522,114.5955,"High=335, Low=0",DILA,0.5,0.75,3
high,335,0.9463,0.9463,100.4705,"High=335, Low=0",Control,0.5,1.0,3
high,335,0.9373,0.9373,91.4144,"High=335, Low=0",DIR,0.5,1.0,3
high,335,0.9433,0.9433,103.3781,"High=335, Low=0",BSAM,0.5,1.0,3
high,335,0.9493,0.9493,114.5955,"High=335, Low=0",DILA,0.5,1.0,3
high,335,0.7995,1.0,100.4705,"High=335, Low=0",Control,0.5,1.25,3
high,335,0.7995,1.0,91.4144,"High=335, Low=0",DIR,0.5,1.25,3
high,335,0.7924,0.991,103.3781,"High=335, Low=0",BSAM,0.5,1.25,3
high,335,0.7947,0.994,114.5955,"High=335, Low=0",DILA,0.5,1.25,3
high,335,0.666,1.0,100.4705,"High=335, Low=0",Control,0.5,1.5,3
high,335,0.666,1.0,91.4144,"High=335, Low=0",DIR,0.5,1.5,3
high,335,0.66,0.991,103.3781,"High=335, Low=0",BSAM,0.5,1.5,3
high,335,0.666,1.0,114.5955,"High=335, Low=0",DILA,0.5,1.5,3
high,335,0.5707,1.0,100.4705,"High=335, Low=0",Control,0.5,1.75,3
high,335,0.5707,1.0,91.4144,"High=335, Low=0",DIR,0.5,1.75,3
high,335,0.5656,0.991,103.3781,"High=335, Low=0",BSAM,0.5,1.75,3
high,335,0.5707,1.0,114.5955,"High=335, Low=0",DILA,0.5,1.75,3
high,335,0.5,1.0,100.4705,"High=335, Low=0",Control,0.5,2.0,3
high,335,0.5,1.0,91.4144,"High=335, Low=0",DIR,0.5,2.0,3
high,335,0.4955,0.991,103.3781,"High=335, Low=0",BSAM,0.5,2.0,3
high,335,0.5,1.0,114.5955,"High=335, Low=0",DILA,0.5,2.0,3
high,335,0.4443,1.0,100.4705,"High=335, Low=0",Control,0.5,2.25,3
high,335,0.4443,1.0,91.4144,"High=335, Low=0",DIR,0.5,2.25,3
high,335,0.443,0.997,103.3781,"High=335, Low=0",BSAM,0.5,2.25,3
high,335,0.4443,1.0,114.5955,"High=335, Low=0",DILA,0.5,2.25,3
high,335,0.3998,1.0,100.4705,"High=335, Low=0",Control,0.5,2.5,3
high,335,0.3998,1.0,91.4144,"High=335, Low=0",DIR,0.5,2.5,3
high,335,0.3998,1.0,103.3781,"High=335, Low=0",BSAM,0.5,2.5,3
high,335,0.3998,1.0,114.5955,"High=335, Low=0",DILA,0.5,2.5,3
high,335,0.3633,1.0,100.4705,"High=335, Low=0",Control,0.5,2.75,3
high,335,0.3633,1.0,91.4144,"High=335, Low=0",DIR,0.5,2.75,3
high,335,0.3633,1.0,103.3781,"High=335, Low=0",BSAM,0.5,2.75,3
high,335,0.3633,1.0,114.5955,"High=335, Low=0",DILA,0.5,2.75,3
high,335,0.3333,1.0,100.4705,"High=335, Low=0",Control,0.5,3.0,3
high,335,0.3333,1.0,91.4144,"High=335, Low=0",DIR,0.5,3.0,3
high,335,0.3333,1.0,103.3781,"High=335, Low=0",BSAM,0.5,3.0,3
high,335,0.3333,1.0,114.5955,"High=335, Low=0",DILA,0.5,3.0,3
high,315,1.0,0.5016,105.6498,"High=315, Low=0",Control,0.55,0.5,3
high,315,1.0,0.5016,95.8336,"High=315, Low=0",DIR,0.55,0.5,3
high,315,1.0,0.5016,108.8564,"High=315, Low=0",BSAM,0.55,0.5,3
high,315,1.0,0.5016,119.3774,"High=315, Low=0",DILA,0.55,0.5,3
high,315,1.0,0.7524,105.6498,"High=315, Low=0",Control,0.55,0.75,3
high,315,0.9958,0.7492,95.8336,"High=315, Low=0",DIR,0.55,0.75,3
high,315,0.9958,0.7492,108.8564,"High=315, Low=0",BSAM,0.55,0.75,3
high,315,1.0,0.7524,119.3774,"High=315, Low=0",DILA,0.55,0.75,3
high,315,0.9619,0.9619,105.6498,"High=315, Low=0",Control,0.55,1.0,3
high,315,0.9619,0.9619,95.8336,"High=315, Low=0",DIR,0.55,1.0,3
high,315,0.9492,0.9492,108.8564,"High=315, Low=0",BSAM,0.55,1.0,3
high,315,0.9619,0.9619,119.3774,"High=315, Low=0",DILA,0.55,1.0,3
high,315,0.7995,1.0,105.6498,"High=315, Low=0",Control,0.55,1.25,3
high,315,0.7995,1.0,95.8336,"High=315, Low=0",DIR,0.55,1.25,3
high,315,0.7919,0.9905,108.8564,"High=315, Low=0",BSAM,0.55,1.25,3
high,315,0.797,0.9968,119.3774,"High=315, Low=0",DILA,0.55,1.25,3
high,315,0.666,1.0,105.6498,"High=315, Low=0",Control,0.55,1.5,3
high,315,0.666,1.0,95.8336,"High=315, Low=0",DIR,0.55,1.5,3
high,315,0.6596,0.9905,108.8564,"High=315, Low=0",BSAM,0.55,1.5,3
high,315,0.666,1.0,119.3774,"High=315, Low=0",DILA,0.55,1.5,3
high,315,0.5707,1.0,105.6498,"High=315, Low=0",Control,0.55,1.75,3
high,315,0.5707,1.0,95.8336,"High=315, Low=0",DIR,0.55,1.75,3
high,315,0.5652,0.9905,108.8564,"High=315, Low=0",BSAM,0.55,1.75,3
high,315,0.5707,1.0,119.3774,"High=315, Low=0",DILA,0.55,1.75,3
high,315,0.5,1.0,105.6498,"High=315, Low=0",Control,0.55,2.0,3
high,315,0.5,1.0,95.8336,"High=315, Low=0",DIR,0.55,2.0,3
high,315,0.4952,0.9905,108.8564,"High=315, Low=0",BSAM,0.55,2.0,3
high,315,0.5,1.0,119.3774,"High=315, Low=0",DILA,0.55,2.0,3
high,315,0.4443,1.0,105.6498,"High=315, Low=0",Control,0.55,2.25,3
high,315,0.4443,1.0,95.8336,"High=315, Low=0",DIR,0.55,2.25,3
high,315,0.4401,0.9905,108.8564,"High=315, Low=0",BSAM,0.55,2.25,3
high,315,0.4443,1.0,119.3774,"High=315, Low=0",DILA,0.55,2.25,3
high,315,0.3997,1.0,105.6498,"High=315, Low=0",Control,0.55,2.5,3
high,315,0.3997,1.0,95.8336,"High=315, Low=0",DIR,0.55,2.5,3
high,315,0.3997,1.0,108.8564,"High=315, Low=0",BSAM,0.55,2.5,3
high,315,0.3997,1.0,119.3774,"High=315, Low=0",DILA,0.55,2.5,3
high,315,0.3633,1.0,105.6498,"High=315, Low=0",Control,0.55,2.75,3
high,315,0.3633,1.0,95.8336,"High=315, Low=0",DIR,0.55,2.75,3
high,315,0.3633,1.0,108.8564,"High=315, Low=0",BSAM,0.55,2.75,3
high,315,0.3633,1.0,119.3774,"High=315, Low=0",DILA,0.55,2.75,3
high,315,0.3333,1.0,105.6498,"High=315, Low=0",Control,0.55,3.0,3
high,315,0.3333,1.0,95.8336,"High=315, Low=0",DIR,0.55,3.0,3
high,315,0.3333,1.0,108.8564,"High=315, Low=0",BSAM,0.55,3.0,3
high,315,0.3333,1.0,119.3774,"High=315, Low=0",DILA,0.55,3.0,3
high,290,1.0,0.5,110.0607,"High=290, Low=0",Control,0.6,0.5,3
high,290,1.0,0.5,98.5428,"High=290, Low=0",DIR,0.6,0.5,3
high,290,1.0,0.5,112.044,"High=290, Low=0",BSAM,0.6,0.5,3
high,290,1.0,0.5,123.1013,"High=290, Low=0",DILA,0.6,0.5,3
high,290,1.0,0.7517,110.0607,"High=290, Low=0",Control,0.6,0.75,3
high,290,0.9954,0.7483,98.5428,"High=290, Low=0",DIR,0.6,0.75,3
high,290,0.9954,0.7483,112.044,"High=290, Low=0",BSAM,0.6,0.75,3
high,290,0.9954,0.7483,123.1013,"High=290, Low=0",DILA,0.6,0.75,3
high,290,0.969,0.969,110.0607,"High=290, Low=0",Control,0.6,1.0,3
high,290,0.9552,0.9552,98.5428,"High=290, Low=0",DIR,0.6,1.0,3
high,290,0.969,0.969,112.044,"High=290, Low=0",BSAM,0.6,1.0,3
high,290,0.9483,0.9483,123.1013,"High=290, Low=0",DILA,0.6,1.0,3
high,290,0.7989,1.0,110.0607,"High=290, Low=0",Control,0.6,1.25,3
high,290,0.7989,1.0,98.5428,"High=290, Low=0",DIR,0.6,1.25,3
high,290,0.7934,0.9931,112.044,"High=290, Low=0",BSAM,0.6,1.25,3
high,290,0.7989,1.0,123.1013,"High=290, Low=0",DILA,0.6,1.25,3
high,290,0.6667,1.0,110.0607,"High=290, Low=0",Control,0.6,1.5,3
high,290,0.6667,1.0,98.5428,"High=290, Low=0",DIR,0.6,1.5,3
high,290,0.6621,0.9931,112.044,"High=290, Low=0",BSAM,0.6,1.5,3
high,290,0.6667,1.0,123.1013,"High=290, Low=0",DILA,0.6,1.5,3
high,290,0.5709,1.0,110.0607,"High=290, Low=0",Control,0.6,1.75,3
high,290,0.5709,1.0,98.5428,"High=290, Low=0",DIR,0.6,1.75,3
high,290,0.5669,0.9931,112.044,"High=290, Low=0",BSAM,0.6,1.75,3
high,290,0.5709,1.0,123.1013,"High=290, Low=0",DILA,0.6,1.75,3
high,290,0.5,1.0,110.0607,"High=290, Low=0",Control,0.6,2.0,3
high,290,0.5,1.0,98.5428,"High=290, Low=0",DIR,0.6,2.0,3
high,290,0.4966,0.9931,112.044,"High=290, Low=0",BSAM,0.6,2.0,3
high,290,0.5,1.0,123.1013,"High=290, Low=0",DILA,0.6,2.0,3
high,290,0.4441,1.0,110.0607,"High=290, Low=0",Control,0.6,2.25,3
high,290,0.4441,1.0,98.5428,"High=290, Low=0",DIR,0.6,2.25,3
high,290,0.441,0.9931,112.044,"High=290, Low=0",BSAM,0.6,2.25,3
high,290,0.4441,1.0,123.1013,"High=290, Low=0",DILA,0.6,2.25,3
high,290,0.4,1.0,110.0607,"High=290, Low=0",Control,0.6,2.5,3
high,290,0.4,1.0,98.5428,"High=290, Low=0",DIR,0.6,2.5,3
high,290,0.3986,0.9966,112.044,"High=290, Low=0",BSAM,0.6,2.5,3
high,290,0.4,1.0,123.1013,"High=290, Low=0",DILA,0.6,2.5,3
high,290,0.3634,1.0,110.0607,"High=290, Low=0",Control,0.6,2.75,3
high,290,0.3634,1.0,98.5428,"High=290, Low=0",DIR,0.6,2.75,3
high,290,0.3634,1.0,112.044,"High=290, Low=0",BSAM,0.6,2.75,3
high,290,0.3634,1.0,123.1013,"High=290, Low=0",DILA,0.6,2.75,3
high,290,0.3333,1.0,110.0607,"High=290, Low=0",Control,0.6,3.0,3
high,290,0.3333,1.0,98.5428,"High=290, Low=0",DIR,0.6,3.0,3
high,290,0.3333,1.0,112.044,"High=290, Low=0",BSAM,0.6,3.0,3
high,290,0.3333,1.0,123.1013,"High=290, Low=0",DILA,0.6,3.0,3
high,285,1.0,0.5018,110.496,"High=285, Low=0",Control,0.65,0.5,3
high,285,1.0,0.5018,98.9334,"High=285, Low=0",DIR,0.65,0.5,3
high,285,1.0,0.5018,112.3438,"High=285, Low=0",BSAM,0.65,0.5,3
high,285,1.0,0.5018,124.9962,"High=285, Low=0",DILA,0.65,0.5,3
high,285,1.0,0.7509,110.496,"High=285, Low=0",Control,0.65,0.75,3
high,285,1.0,0.7509,98.9334,"High=285, Low=0",DIR,0.65,0.75,3
high,285,0.9953,0.7474,112.3438,"High=285, Low=0",BSAM,0.65,0.75,3
high,285,0.9953,0.7474,124.9962,"High=285, Low=0",DILA,0.65,0.75,3
high,285,0.9544,0.9544,110.496,"High=285, Low=0",Control,0.65,1.0,3
high,285,0.9474,0.9474,98.9334,"High=285, Low=0",DIR,0.65,1.0,3
high,285,0.9579,0.9579,112.3438,"High=285, Low=0",BSAM,0.65,1.0,3
high,285,0.9439,0.9439,124.9962,"High=285, Low=0",DILA,0.65,1.0,3
high,285,0.7983,1.0,110.496,"High=285, Low=0",Control,0.65,1.25,3
high,285,0.7983,1.0,98.9334,"High=285, Low=0",DIR,0.65,1.25,3
high,285,0.7927,0.993,112.3438,"High=285, Low=0",BSAM,0.65,1.25,3
high,285,0.7983,1.0,124.9962,"High=285, Low=0",DILA,0.65,1.25,3
high,285,0.6659,1.0,110.496,"High=285, Low=0",Control,0.65,1.5,3
high,285,0.6659,1.0,98.9334,"High=285, Low=0",DIR,0.65,1.5,3
high,285,0.6612,0.993,112.3438,"High=285, Low=0",BSAM,0.65,1.5,3
high,285,0.6659,1.0,124.9962,"High=285, Low=0",DILA,0.65,1.5,3
high,285,0.5711,1.0,110.496,"High=285, Low=0",Control,0.65,1.75,3
high,285,0.5711,1.0,98.9334,"High=285, Low=0",DIR,0.65,1.75,3
high,285,0.5671,0.993,112.3438,"High=285, Low=0",BSAM,0.65,1.75,3
high,285,0.5711,1.0,124.9962,"High=285, Low=0",DILA,0.65,1.75,3
high,285,0.5,1.0,110.496,"High=285, Low=0",Control,0.65,2.0,3
high,285,0.5,1.0,98.9334,"High=285, Low=0",DIR,0.65,2.0,3
high,285,0.4965,0.993,112.3438,"High=285, Low=0",BSAM,0.65,2.0,3
high,285,0.5,1.0,124.9962,"High=285, Low=0",DILA,0.65,2.0,3
high,285,0.4439,1.0,110.496,"High=285, Low=0",Control,0.65,2.25,3
high,285,0.4439,1.0,98.9334,"High=285, Low=0",DIR,0.65,2.25,3
high,285,0.4408,0.993,112.3438,"High=285, Low=0",BSAM,0.65,2.25,3
high,285,0.4439,1.0,124.9962,"High=285, Low=0",DILA,0.65,2.25,3
high,285,0.3997,1.0,110.496,"High=285, Low=0",Control,0.65,2.5,3
high,285,0.3997,1.0,98.9334,"High=285, Low=0",DIR,0.65,2.5,3
high,285,0.3969,0.993,112.3438,"High=285, Low=0",BSAM,0.65,2.5,3
high,285,0.3997,1.0,124.9962,"High=285, Low=0",DILA,0.65,2.5,3
high,285,0.3635,1.0,110.496,"High=285, Low=0",Control,0.65,2.75,3
high,285,0.3635,1.0,98.9334,"High=285, Low=0",DIR,0.65,2.75,3
high,285,0.3622,0.9965,112.3438,"High=285, Low=0",BSAM,0.65,2.75,3
high,285,0.3635,1.0,124.9962,"High=285, Low=0",DILA,0.65,2.75,3
high,285,0.3333,1.0,110.496,"High=285, Low=0",Control,0.65,3.0,3
high,285,0.3333,1.0,98.9334,"High=285, Low=0",DIR,0.65,3.0,3
high,285,0.3333,1.0,112.3438,"High=285, Low=0",BSAM,0.65,3.0,3
high,285,0.3333,1.0,124.9962,"High=285, Low=0",DILA,0.65,3.0,3
high,270,1.0,0.5,113.9698,"High=270, Low=0",Control,0.7,0.5,3
high,270,1.0,0.5,99.0819,"High=270, Low=0",DIR,0.7,0.5,3
high,270,1.0,0.5,111.9646,"High=270, Low=0",BSAM,0.7,0.5,3
high,270,1.0,0.5,126.3626,"High=270, Low=0",DILA,0.7,0.5,3
high,270,1.0,0.7519,113.9698,"High=270, Low=0",Control,0.7,0.75,3
high,270,1.0,0.7519,99.0819,"High=270, Low=0",DIR,0.7,0.75,3
high,270,0.9901,0.7444,111.9646,"High=270, Low=0",BSAM,0.7,0.75,3
high,270,0.9852,0.7407,126.3626,"High=270, Low=0",DILA,0.7,0.75,3
high,270,0.9333,0.9333,113.9698,"High=270, Low=0",Control,0.7,1.0,3
high,270,0.9148,0.9148,99.0819,"High=270, Low=0",DIR,0.7,1.0,3
high,270,0.9519,0.9519,111.9646,"High=270, Low=0",BSAM,0.7,1.0,3
high,270,0.9185,0.9185,126.3626,"High=270, Low=0",DILA,0.7,1.0,3
high,270,0.7988,1.0,113.9698,"High=270, Low=0",Control,0.7,1.25,3
high,270,0.7988,1.0,99.0819,"High=270, Low=0",DIR,0.7,1.25,3
high,270,0.7988,1.0,111.9646,"High=270, Low=0",BSAM,0.7,1.25,3
high,270,0.7988,1.0,126.3626,"High=270, Low=0",DILA,0.7,1.25,3
high,270,0.6667,1.0,113.9698,"High=270, Low=0",Control,0.7,1.5,3
high,270,0.6667,1.0,99.0819,"High=270, Low=0",DIR,0.7,1.5,3
high,270,0.6667,1.0,111.9646,"High=270, Low=0",BSAM,0.7,1.5,3
high,270,0.6667,1.0,126.3626,"High=270, Low=0",DILA,0.7,1.5,3
high,270,0.5708,1.0,113.9698,"High=270, Low=0",Control,0.7,1.75,3
high,270,0.5708,1.0,99.0819,"High=270, Low=0",DIR,0.7,1.75,3
high,270,0.5708,1.0,111.9646,"High=270, Low=0",BSAM,0.7,1.75,3
high,270,0.5708,1.0,126.3626,"High=270, Low=0",DILA,0.7,1.75,3
high,270,0.5,1.0,113.9698,"High=270, Low=0",Control,0.7,2.0,3
high,270,0.5,1.0,99.0819,"High=270, Low=0",DIR,0.7,2.0,3
high,270,0.5,1.0,111.9646,"High=270, Low=0",BSAM,0.7,2.0,3
high,270,0.5,1.0,126.3626,"High=270, Low=0",DILA,0.7,2.0,3
high,270,0.4441,1.0,113.9698,"High=270, Low=0",Control,0.7,2.25,3
high,270,0.4441,1.0,99.0819,"High=270, Low=0",DIR,0.7,2.25,3
high,270,0.4441,1.0,111.9646,"High=270, Low=0",BSAM,0.7,2.25,3
high,270,0.4441,1.0,126.3626,"High=270, Low=0",DILA,0.7,2.25,3
high,270,0.4,1.0,113.9698,"High=270, Low=0",Control,0.7,2.5,3
high,270,0.4,1.0,99.0819,"High=270, Low=0",DIR,0.7,2.5,3
high,270,0.4,1.0,111.9646,"High=270, Low=0",BSAM,0.7,2.5,3
high,270,0.4,1.0,126.3626,"High=270, Low=0",DILA,0.7,2.5,3
high,270,0.3634,1.0,113.9698,"High=270, Low=0",Control,0.7,2.75,3
high,270,0.3634,1.0,99.0819,"High=270, Low=0",DIR,0.7,2.75,3
high,270,0.3634,1.0,111.9646,"High=270, Low=0",BSAM,0.7,2.75,3
high,270,0.3634,1.0,126.3626,"High=270, Low=0",DILA,0.7,2.75,3
high,270,0.3333,1.0,113.9698,"High=270, Low=0",Control,0.7,3.0,3
high,270,0.3333,1.0,99.0819,"High=270, Low=0",DIR,0.7,3.0,3
high,270,0.3333,1.0,111.9646,"High=270, Low=0",BSAM,0.7,3.0,3
high,270,0.3333,1.0,126.3626,"High=270, Low=0",DILA,0.7,3.0,3
high,260,1.0,0.5,117.1742,"High=260, Low=0",Control,0.75,0.5,3
high,260,1.0,0.5,101.7122,"High=260, Low=0",DIR,0.75,0.5,3
high,260,1.0,0.5,114.9759,"High=260, Low=0",BSAM,0.75,0.5,3
high,260,1.0,0.5,129.3982,"High=260, Low=0",DILA,0.75,0.5,3
high,260,1.0,0.75,117.1742,"High=260, Low=0",Control,0.75,0.75,3
high,260,1.0,0.75,101.7122,"High=260, Low=0",DIR,0.75,0.75,3
high,260,1.0,0.75,114.9759,"High=260, Low=0",BSAM,0.75,0.75,3
high,260,0.9897,0.7423,129.3982,"High=260, Low=0",DILA,0.75,0.75,3
high,260,0.9385,0.9385,117.1742,"High=260, Low=0",Control,0.75,1.0,3
high,260,0.9192,0.9192,101.7122,"High=260, Low=0",DIR,0.75,1.0,3
high,260,0.9462,0.9462,114.9759,"High=260, Low=0",BSAM,0.75,1.0,3
high,260,0.9346,0.9346,129.3982,"High=260, Low=0",DILA,0.75,1.0,3
high,260,0.7938,0.9923,117.1742,"High=260, Low=0",Control,0.75,1.25,3
high,260,0.8,1.0,101.7122,"High=260, Low=0",DIR,0.75,1.25,3
high,260,0.8,1.0,114.9759,"High=260, Low=0",BSAM,0.75,1.25,3
high,260,0.7938,0.9923,129.3982,"High=260, Low=0",DILA,0.75,1.25,3
high,260,0.6667,1.0,117.1742,"High=260, Low=0",Control,0.75,1.5,3
high,260,0.6667,1.0,101.7122,"High=260, Low=0",DIR,0.75,1.5,3
high,260,0.6667,1.0,114.9759,"High=260, Low=0",BSAM,0.75,1.5,3
high,260,0.6667,1.0,129.3982,"High=260, Low=0",DILA,0.75,1.5,3
high,260,0.5714,1.0,117.1742,"High=260, Low=0",Control,0.75,1.75,3
high,260,0.5714,1.0,101.7122,"High=260, Low=0",DIR,0.75,1.75,3
high,260,0.5714,1.0,114.9759,"High=260, Low=0",BSAM,0.75,1.75,3
high,260,0.5714,1.0,129.3982,"High=260, Low=0",DILA,0.75,1.75,3
high,260,0.5,1.0,117.1742,"High=260, Low=0",Control,0.75,2.0,3
high,260,0.5,1.0,101.7122,"High=260, Low=0",DIR,0.75,2.0,3
high,260,0.5,1.0,114.9759,"High=260, Low=0",BSAM,0.75,2.0,3
high,260,0.5,1.0,129.3982,"High=260, Low=0",DILA,0.75,2.0,3
high,260,0.4444,1.0,117.1742,"High=260, Low=0",Control,0.75,2.25,3
high,260,0.4444,1.0,101.7122,"High=260, Low=0",DIR,0.75,2.25,3
high,260,0.4444,1.0,114.9759,"High=260, Low=0",BSAM,0.75,2.25,3
high,260,0.4444,1.0,129.3982,"High=260, Low=0",DILA,0.75,2.25,3
high,260,0.4,1.0,117.1742,"High=260, Low=0",Control,0.75,2.5,3
high,260,0.4,1.0,101.7122,"High=260, Low=0",DIR,0.75,2.5,3
high,260,0.4,1.0,114.9759,"High=260, Low=0",BSAM,0.75,2.5,3
high,260,0.4,1.0,129.3982,"High=260, Low=0",DILA,0.75,2.5,3
high,260,0.3636,1.0,117.1742,"High=260, Low=0",Control,0.75,2.75,3
high,260,0.3636,1.0,101.7122,"High=260, Low=0",DIR,0.75,2.75,3
high,260,0.3636,1.0,114.9759,"High=260, Low=0",BSAM,0.75,2.75,3
high,260,0.3636,1.0,129.3982,"High=260, Low=0",DILA,0.75,2.75,3
high,260,0.3333,1.0,117.1742,"High=260, Low=0",Control,0.75,3.0,3
high,260,0.3333,1.0,101.7122,"High=260, Low=0",DIR,0.75,3.0,3
high,260,0.3333,1.0,114.9759,"High=260, Low=0",BSAM,0.75,3.0,3
high,260,0.3333,1.0,129.3982,"High=260, Low=0",DILA,0.75,3.0,3
high,240,1.0,0.5,122.2023,"High=240, Low=0",Control,0.8,0.5,3
high,240,1.0,0.5,104.0144,"High=240, Low=0",DIR,0.8,0.5,3
high,240,1.0,0.5,118.7431,"High=240, Low=0",BSAM,0.8,0.5,3
high,240,1.0,0.5,131.7942,"High=240, Low=0",DILA,0.8,0.5,3
high,240,1.0,0.75,122.2023,"High=240, Low=0",Control,0.8,0.75,3
high,240,1.0,0.75,104.0144,"High=240, Low=0",DIR,0.8,0.75,3
high,240,0.9944,0.7458,118.7431,"High=240, Low=0",BSAM,0.8,0.75,3
high,240,0.9833,0.7375,131.7942,"High=240, Low=0",DILA,0.8,0.75,3
high,240,0.9167,0.9167,122.2023,"High=240, Low=0",Control,0.8,1.0,3
high,240,0.8958,0.8958,104.0144,"High=240, Low=0",DIR,0.8,1.0,3
high,240,0.9208,0.9208,118.7431,"High=240, Low=0",BSAM,0.8,1.0,3
high,240,0.9125,0.9125,131.7942,"High=240, Low=0",DILA,0.8,1.0,3
high,240,0.78,0.975,122.2023,"High=240, Low=0",Control,0.8,1.25,3
high,240,0.7867,0.9833,104.0144,"High=240, Low=0",DIR,0.8,1.25,3
high,240,0.7967,0.9958,118.7431,"High=240, Low=0",BSAM,0.8,1.25,3
high,240,0.7833,0.9792,131.7942,"High=240, Low=0",DILA,0.8,1.25,3
high,240,0.6667,1.0,122.2023,"High=240, Low=0",Control,0.8,1.5,3
high,240,0.6667,1.0,104.0144,"High=240, Low=0",DIR,0.8,1.5,3
high,240,0.6667,1.0,118.7431,"High=240, Low=0",BSAM,0.8,1.5,3
high,240,0.6667,1.0,131.7942,"High=240, Low=0",DILA,0.8,1.5,3
high,240,0.5714,1.0,122.2023,"High=240, Low=0",Control,0.8,1.75,3
high,240,0.5714,1.0,104.0144,"High=240, Low=0",DIR,0.8,1.75,3
high,240,0.5714,1.0,118.7431,"High=240, Low=0",BSAM,0.8,1.75,3
high,240,0.5714,1.0,131.7942,"High=240, Low=0",DILA,0.8,1.75,3
high,240,0.5,1.0,122.2023,"High=240, Low=0",Control,0.8,2.0,3
high,240,0.5,1.0,104.0144,"High=240, Low=0",DIR,0.8,2.0,3
high,240,0.5,1.0,118.7431,"High=240, Low=0",BSAM,0.8,2.0,3
high,240,0.5,1.0,131.7942,"High=240, Low=0",DILA,0.8,2.0,3
high,240,0.4444,1.0,122.2023,"High=240, Low=0",Control,0.8,2.25,3
high,240,0.4444,1.0,104.0144,"High=240, Low=0",DIR,0.8,2.25,3
high,240,0.4444,1.0,118.7431,"High=240, Low=0",BSAM,0.8,2.25,3
high,240,0.4444,1.0,131.7942,"High=240, Low=0",DILA,0.8,2.25,3
high,240,0.4,1.0,122.2023,"High=240, Low=0",Control,0.8,2.5,3
high,240,0.4,1.0,104.0144,"High=240, Low=0",DIR,0.8,2.5,3
high,240,0.4,1.0,118.7431,"High=240, Low=0",BSAM,0.8,2.5,3
high,240,0.4,1.0,131.7942,"High=240, Low=0",DILA,0.8,2.5,3
high,240,0.3636,1.0,122.2023,"High=240, Low=0",Control,0.8,2.75,3
high,240,0.3636,1.0,104.0144,"High=240, Low=0",DIR,0.8,2.75,3
high,240,0.3636,1.0,118.7431,"High=240, Low=0",BSAM,0.8,2.75,3
high,240,0.3636,1.0,131.7942,"High=240, Low=0",DILA,0.8,2.75,3
high,240,0.3333,1.0,122.2023,"High=240, Low=0",Control,0.8,3.0,3
high,240,0.3333,1.0,104.0144,"High=240, Low=0",DIR,0.8,3.0,3
high,240,0.3333,1.0,118.7431,"High=240, Low=0",BSAM,0.8,3.0,3
high,240,0.3333,1.0,131.7942,"High=240, Low=0",DILA,0.8,3.0,3
high,210,1.0,0.5,121.3199,"High=210, Low=0",Control,0.8500000000000001,0.5,3
high,210,1.0,0.5,102.2719,"High=210, Low=0",DIR,0.8500000000000001,0.5,3
high,210,1.0,0.5,121.0016,"High=210, Low=0",BSAM,0.8500000000000001,0.5,3
high,210,1.0,0.5,131.6062,"High=210, Low=0",DILA,0.8500000000000001,0.5,3
high,210,0.9684,0.7286,121.3199,"High=210, Low=0",Control,0.8500000000000001,0.75,3
high,210,0.9873,0.7429,102.2719,"High=210, Low=0",DIR,0.8500000000000001,0.75,3
high,210,0.9747,0.7333,121.0016,"High=210, Low=0",BSAM,0.8500000000000001,0.75,3
high,210,0.9684,0.7286,131.6062,"High=210, Low=0",DILA,0.8500000000000001,0.75,3
high,210,0.919,0.919,121.3199,"High=210, Low=0",Control,0.8500000000000001,1.0,3
high,210,0.9095,0.9095,102.2719,"High=210, Low=0",DIR,0.8500000000000001,1.0,3
high,210,0.9143,0.9143,121.0016,"High=210, Low=0",BSAM,0.8500000000000001,1.0,3
high,210,0.9048,0.9048,131.6062,"High=210, Low=0",DILA,0.8500000000000001,1.0,3
high,210,0.7985,1.0,121.3199,"High=210, Low=0",Control,0.8500000000000001,1.25,3
high,210,0.7795,0.9762,102.2719,"High=210, Low=0",DIR,0.8500000000000001,1.25,3
high,210,0.7985,1.0,121.0016,"High=210, Low=0",BSAM,0.8500000000000001,1.25,3
high,210,0.7985,1.0,131.6062,"High=210, Low=0",DILA,0.8500000000000001,1.25,3
high,210,0.6667,1.0,121.3199,"High=210, Low=0",Control,0.8500000000000001,1.5,3
high,210,0.6667,1.0,102.2719,"High=210, Low=0",DIR,0.8500000000000001,1.5,3
high,210,0.6667,1.0,121.0016,"High=210, Low=0",BSAM,0.8500000000000001,1.5,3
high,210,0.6667,1.0,131.6062,"High=210, Low=0",DILA,0.8500000000000001,1.5,3
high,210,0.5707,1.0,121.3199,"High=210, Low=0",Control,0.8500000000000001,1.75,3
high,210,0.5707,1.0,102.2719,"High=210, Low=0",DIR,0.8500000000000001,1.75,3
high,210,0.5707,1.0,121.0016,"High=210, Low=0",BSAM,0.8500000000000001,1.75,3
high,210,0.5707,1.0,131.6062,"High=210, Low=0",DILA,0.8500000000000001,1.75,3
high,210,0.5,1.0,121.3199,"High=210, Low=0",Control,0.8500000000000001,2.0,3
high,210,0.5,1.0,102.2719,"High=210, Low=0",DIR,0.8500000000000001,2.0,3
high,210,0.5,1.0,121.0016,"High=210, Low=0",BSAM,0.8500000000000001,2.0,3
high,210,0.5,1.0,131.6062,"High=210, Low=0",DILA,0.8500000000000001,2.0,3
high,210,0.444,1.0,121.3199,"High=210, Low=0",Control,0.8500000000000001,2.25,3
high,210,0.444,1.0,102.2719,"High=210, Low=0",DIR,0.8500000000000001,2.25,3
high,210,0.444,1.0,121.0016,"High=210, Low=0",BSAM,0.8500000000000001,2.25,3
high,210,0.444,1.0,131.6062,"High=210, Low=0",DILA,0.8500000000000001,2.25,3
high,210,0.4,1.0,121.3199,"High=210, Low=0",Control,0.8500000000000001,2.5,3
high,210,0.4,1.0,102.2719,"High=210, Low=0",DIR,0.8500000000000001,2.5,3
high,210,0.4,1.0,121.0016,"High=210, Low=0",BSAM,0.8500000000000001,2.5,3
high,210,0.4,1.0,131.6062,"High=210, Low=0",DILA,0.8500000000000001,2.5,3
high,210,0.3633,1.0,121.3199,"High=210, Low=0",Control,0.8500000000000001,2.75,3
high,210,0.3633,1.0,102.2719,"High=210, Low=0",DIR,0.8500000000000001,2.75,3
high,210,0.3633,1.0,121.0016,"High=210, Low=0",BSAM,0.8500000000000001,2.75,3
high,210,0.3633,1.0,131.6062,"High=210, Low=0",DILA,0.8500000000000001,2.75,3
high,210,0.3333,1.0,121.3199,"High=210, Low=0",Control,0.8500000000000001,3.0,3
high,210,0.3333,1.0,102.2719,"High=210, Low=0",DIR,0.8500000000000001,3.0,3
high,210,0.3333,1.0,121.0016,"High=210, Low=0",BSAM,0.8500000000000001,3.0,3
high,210,0.3333,1.0,131.6062,"High=210, Low=0",DILA,0.8500000000000001,3.0,3
high,90,0.9778,0.4889,92.2733,"High=90, Low=0",Control,0.9,0.5,3
high,90,1.0,0.5,83.8151,"High=90, Low=0",DIR,0.9,0.5,3
high,90,0.9111,0.4556,89.6185,"High=90, Low=0",BSAM,0.9,0.5,3
high,90,0.9333,0.4667,87.7294,"High=90, Low=0",DILA,0.9,0.5,3
high,90,0.7941,0.6,92.2733,"High=90, Low=0",Control,0.9,0.75,3
high,90,0.9559,0.7222,83.8151,"High=90, Low=0",DIR,0.9,0.75,3
high,90,0.7353,0.5556,89.6185,"High=90, Low=0",BSAM,0.9,0.75,3
high,90,0.8235,0.6222,87.7294,"High=90, Low=0",DILA,0.9,0.75,3
high,90,0.7,0.7,92.2733,"High=90, Low=0",Control,0.9,1.0,3
high,90,0.7667,0.7667,83.8151,"High=90, Low=0",DIR,0.9,1.0,3
high,90,0.7222,0.7222,89.6185,"High=90, Low=0",BSAM,0.9,1.0,3
high,90,0.7222,0.7222,87.7294,"High=90, Low=0",DILA,0.9,1.0,3
high,90,0.646,0.8111,92.2733,"High=90, Low=0",Control,0.9,1.25,3
high,90,0.6814,0.8556,83.8151,"High=90, Low=0",DIR,0.9,1.25,3
high,90,0.6726,0.8444,89.6185,"High=90, Low=0",BSAM,0.9,1.25,3
high,90,0.5752,0.7222,87.7294,"High=90, Low=0",DILA,0.9,1.25,3
high,90,0.6296,0.9444,92.2733,"High=90, Low=0",Control,0.9,1.5,3
high,90,0.6444,0.9667,83.8151,"High=90, Low=0",DIR,0.9,1.5,3
high,90,0.6519,0.9778,89.6185,"High=90, Low=0",BSAM,0.9,1.5,3
high,90,0.6148,0.9222,87.7294,"High=90, Low=0",DILA,0.9,1.5,3
high,90,0.5633,0.9889,92.2733,"High=90, Low=0",Control,0.9,1.75,3
high,90,0.5633,0.9889,83.8151,"High=90, Low=0",DIR,0.9,1.75,3
high,90,0.5696,1.0,89.6185,"High=90, Low=0",BSAM,0.9,1.75,3
high,90,0.557,0.9778,87.7294,"High=90, Low=0",DILA,0.9,1.75,3
high,90,0.4944,0.9889,92.2733,"High=90, Low=0",Control,0.9,2.0,3
high,90,0.4944,0.9889,83.8151,"High=90, Low=0",DIR,0.9,2.0,3
high,90,0.5,1.0,89.6185,"High=90, Low=0",BSAM,0.9,2.0,3
high,90,0.4944,0.9889,87.7294,"High=90, Low=0",DILA,0.9,2.0,3
high,90,0.4433,1.0,92.2733,"High=90, Low=0",Control,0.9,2.25,3
high,90,0.4433,1.0,83.8151,"High=90, Low=0",DIR,0.9,2.25,3
high,90,0.4433,1.0,89.6185,"High=90, Low=0",BSAM,0.9,2.25,3
high,90,0.4433,1.0,87.7294,"High=90, Low=0",DILA,0.9,2.25,3
high,90,0.4,1.0,92.2733,"High=90, Low=0",Control,0.9,2.5,3
high,90,0.4,1.0,83.8151,"High=90, Low=0",DIR,0.9,2.5,3
high,90,0.4,1.0,89.6185,"High=90, Low=0",BSAM,0.9,2.5,3
high,90,0.4,1.0,87.7294,"High=90, Low=0",DILA,0.9,2.5,3
high,90,0.3629,1.0,92.2733,"High=90, Low=0",Control,0.9,2.75,3
high,90,0.3629,1.0,83.8151,"High=90, Low=0",DIR,0.9,2.75,3
high,90,0.3629,1.0,89.6185,"High=90, Low=0",BSAM,0.9,2.75,3
high,90,0.3629,1.0,87.7294,"High=90, Low=0",DILA,0.9,2.75,3
high,90,0.3333,1.0,92.2733,"High=90, Low=0",Control,0.9,3.0,3
high,90,0.3333,1.0,83.8151,"High=90, Low=0",DIR,0.9,3.0,3
high,90,0.3333,1.0,89.6185,"High=90, Low=0",BSAM,0.9,3.0,3
high,90,0.3333,1.0,87.7294,"High=90, Low=0",DILA,0.9,3.0,3
high,175,1.0,0.5029,125.5029,"High=175, Low=45",Control,0.5,0.5,4
high,175,1.0,0.5029,130.038,"High=175, Low=45",DIR,0.5,0.5,4
high,175,0.9773,0.4914,133.6392,"High=175, Low=45",BSAM,0.5,0.5,4
high,175,1.0,0.5029,138.2395,"High=175, Low=45",DILA,0.5,0.5,4
high,175,0.9318,0.7029,125.5029,"High=175, Low=45",Control,0.5,0.75,4
high,175,0.9167,0.6914,130.038,"High=175, Low=45",DIR,0.5,0.75,4
high,175,0.9242,0.6971,133.6392,"High=175, Low=45",BSAM,0.5,0.75,4
high,175,0.9242,0.6971,138.2395,"High=175, Low=45",DILA,0.5,0.75,4
high,175,0.8229,0.8229,125.5029,"High=175, Low=45",Control,0.5,1.0,4
high,175,0.7886,0.7886,130.038,"High=175, Low=45",DIR,0.5,1.0,4
high,175,0.8286,0.8286,133.6392,"High=175, Low=45",BSAM,0.5,1.0,4
high,175,0.7943,0.7943,138.2395,"High=175, Low=45",DILA,0.5,1.0,4
high,175,0.7078,0.8857,125.5029,"High=175, Low=45",Control,0.5,1.25,4
high,175,0.6941,0.8686,130.038,"High=175, Low=45",DIR,0.5,1.25,4
high,175,0.7306,0.9143,133.6392,"High=175, Low=45",BSAM,0.5,1.25,4
high,175,0.6849,0.8571,138.2395,"High=175, Low=45",DILA,0.5,1.25,4
high,175,0.6198,0.9314,125.5029,"High=175, Low=45",Control,0.5,1.5,4
high,175,0.6236,0.9371,130.038,"High=175, Low=45",DIR,0.5,1.5,4
high,175,0.635,0.9543,133.6392,"High=175, Low=45",BSAM,0.5,1.5,4
high,175,0.6008,0.9029,138.2395,"High=175, Low=45",DILA,0.5,1.5,4
high,175,0.5668,0.9943,125.5029,"High=175, Low=45",Control,0.5,1.75,4
high,175,0.5603,0.9829,130.038,"High=175, Low=45",DIR,0.5,1.75,4
high,175,0.557,0.9771,133.6392,"High=175, Low=45",BSAM,0.5,1.75,4
high,175,0.5472,0.96,138.2395,"High=175, Low=45",DILA,0.5,1.75,4
high,175,0.5,1.0,125.5029,"High=175, Low=45",Control,0.5,2.0,4
high,175,0.4971,0.9943,130.038,"High=175, Low=45",DIR,0.5,2.0,4
high,175,0.5,1.0,133.6392,"High=175, Low=45",BSAM,0.5,2.0,4
high,175,0.4914,0.9829,138.2395,"High=175, Low=45",DILA,0.5,2.0,4
high,175,0.4442,1.0,125.5029,"High=175, Low=45",Control,0.5,2.25,4
high,175,0.4442,1.0,130.038,"High=175, Low=45",DIR,0.5,2.25,4
high,175,0.4442,1.0,133.6392,"High=175, Low=45",BSAM,0.5,2.25,4
high,175,0.4442,1.0,138.2395,"High=175, Low=45",DILA,0.5,2.25,4
high,175,0.3995,1.0,125.5029,"High=175, Low=45",Control,0.5,2.5,4
high,175,0.3995,1.0,130.038,"High=175, Low=45",DIR,0.5,2.5,4
high,175,0.3995,1.0,133.6392,"High=175, Low=45",BSAM,0.5,2.5,4
high,175,0.3995,1.0,138.2395,"High=175, Low=45",DILA,0.5,2.5,4
high,175,0.3631,1.0,125.5029,"High=175, Low=45",Control,0.5,2.75,4
high,175,0.3631,1.0,130.038,"High=175, Low=45",DIR,0.5,2.75,4
high,175,0.3631,1.0,133.6392,"High=175, Low=45",BSAM,0.5,2.75,4
high,175,0.3631,1.0,138.2395,"High=175, Low=45",DILA,0.5,2.75,4
high,175,0.3333,1.0,125.5029,"High=175, Low=45",Control,0.5,3.0,4
high,175,0.3333,1.0,130.038,"High=175, Low=45",DIR,0.5,3.0,4
high,175,0.3333,1.0,133.6392,"High=175, Low=45",BSAM,0.5,3.0,4
high,175,0.3333,1.0,138.2395,"High=175, Low=45",DILA,0.5,3.0,4
high,135,1.0,0.5037,149.1753,"High=135, Low=35",Control,0.55,0.5,4
high,135,1.0,0.5037,155.4702,"High=135, Low=35",DIR,0.55,0.5,4
high,135,1.0,0.5037,160.4562,"High=135, Low=35",BSAM,0.55,0.5,4
high,135,1.0,0.5037,164.7853,"High=135, Low=35",DILA,0.55,0.5,4
high,135,0.9216,0.6963,149.1753,"High=135, Low=35",Control,0.55,0.75,4
high,135,0.9216,0.6963,155.4702,"High=135, Low=35",DIR,0.55,0.75,4
high,135,0.9608,0.7259,160.4562,"High=135, Low=35",BSAM,0.55,0.75,4
high,135,0.951,0.7185,164.7853,"High=135, Low=35",DILA,0.55,0.75,4
high,135,0.7778,0.7778,149.1753,"High=135, Low=35",Control,0.55,1.0,4
high,135,0.7926,0.7926,155.4702,"High=135, Low=35",DIR,0.55,1.0,4
high,135,0.8519,0.8519,160.4562,"High=135, Low=35",BSAM,0.55,1.0,4
high,135,0.763,0.763,164.7853,"High=135, Low=35",DILA,0.55,1.0,4
high,135,0.6805,0.8519,149.1753,"High=135, Low=35",Control,0.55,1.25,4
high,135,0.6568,0.8222,155.4702,"High=135, Low=35",DIR,0.55,1.25,4
high,135,0.7041,0.8815,160.4562,"High=135, Low=35",BSAM,0.55,1.25,4
high,135,0.6391,0.8,164.7853,"High=135, Low=35",DILA,0.55,1.25,4
high,135,0.601,0.9037,149.1753,"High=135, Low=35",Control,0.55,1.5,4
high,135,0.5862,0.8815,155.4702,"High=135, Low=35",DIR,0.55,1.5,4
high,135,0.6305,0.9481,160.4562,"High=135, Low=35",BSAM,0.55,1.5,4
high,135,0.5862,0.8815,164.7853,"High=135, Low=35",DILA,0.55,1.5,4
high,135,0.5316,0.9333,149.1753,"High=135, Low=35",Control,0.55,1.75,4
high,135,0.5401,0.9481,155.4702,"High=135, Low=35",DIR,0.55,1.75,4
high,135,0.5485,0.963,160.4562,"High=135, Low=35",BSAM,0.55,1.75,4
high,135,0.519,0.9111,164.7853,"High=135, Low=35",DILA,0.55,1.75,4
high,135,0.4815,0.963,149.1753,"High=135, Low=35",Control,0.55,2.0,4
high,135,0.4778,0.9556,155.4702,"High=135, Low=35",DIR,0.55,2.0,4
high,135,0.4889,0.9778,160.4562,"High=135, Low=35",BSAM,0.55,2.0,4
high,135,0.4667,0.9333,164.7853,"High=135, Low=35",DILA,0.55,2.0,4
high,135,0.4408,0.9926,149.1753,"High=135, Low=35",Control,0.55,2.25,4
high,135,0.4375,0.9852,155.4702,"High=135, Low=35",DIR,0.55,2.25,4
high,135,0.4375,0.9852,160.4562,"High=135, Low=35",BSAM,0.55,2.25,4
high,135,0.4309,0.9704,164.7853,"High=135, Low=35",DILA,0.55,2.25,4
high,135,0.3994,1.0,149.1753,"High=135, Low=35",Control,0.55,2.5,4
high,135,0.3964,0.9926,155.4702,"High=135, Low=35",DIR,0.55,2.5,4
high,135,0.3964,0.9926,160.4562,"High=135, Low=35",BSAM,0.55,2.5,4
high,135,0.3905,0.9778,164.7853,"High=135, Low=35",DILA,0.55,2.5,4
high,135,0.3629,1.0,149.1753,"High=135, Low=35",Control,0.55,2.75,4
high,135,0.3602,0.9926,155.4702,"High=135, Low=35",DIR,0.55,2.75,4
high,135,0.3629,1.0,160.4562,"High=135, Low=35",BSAM,0.55,2.75,4
high,135,0.3629,1.0,164.7853,"High=135, Low=35",DILA,0.55,2.75,4
high,135,0.3333,1.0,149.1753,"High=135, Low=35",Control,0.55,3.0,4
high,135,0.3333,1.0,155.4702,"High=135, Low=35",DIR,0.55,3.0,4
high,135,0.3333,1.0,160.4562,"High=135, Low=35",BSAM,0.55,3.0,4
high,135,0.3333,1.0,164.7853,"High=135, Low=35",DILA,0.55,3.0,4
high,120,1.0,0.5,154.312,"High=120, Low=15",Control,0.6,0.5,4
high,120,1.0,0.5,161.6951,"High=120, Low=15",DIR,0.6,0.5,4
high,120,1.0,0.5,170.2322,"High=120, Low=15",BSAM,0.6,0.5,4
high,120,1.0,0.5,169.5773,"High=120, Low=15",DILA,0.6,0.5,4
high,120,1.0,0.75,154.312,"High=120, Low=15",Control,0.6,0.75,4
high,120,1.0,0.75,161.6951,"High=120, Low=15",DIR,0.6,0.75,4
high,120,0.9778,0.7333,170.2322,"High=120, Low=15",BSAM,0.6,0.75,4
high,120,1.0,0.75,169.5773,"High=120, Low=15",DILA,0.6,0.75,4
high,120,0.85,0.85,154.312,"High=120, Low=15",Control,0.6,1.0,4
high,120,0.8667,0.8667,161.6951,"High=120, Low=15",DIR,0.6,1.0,4
high,120,0.8917,0.8917,170.2322,"High=120, Low=15",BSAM,0.6,1.0,4
high,120,0.8333,0.8333,169.5773,"High=120, Low=15",DILA,0.6,1.0,4
high,120,0.7267,0.9083,154.312,"High=120, Low=15",Control,0.6,1.25,4
high,120,0.7267,0.9083,161.6951,"High=120, Low=15",DIR,0.6,1.25,4
high,120,0.7533,0.9417,170.2322,"High=120, Low=15",BSAM,0.6,1.25,4
high,120,0.7,0.875,169.5773,"High=120, Low=15",DILA,0.6,1.25,4
high,120,0.6333,0.95,154.312,"High=120, Low=15",Control,0.6,1.5,4
high,120,0.6111,0.9167,161.6951,"High=120, Low=15",DIR,0.6,1.5,4
high,120,0.6444,0.9667,170.2322,"High=120, Low=15",BSAM,0.6,1.5,4
high,120,0.6167,0.925,169.5773,"High=120, Low=15",DILA,0.6,1.5,4
high,120,0.5619,0.9833,154.312,"High=120, Low=15",Control,0.6,1.75,4
high,120,0.5524,0.9667,161.6951,"High=120, Low=15",DIR,0.6,1.75,4
high,120,0.5667,0.9917,170.2322,"High=120, Low=15",BSAM,0.6,1.75,4
high,120,0.5524,0.9667,169.5773,"High=120, Low=15",DILA,0.6,1.75,4
high,120,0.5,1.0,154.312,"High=120, Low=15",Control,0.6,2.0,4
high,120,0.4958,0.9917,161.6951,"High=120, Low=15",DIR,0.6,2.0,4
high,120,0.4958,0.9917,170.2322,"High=120, Low=15",BSAM,0.6,2.0,4
high,120,0.4917,0.9833,169.5773,"High=120, Low=15",DILA,0.6,2.0,4
high,120,0.4444,1.0,154.312,"High=120, Low=15",Control,0.6,2.25,4
high,120,0.4407,0.9917,161.6951,"High=120, Low=15",DIR,0.6,2.25,4
high,120,0.4407,0.9917,170.2322,"High=120, Low=15",BSAM,0.6,2.25,4
high,120,0.4407,0.9917,169.5773,"High=120, Low=15",DILA,0.6,2.25,4
high,120,0.4,1.0,154.312,"High=120, Low=15",Control,0.6,2.5,4
high,120,0.3967,0.9917,161.6951,"High=120, Low=15",DIR,0.6,2.5,4
high,120,0.3967,0.9917,170.2322,"High=120, Low=15",BSAM,0.6,2.5,4
high,120,0.3967,0.9917,169.5773,"High=120, Low=15",DILA,0.6,2.5,4
high,120,0.3636,1.0,154.312,"High=120, Low=15",Control,0.6,2.75,4
high,120,0.3606,0.9917,161.6951,"High=120, Low=15",DIR,0.6,2.75,4
high,120,0.3636,1.0,170.2322,"High=120, Low=15",BSAM,0.6,2.75,4
high,120,0.3606,0.9917,169.5773,"High=120, Low=15",DILA,0.6,2.75,4
high,120,0.3333,1.0,154.312,"High=120, Low=15",Control,0.6,3.0,4
high,120,0.3306,0.9917,161.6951,"High=120, Low=15",DIR,0.6,3.0,4
high,120,0.3333,1.0,170.2322,"High=120, Low=15",BSAM,0.6,3.0,4
high,120,0.3306,0.9917,169.5773,"High=120, Low=15",DILA,0.6,3.0,4
high,105,1.0,0.5048,162.6089,"High=105, Low=0",Control,0.65,0.5,4
high,105,1.0,0.5048,169.6179,"High=105, Low=0",DIR,0.65,0.5,4
high,105,1.0,0.5048,179.8877,"High=105, Low=0",BSAM,0.65,0.5,4
high,105,1.0,0.5048,180.638,"High=105, Low=0",DILA,0.65,0.5,4
high,105,0.962,0.7238,162.6089,"High=105, Low=0",Control,0.65,0.75,4
high,105,0.9494,0.7143,169.6179,"High=105, Low=0",DIR,0.65,0.75,4
high,105,0.9367,0.7048,179.8877,"High=105, Low=0",BSAM,0.65,0.75,4
high,105,0.9873,0.7429,180.638,"High=105, Low=0",DILA,0.65,0.75,4
high,105,0.8667,0.8667,162.6089,"High=105, Low=0",Control,0.65,1.0,4
high,105,0.8571,0.8571,169.6179,"High=105, Low=0",DIR,0.65,1.0,4
high,105,0.8952,0.8952,179.8877,"High=105, Low=0",BSAM,0.65,1.0,4
high,105,0.8952,0.8952,180.638,"High=105, Low=0",DILA,0.65,1.0,4
high,105,0.7424,0.9333,162.6089,"High=105, Low=0",Control,0.65,1.25,4
high,105,0.7652,0.9619,169.6179,"High=105, Low=0",DIR,0.65,1.25,4
high,105,0.7727,0.9714,179.8877,"High=105, Low=0",BSAM,0.65,1.25,4
high,105,0.7424,0.9333,180.638,"High=105, Low=0",DILA,0.65,1.25,4
high,105,0.6519,0.981,162.6089,"High=105, Low=0",Control,0.65,1.5,4
high,105,0.6456,0.9714,169.6179,"High=105, Low=0",DIR,0.65,1.5,4
high,105,0.6582,0.9905,179.8877,"High=105, Low=0",BSAM,0.65,1.5,4
high,105,0.6392,0.9619,180.638,"High=105, Low=0",DILA,0.65,1.5,4
high,105,0.5652,0.9905,162.6089,"High=105, Low=0",Control,0.65,1.75,4
high,105,0.5543,0.9714,169.6179,"High=105, Low=0",DIR,0.65,1.75,4
high,105,0.5652,0.9905,179.8877,"High=105, Low=0",BSAM,0.65,1.75,4
high,105,0.5598,0.981,180.638,"High=105, Low=0",DILA,0.65,1.75,4
high,105,0.5,1.0,162.6089,"High=105, Low=0",Control,0.65,2.0,4
high,105,0.4952,0.9905,169.6179,"High=105, Low=0",DIR,0.65,2.0,4
high,105,0.4952,0.9905,179.8877,"High=105, Low=0",BSAM,0.65,2.0,4
high,105,0.4905,0.981,180.638,"High=105, Low=0",DILA,0.65,2.0,4
high,105,0.443,1.0,162.6089,"High=105, Low=0",Control,0.65,2.25,4
high,105,0.4388,0.9905,169.6179,"High=105, Low=0",DIR,0.65,2.25,4
high,105,0.4388,0.9905,179.8877,"High=105, Low=0",BSAM,0.65,2.25,4
high,105,0.4346,0.981,180.638,"High=105, Low=0",DILA,0.65,2.25,4
high,105,0.3992,1.0,162.6089,"High=105, Low=0",Control,0.65,2.5,4
high,105,0.3954,0.9905,169.6179,"High=105, Low=0",DIR,0.65,2.5,4
high,105,0.3954,0.9905,179.8877,"High=105, Low=0",BSAM,0.65,2.5,4
high,105,0.3954,0.9905,180.638,"High=105, Low=0",DILA,0.65,2.5,4
high,105,0.3633,1.0,162.6089,"High=105, Low=0",Control,0.65,2.75,4
high,105,0.3599,0.9905,169.6179,"High=105, Low=0",DIR,0.65,2.75,4
high,105,0.3599,0.9905,179.8877,"High=105, Low=0",BSAM,0.65,2.75,4
high,105,0.3599,0.9905,180.638,"High=105, Low=0",DILA,0.65,2.75,4
high,105,0.3333,1.0,162.6089,"High=105, Low=0",Control,0.65,3.0,4
high,105,0.3302,0.9905,169.6179,"High=105, Low=0",DIR,0.65,3.0,4
high,105,0.3333,1.0,179.8877,"High=105, Low=0",BSAM,0.65,3.0,4
high,105,0.3302,0.9905,180.638,"High=105, Low=0",DILA,0.65,3.0,4
high,95,1.0,0.5053,171.9272,"High=95, Low=0",Control,0.7,0.5,4
high,95,1.0,0.5053,182.2093,"High=95, Low=0",DIR,0.7,0.5,4
high,95,1.0,0.5053,193.027,"High=95, Low=0",BSAM,0.7,0.5,4
high,95,1.0,0.5053,191.1031,"High=95, Low=0",DILA,0.7,0.5,4
high,95,0.9861,0.7474,171.9272,"High=95, Low=0",Control,0.7,0.75,4
high,95,0.9722,0.7368,182.2093,"High=95, Low=0",DIR,0.7,0.75,4
high,95,0.9583,0.7263,193.027,"High=95, Low=0",BSAM,0.7,0.75,4
high,95,0.9722,0.7368,191.1031,"High=95, Low=0",DILA,0.7,0.75,4
high,95,0.8842,0.8842,171.9272,"High=95, Low=0",Control,0.7,1.0,4
high,95,0.8632,0.8632,182.2093,"High=95, Low=0",DIR,0.7,1.0,4
high,95,0.8632,0.8632,193.027,"High=95, Low=0",BSAM,0.7,1.0,4
high,95,0.8947,0.8947,191.1031,"High=95, Low=0",DILA,0.7,1.0,4
high,95,0.7731,0.9684,171.9272,"High=95, Low=0",Control,0.7,1.25,4
high,95,0.7563,0.9474,182.2093,"High=95, Low=0",DIR,0.7,1.25,4
high,95,0.7731,0.9684,193.027,"High=95, Low=0",BSAM,0.7,1.25,4
high,95,0.7563,0.9474,191.1031,"High=95, Low=0",DILA,0.7,1.25,4
high,95,0.6573,0.9895,171.9272,"High=95, Low=0",Control,0.7,1.5,4
high,95,0.6503,0.9789,182.2093,"High=95, Low=0",DIR,0.7,1.5,4
high,95,0.6503,0.9789,193.027,"High=95, Low=0",BSAM,0.7,1.5,4
high,95,0.6503,0.9789,191.1031,"High=95, Low=0",DILA,0.7,1.5,4
high,95,0.5689,1.0,171.9272,"High=95, Low=0",Control,0.7,1.75,4
high,95,0.5569,0.9789,182.2093,"High=95, Low=0",DIR,0.7,1.75,4
high,95,0.5629,0.9895,193.027,"High=95, Low=0",BSAM,0.7,1.75,4
high,95,0.5629,0.9895,191.1031,"High=95, Low=0",DILA,0.7,1.75,4
high,95,0.5,1.0,171.9272,"High=95, Low=0",Control,0.7,2.0,4
high,95,0.4947,0.9895,182.2093,"High=95, Low=0",DIR,0.7,2.0,4
high,95,0.4947,0.9895,193.027,"High=95, Low=0",BSAM,0.7,2.0,4
high,95,0.4947,0.9895,191.1031,"High=95, Low=0",DILA,0.7,2.0,4
high,95,0.4439,1.0,171.9272,"High=95, Low=0",Control,0.7,2.25,4
high,95,0.4393,0.9895,182.2093,"High=95, Low=0",DIR,0.7,2.25,4
high,95,0.4393,0.9895,193.027,"High=95, Low=0",BSAM,0.7,2.25,4
high,95,0.4393,0.9895,191.1031,"High=95, Low=0",DILA,0.7,2.25,4
high,95,0.3992,1.0,171.9272,"High=95, Low=0",Control,0.7,2.5,4
high,95,0.395,0.9895,182.2093,"High=95, Low=0",DIR,0.7,2.5,4
high,95,0.395,0.9895,193.027,"High=95, Low=0",BSAM,0.7,2.5,4
high,95,0.395,0.9895,191.1031,"High=95, Low=0",DILA,0.7,2.5,4
high,95,0.3626,1.0,171.9272,"High=95, Low=0",Control,0.7,2.75,4
high,95,0.3588,0.9895,182.2093,"High=95, Low=0",DIR,0.7,2.75,4
high,95,0.3588,0.9895,193.027,"High=95, Low=0",BSAM,0.7,2.75,4
high,95,0.3588,0.9895,191.1031,"High=95, Low=0",DILA,0.7,2.75,4
high,95,0.3333,1.0,171.9272,"High=95, Low=0",Control,0.7,3.0,4
high,95,0.3298,0.9895,182.2093,"High=95, Low=0",DIR,0.7,3.0,4
high,95,0.3298,0.9895,193.027,"High=95, Low=0",BSAM,0.7,3.0,4
high,95,0.3298,0.9895,191.1031,"High=95, Low=0",DILA,0.7,3.0,4
high,85,1.0,0.5059,183.9657,"High=85, Low=0",Control,0.75,0.5,4
high,85,1.0,0.5059,192.691,"High=85, Low=0",DIR,0.75,0.5,4
high,85,1.0,0.5059,204.1489,"High=85, Low=0",BSAM,0.75,0.5,4
high,85,1.0,0.5059,204.7514,"High=85, Low=0",DILA,0.75,0.5,4
high,85,1.0,0.7529,183.9657,"High=85, Low=0",Control,0.75,0.75,4
high,85,1.0,0.7529,192.691,"High=85, Low=0",DIR,0.75,0.75,4
high,85,0.9844,0.7412,204.1489,"High=85, Low=0",BSAM,0.75,0.75,4
high,85,1.0,0.7529,204.7514,"High=85, Low=0",DILA,0.75,0.75,4
high,85,0.8824,0.8824,183.9657,"High=85, Low=0",Control,0.75,1.0,4
high,85,0.9059,0.9059,192.691,"High=85, Low=0",DIR,0.75,1.0,4
high,85,0.8824,0.8824,204.1489,"High=85, Low=0",BSAM,0.75,1.0,4
high,85,0.9176,0.9176,204.7514,"High=85, Low=0",DILA,0.75,1.0,4
high,85,0.757,0.9529,183.9657,"High=85, Low=0",Control,0.75,1.25,4
high,85,0.7477,0.9412,192.691,"High=85, Low=0",DIR,0.75,1.25,4
high,85,0.7664,0.9647,204.1489,"High=85, Low=0",BSAM,0.75,1.25,4
high,85,0.7757,0.9765,204.7514,"High=85, Low=0",DILA,0.75,1.25,4
high,85,0.6562,0.9882,183.9657,"High=85, Low=0",Control,0.75,1.5,4
high,85,0.6562,0.9882,192.691,"High=85, Low=0",DIR,0.75,1.5,4
high,85,0.6562,0.9882,204.1489,"High=85, Low=0",BSAM,0.75,1.5,4
high,85,0.6562,0.9882,204.7514,"High=85, Low=0",DILA,0.75,1.5,4
high,85,0.5705,1.0,183.9657,"High=85, Low=0",Control,0.75,1.75,4
high,85,0.5638,0.9882,192.691,"High=85, Low=0",DIR,0.75,1.75,4
high,85,0.5638,0.9882,204.1489,"High=85, Low=0",BSAM,0.75,1.75,4
high,85,0.5638,0.9882,204.7514,"High=85, Low=0",DILA,0.75,1.75,4
high,85,0.5,1.0,183.9657,"High=85, Low=0",Control,0.75,2.0,4
high,85,0.4941,0.9882,192.691,"High=85, Low=0",DIR,0.75,2.0,4
high,85,0.4941,0.9882,204.1489,"High=85, Low=0",BSAM,0.75,2.0,4
high,85,0.4941,0.9882,204.7514,"High=85, Low=0",DILA,0.75,2.0,4
high,85,0.4427,1.0,183.9657,"High=85, Low=0",Control,0.75,2.25,4
high,85,0.4375,0.9882,192.691,"High=85, Low=0",DIR,0.75,2.25,4
high,85,0.4375,0.9882,204.1489,"High=85, Low=0",BSAM,0.75,2.25,4
high,85,0.4375,0.9882,204.7514,"High=85, Low=0",DILA,0.75,2.25,4
high,85,0.3991,1.0,183.9657,"High=85, Low=0",Control,0.75,2.5,4
high,85,0.3944,0.9882,192.691,"High=85, Low=0",DIR,0.75,2.5,4
high,85,0.3944,0.9882,204.1489,"High=85, Low=0",BSAM,0.75,2.5,4
high,85,0.3944,0.9882,204.7514,"High=85, Low=0",DILA,0.75,2.5,4
high,85,0.3632,1.0,183.9657,"High=85, Low=0",Control,0.75,2.75,4
high,85,0.359,0.9882,192.691,"High=85, Low=0",DIR,0.75,2.75,4
high,85,0.359,0.9882,204.1489,"High=85, Low=0",BSAM,0.75,2.75,4
high,85,0.359,0.9882,204.7514,"High=85, Low=0",DILA,0.75,2.75,4
high,85,0.3333,1.0,183.9657,"High=85, Low=0",Control,0.75,3.0,4
high,85,0.3294,0.9882,192.691,"High=85, Low=0",DIR,0.75,3.0,4
high,85,0.3294,0.9882,204.1489,"High=85, Low=0",BSAM,0.75,3.0,4
high,85,0.3294,0.9882,204.7514,"High=85, Low=0",DILA,0.75,3.0,4
high,75,1.0,0.5067,202.2406,"High=75, Low=0",Control,0.8,0.5,4
high,75,1.0,0.5067,215.2444,"High=75, Low=0",DIR,0.8,0.5,4
high,75,1.0,0.5067,225.2214,"High=75, Low=0",BSAM,0.8,0.5,4
high,75,1.0,0.5067,223.5864,"High=75, Low=0",DILA,0.8,0.5,4
high,75,1.0,0.76,202.2406,"High=75, Low=0",Control,0.8,0.75,4
high,75,1.0,0.76,215.2444,"High=75, Low=0",DIR,0.8,0.75,4
high,75,1.0,0.76,225.2214,"High=75, Low=0",BSAM,0.8,0.75,4
high,75,1.0,0.76,223.5864,"High=75, Low=0",DILA,0.8,0.75,4
high,75,0.8933,0.8933,202.2406,"High=75, Low=0",Control,0.8,1.0,4
high,75,0.8667,0.8667,215.2444,"High=75, Low=0",DIR,0.8,1.0,4
high,75,0.88,0.88,225.2214,"High=75, Low=0",BSAM,0.8,1.0,4
high,75,0.8933,0.8933,223.5864,"High=75, Low=0",DILA,0.8,1.0,4
high,75,0.7128,0.8933,202.2406,"High=75, Low=0",Control,0.8,1.25,4
high,75,0.7234,0.9067,215.2444,"High=75, Low=0",DIR,0.8,1.25,4
high,75,0.734,0.92,225.2214,"High=75, Low=0",BSAM,0.8,1.25,4
high,75,0.7553,0.9467,223.5864,"High=75, Low=0",DILA,0.8,1.25,4
high,75,0.6372,0.96,202.2406,"High=75, Low=0",Control,0.8,1.5,4
high,75,0.6372,0.96,215.2444,"High=75, Low=0",DIR,0.8,1.5,4
high,75,0.646,0.9733,225.2214,"High=75, Low=0",BSAM,0.8,1.5,4
high,75,0.646,0.9733,223.5864,"High=75, Low=0",DILA,0.8,1.5,4
high,75,0.5682,1.0,202.2406,"High=75, Low=0",Control,0.8,1.75,4
high,75,0.5606,0.9867,215.2444,"High=75, Low=0",DIR,0.8,1.75,4
high,75,0.5606,0.9867,225.2214,"High=75, Low=0",BSAM,0.8,1.75,4
high,75,0.5606,0.9867,223.5864,"High=75, Low=0",DILA,0.8,1.75,4
high,75,0.5,1.0,202.2406,"High=75, Low=0",Control,0.8,2.0,4
high,75,0.4933,0.9867,215.2444,"High=75, Low=0",DIR,0.8,2.0,4
high,75,0.4933,0.9867,225.2214,"High=75, Low=0",BSAM,0.8,2.0,4
high,75,0.4933,0.9867,223.5864,"High=75, Low=0",DILA,0.8,2.0,4
high,75,0.4438,1.0,202.2406,"High=75, Low=0",Control,0.8,2.25,4
high,75,0.4379,0.9867,215.2444,"High=75, Low=0",DIR,0.8,2.25,4
high,75,0.4379,0.9867,225.2214,"High=75, Low=0",BSAM,0.8,2.25,4
high,75,0.4379,0.9867,223.5864,"High=75, Low=0",DILA,0.8,2.25,4
high,75,0.3989,1.0,202.2406,"High=75, Low=0",Control,0.8,2.5,4
high,75,0.3936,0.9867,215.2444,"High=75, Low=0",DIR,0.8,2.5,4
high,75,0.3936,0.9867,225.2214,"High=75, Low=0",BSAM,0.8,2.5,4
high,75,0.3936,0.9867,223.5864,"High=75, Low=0",DILA,0.8,2.5,4
high,75,0.3623,1.0,202.2406,"High=75, Low=0",Control,0.8,2.75,4
high,75,0.3575,0.9867,215.2444,"High=75, Low=0",DIR,0.8,2.75,4
high,75,0.3575,0.9867,225.2214,"High=75, Low=0",BSAM,0.8,2.75,4
high,75,0.3575,0.9867,223.5864,"High=75, Low=0",DILA,0.8,2.75,4
high,75,0.3333,1.0,202.2406,"High=75, Low=0",Control,0.8,3.0,4
high,75,0.3289,0.9867,215.2444,"High=75, Low=0",DIR,0.8,3.0,4
high,75,0.3289,0.9867,225.2214,"High=75, Low=0",BSAM,0.8,3.0,4
high,75,0.3289,0.9867,223.5864,"High=75, Low=0",DILA,0.8,3.0,4
high,55,0.9643,0.4909,224.6282,"High=55, Low=0",Control,0.8500000000000001,0.5,4
high,55,1.0,0.5091,238.7855,"High=55, Low=0",DIR,0.8500000000000001,0.5,4
high,55,0.9286,0.4727,250.4581,"High=55, Low=0",BSAM,0.8500000000000001,0.5,4
high,55,0.9286,0.4727,242.4186,"High=55, Low=0",DILA,0.8500000000000001,0.5,4
high,55,0.9286,0.7091,224.6282,"High=55, Low=0",Control,0.8500000000000001,0.75,4
high,55,0.9286,0.7091,238.7855,"High=55, Low=0",DIR,0.8500000000000001,0.75,4
high,55,0.9048,0.6909,250.4581,"High=55, Low=0",BSAM,0.8500000000000001,0.75,4
high,55,0.8571,0.6545,242.4186,"High=55, Low=0",DILA,0.8500000000000001,0.75,4
high,55,0.8909,0.8909,224.6282,"High=55, Low=0",Control,0.8500000000000001,1.0,4
high,55,0.9273,0.9273,238.7855,"High=55, Low=0",DIR,0.8500000000000001,1.0,4
high,55,0.9273,0.9273,250.4581,"High=55, Low=0",BSAM,0.8500000000000001,1.0,4
high,55,0.8909,0.8909,242.4186,"High=55, Low=0",DILA,0.8500000000000001,1.0,4
high,55,0.7971,1.0,224.6282,"High=55, Low=0",Control,0.8500000000000001,1.25,4
high,55,0.7971,1.0,238.7855,"High=55, Low=0",DIR,0.8500000000000001,1.25,4
high,55,0.7971,1.0,250.4581,"High=55, Low=0",BSAM,0.8500000000000001,1.25,4
high,55,0.7971,1.0,242.4186,"High=55, Low=0",DILA,0.8500000000000001,1.25,4
high,55,0.6627,1.0,224.6282,"High=55, Low=0",Control,0.8500000000000001,1.5,4
high,55,0.6627,1.0,238.7855,"High=55, Low=0",DIR,0.8500000000000001,1.5,4
high,55,0.6627,1.0,250.4581,"High=55, Low=0",BSAM,0.8500000000000001,1.5,4
high,55,0.6627,1.0,242.4186,"High=55, Low=0",DILA,0.8500000000000001,1.5,4
high,55,0.567,1.0,224.6282,"High=55, Low=0",Control,0.8500000000000001,1.75,4
high,55,0.567,1.0,238.7855,"High=55, Low=0",DIR,0.8500000000000001,1.75,4
high,55,0.567,1.0,250.4581,"High=55, Low=0",BSAM,0.8500000000000001,1.75,4
high,55,0.567,1.0,242.4186,"High=55, Low=0",DILA,0.8500000000000001,1.75,4
high,55,0.5,1.0,224.6282,"High=55, Low=0",Control,0.8500000000000001,2.0,4
high,55,0.5,1.0,238.7855,"High=55, Low=0",DIR,0.8500000000000001,2.0,4
high,55,0.5,1.0,250.4581,"High=55, Low=0",BSAM,0.8500000000000001,2.0,4
high,55,0.5,1.0,242.4186,"High=55, Low=0",DILA,0.8500000000000001,2.0,4
high,55,0.4435,1.0,224.6282,"High=55, Low=0",Control,0.8500000000000001,2.25,4
high,55,0.4435,1.0,238.7855,"High=55, Low=0",DIR,0.8500000000000001,2.25,4
high,55,0.4435,1.0,250.4581,"High=55, Low=0",BSAM,0.8500000000000001,2.25,4
high,55,0.4435,1.0,242.4186,"High=55, Low=0",DILA,0.8500000000000001,2.25,4
high,55,0.3986,1.0,224.6282,"High=55, Low=0",Control,0.8500000000000001,2.5,4
high,55,0.3986,1.0,238.7855,"High=55, Low=0",DIR,0.8500000000000001,2.5,4
high,55,0.3986,1.0,250.4581,"High=55, Low=0",BSAM,0.8500000000000001,2.5,4
high,55,0.3986,1.0,242.4186,"High=55, Low=0",DILA,0.8500000000000001,2.5,4
high,55,0.3618,1.0,224.6282,"High=55, Low=0",Control,0.8500000000000001,2.75,4
high,55,0.3618,1.0,238.7855,"High=55, Low=0",DIR,0.8500000000000001,2.75,4
high,55,0.3618,1.0,250.4581,"High=55, Low=0",BSAM,0.8500000000000001,2.75,4
high,55,0.3618,1.0,242.4186,"High=55, Low=0",DILA,0.8500000000000001,2.75,4
high,55,0.3333,1.0,224.6282,"High=55, Low=0",Control,0.8500000000000001,3.0,4
high,55,0.3333,1.0,238.7855,"High=55, Low=0",DIR,0.8500000000000001,3.0,4
high,55,0.3333,1.0,250.4581,"High=55, Low=0",BSAM,0.8500000000000001,3.0,4
high,55,0.3333,1.0,242.4186,"High=55, Low=0",DILA,0.8500000000000001,3.0,4
high,30,1.0,0.5,307.1076,"High=30, Low=0",Control,0.9,0.5,4
high,30,1.0,0.5,320.7067,"High=30, Low=0",DIR,0.9,0.5,4
high,30,1.0,0.5,365.7875,"High=30, Low=0",BSAM,0.9,0.5,4
high,30,1.0,0.5,337.4918,"High=30, Low=0",DILA,0.9,0.5,4
high,30,0.8696,0.6667,307.1076,"High=30, Low=0",Control,0.9,0.75,4
high,30,0.8696,0.6667,320.7067,"High=30, Low=0",DIR,0.9,0.75,4
high,30,0.8696,0.6667,365.7875,"High=30, Low=0",BSAM,0.9,0.75,4
high,30,0.8696,0.6667,337.4918,"High=30, Low=0",DILA,0.9,0.75,4
high,30,0.6667,0.6667,307.1076,"High=30, Low=0",Control,0.9,1.0,4
high,30,0.6667,0.6667,320.7067,"High=30, Low=0",DIR,0.9,1.0,4
high,30,0.7,0.7,365.7875,"High=30, Low=0",BSAM,0.9,1.0,4
high,30,0.7333,0.7333,337.4918,"High=30, Low=0",DILA,0.9,1.0,4
high,30,0.6316,0.8,307.1076,"High=30, Low=0",Control,0.9,1.25,4
high,30,0.6579,0.8333,320.7067,"High=30, Low=0",DIR,0.9,1.25,4
high,30,0.6579,0.8333,365.7875,"High=30, Low=0",BSAM,0.9,1.25,4
high,30,0.6316,0.8,337.4918,"High=30, Low=0",DILA,0.9,1.25,4
high,30,0.6222,0.9333,307.1076,"High=30, Low=0",Control,0.9,1.5,4
high,30,0.6222,0.9333,320.7067,"High=30, Low=0",DIR,0.9,1.5,4
high,30,0.6222,0.9333,365.7875,"High=30, Low=0",BSAM,0.9,1.5,4
high,30,0.5778,0.8667,337.4918,"High=30, Low=0",DILA,0.9,1.5,4
high,30,0.5472,0.9667,307.1076,"High=30, Low=0",Control,0.9,1.75,4
high,30,0.566,1.0,320.7067,"High=30, Low=0",DIR,0.9,1.75,4
high,30,0.566,1.0,365.7875,"High=30, Low=0",BSAM,0.9,1.75,4
high,30,0.566,1.0,337.4918,"High=30, Low=0",DILA,0.9,1.75,4
high,30,0.5,1.0,307.1076,"High=30, Low=0",Control,0.9,2.0,4
high,30,0.5,1.0,320.7067,"High=30, Low=0",DIR,0.9,2.0,4
high,30,0.5,1.0,365.7875,"High=30, Low=0",BSAM,0.9,2.0,4
high,30,0.5,1.0,337.4918,"High=30, Low=0",DILA,0.9,2.0,4
high,30,0.4412,1.0,307.1076,"High=30, Low=0",Control,0.9,2.25,4
high,30,0.4412,1.0,320.7067,"High=30, Low=0",DIR,0.9,2.25,4
high,30,0.4412,1.0,365.7875,"High=30, Low=0",BSAM,0.9,2.25,4
high,30,0.4412,1.0,337.4918,"High=30, Low=0",DILA,0.9,2.25,4
high,30,0.4,1.0,307.1076,"High=30, Low=0",Control,0.9,2.5,4
high,30,0.4,1.0,320.7067,"High=30, Low=0",DIR,0.9,2.5,4
high,30,0.4,1.0,365.7875,"High=30, Low=0",BSAM,0.9,2.5,4
high,30,0.4,1.0,337.4918,"High=30, Low=0",DILA,0.9,2.5,4
high,30,0.3614,1.0,307.1076,"High=30, Low=0",Control,0.9,2.75,4
high,30,0.3614,1.0,320.7067,"High=30, Low=0",DIR,0.9,2.75,4
high,30,0.3614,1.0,365.7875,"High=30, Low=0",BSAM,0.9,2.75,4
high,30,0.3614,1.0,337.4918,"High=30, Low=0",DILA,0.9,2.75,4
high,30,0.3333,1.0,307.1076,"High=30, Low=0",Control,0.9,3.0,4
high,30,0.3333,1.0,320.7067,"High=30, Low=0",DIR,0.9,3.0,4
high,30,0.3333,1.0,365.7875,"High=30, Low=0",BSAM,0.9,3.0,4
high,30,0.3333,1.0,337.4918,"High=30, Low=0",DILA,0.9,3.0,4
